no_of_dependents,education,self_employed,income_annum,loan_amount,loan_term,cibil_score,residential_assets_value,commercial_assets_value,luxury_assets_value,bank_asset_value
-0.8813112666136022,-0.999707217092246,0.9962004831192838,-0.5590717876575536,-0.7817639035054953,-0.15603567516480676,0.15807719625481753,-0.06392480838985296,0.11693146751160206,-0.8744651622714712,-0.6427180763525984
-0.8813112666136022,1.0002928686546901,0.9962004831192838,-1.0246153974609278,-1.102511223845485,-0.5056825456948688,-1.0433675616676261,-0.709292251717551,-1.1185771512825624,-1.1164292301608343,-0.8286698898608056
0.30360132216019775,1.0002928686546901,0.9962004831192838,0.08552705668557975,0.4791048730034298,-1.2049762867549931,-0.046051767469869484,0.8733945735860894,-0.0661068463838297,0.5113290447312444,0.9068803695491283
-1.473767561000502,-0.999707217092246,-1.0038140082695195,-0.7739380691052647,-0.5937396122717081,0.8929049364253795,-1.1891739643281167,-0.32514496402249266,-0.15762600333154558,-0.7204880281600584,-0.797677920942771
0.8960576165470977,-0.999707217092246,-1.0038140082695195,-0.2009613185780351,0.014574271131720584,-0.15603567516480676,1.423676771347877,0.8733945735860894,0.43724851682860766,-0.4785239602706953,-0.85966185877884
0.30360132216019775,-0.999707217092246,0.9962004831192838,1.0524253232002798,1.7731544067889056,1.5921986774855037,-1.2066707326473756,-0.03319302537424829,0.7804453553825422,0.09339110928598096,0.3180329601064722
-0.2888549722267022,1.0002928686546901,0.9962004831192838,1.2314805577400392,1.7399736495123548,0.5432580658953174,-0.5126322559834398,2.4253496158741252,-0.13474621409461662,0.7422947458983636,0.16307311551629952
0.8960576165470977,-0.999707217092246,-1.0038140082695195,0.013904962869676045,0.4016831060248116,-0.15603567516480676,0.5546706114913523,-0.17148604894446928,0.07117188903774412,-0.1815680587701134,-0.2708144493361839
0.8960576165470977,-0.999707217092246,-1.0038140082695195,1.3389136984638947,0.6118279021096324,1.2425518069554415,-0.34349682889727057,1.7953480640542294,-0.40930368493776426,0.7972865795095826,2.394494877614786
0.30360132216019775,-0.999707217092246,0.9962004831192838,0.8733700886605206,0.30214083419515964,-1.554623157285055,0.4730190260014775,-0.07929069989765529,1.558358189438127,1.0832441142879208,0.4110088668605758
0.8960576165470977,1.0002928686546901,-1.0038140082695195,-0.9529933036450241,-0.9476676898882486,-1.554623157285055,0.7179737824711019,-0.2175837234678763,-0.3864238957008353,-1.0504390298273716,-0.6117261074345638
-0.2888549722267022,1.0002928686546901,-1.0038140082695195,1.5895910268195577,1.131659766108926,0.8929049364253795,-0.8625676223686175,1.7646162810386248,-0.4779430526485512,2.0511003858453725,1.991599281680337
-1.473767561000502,-0.999707217092246,-1.0038140082695195,-0.8455601629211685,-0.8591856704841134,-0.15603567516480676,1.0445801244306012,-0.11002248291325996,-0.9584186266240595,-1.0504390298273716,-0.6737100452706329
-1.473767561000502,1.0002928686546901,-1.0038140082695195,1.5179689330036539,1.8505761737675237,-1.554623157285055,-1.5624383551389731,-0.06392480838985296,1.4210794540165534,0.9402653468987516,0.9378723384671629
-0.8813112666136022,1.0002928686546901,0.9962004831192838,0.6226927603048575,0.18047805751447388,-0.15603567516480676,0.7996253679609767,-0.8475852752877719,-0.5465824203593381,0.9512637136209954,0.19406508443433404
0.8960576165470977,-0.999707217092246,0.9962004831192838,-0.4158276000257462,-0.20663077737861715,1.5921986774855037,-0.8509031101557782,0.35095426232081006,-1.0270579943348466,-0.3135484594370387,-0.08486263582797675
-1.473767561000502,1.0002928686546901,-1.0038140082695195,1.5179689330036539,0.5454663875565311,-0.15603567516480676,0.8404511607059141,-0.41734031306930663,-0.7296207342547698,0.7422947458983636,2.6734225978770967
0.30360132216019775,-0.999707217092246,-1.0038140082695195,0.6226927603048575,0.7334906787903183,-0.15603567516480676,-0.25018073119455647,1.365103101835764,0.9863634585149029,0.43434047767553796,0.13208114659826498
0.8960576165470977,1.0002928686546901,-1.0038140082695195,1.3389136984638947,0.4348638633013623,-0.855329416224931,-0.07521304800196763,1.549493799929392,0.8719645123302581,0.5993159785091946,2.3015189708606822
0.30360132216019775,1.0002928686546901,-1.0038140082695195,1.1598584639241354,0.9878764845772066,0.5432580658953174,1.3070316492194844,-0.24831550648348097,-0.9812984158609885,0.973260447065483,0.8448964317130593
0.8960576165470977,1.0002928686546901,0.9962004831192838,0.40782647885714646,0.3463818438972272,-1.2049762867549931,1.7561153694137959,1.4419325593747758,-0.36354410646390634,0.016402542230274538,0.4420008357786103
-1.473767561000502,-0.999707217092246,-1.0038140082695195,1.016614276292328,0.8330329506199702,1.2425518069554415,-0.5301290243026987,-0.1407542659288646,0.4601283060655366,1.8091363179560098,1.2168000587294736
-0.8813112666136022,-0.999707217092246,0.9962004831192838,-0.5590717876575536,-0.8813061753351472,-1.554623157285055,1.5519864056891088,-0.524901553623923,-0.40930368493776426,-0.3575419263260138,-0.2398224804181494
-1.473767561000502,-0.999707217092246,-1.0038140082695195,-1.6692142418040612,-1.5449213208661605,-1.2049762867549931,0.9745930511535656,-1.0166100818735977,-1.0728175728087044,-1.5343671656060978,-1.4485092682214962
-0.2888549722267022,-0.999707217092246,0.9962004831192838,-0.2725834123939388,-0.3282935540593029,0.5432580658953174,0.700477014151843,-0.3712426385458996,-0.5465824203593381,-0.12657622515889452,0.22505705335236859
0.8960576165470977,1.0002928686546901,-1.0038140082695195,-0.23677236548598696,-0.5937396122717081,1.2425518069554415,0.7762963435352982,-0.7861217092565627,-0.592341998833196,-0.00559419121421301,-0.17783854258208034
-0.8813112666136022,-0.999707217092246,0.9962004831192838,0.013904962869676045,0.014574271131720584,-1.2049762867549931,0.1697417084676568,-0.09465659140545762,-0.3864238957008353,0.2693649768418814,-0.7047020141886674
-0.8813112666136022,1.0002928686546901,0.9962004831192838,-0.16515027167008323,-0.5605588549951576,-1.2049762867549931,0.1114191474034605,-0.8168534922721673,-1.1185771512825624,-0.24755825910357607,-0.2088305115001149
0.30360132216019775,-0.999707217092246,-1.0038140082695195,-0.5590717876575536,-0.20663077737861715,-1.2049762867549931,1.1612252465589936,-0.017827133866445955,0.07117188903774412,-0.33554519288152623,-0.42577429392635663
-0.8813112666136022,-0.999707217092246,0.9962004831192838,0.15714915050148345,0.5012253778544636,-0.15603567516480676,-1.673251221160946,0.81193100755488,-0.043227057146900734,0.47833394456451306,-0.5187502006804602
-0.8813112666136022,1.0002928686546901,0.9962004831192838,-0.5948828345655055,-0.8813061753351472,-0.5056825456948688,0.8287866484930748,-0.4941697706083183,0.3686091491178207,-0.4015353932149889,-0.332798387172253
0.30360132216019775,-0.999707217092246,-1.0038140082695195,-0.9888043505529759,-1.0582702141434175,1.2425518069554415,-1.0433675616676261,-0.9551465158423883,-1.0041782050979176,-0.9294569958826902,-0.8906538276968746
-0.8813112666136022,-0.999707217092246,0.9962004831192838,-1.3827258665404463,-1.1578124859730694,-1.554623157285055,0.39719969661802235,-0.9858782988579929,-1.0728175728087044,-1.2044161639387845,-1.2935494236313236
1.4885139109339978,1.0002928686546901,-1.0038140082695195,1.1598584639241354,0.8772739603220377,-1.2049762867549931,-0.8159095735172606,-0.3097790725146903,2.1303529203613514,1.457188582844209,0.16307311551629952
-1.473767561000502,-0.999707217092246,0.9962004831192838,-0.09352817785417952,-0.18451027252758337,-0.15603567516480676,-1.6324254284160087,-0.11002248291325996,0.7575655661456132,-0.15957132532562585,0.03910523984416139
-1.473767561000502,-0.999707217092246,0.9962004831192838,-0.48744969384164993,-0.7375228938034277,-0.5056825456948688,-1.0200385372419476,-0.8629511667955743,0.13981125674853104,-0.038589291380944336,-0.2708144493361839
-0.2888549722267022,-0.999707217092246,-1.0038140082695195,0.6226927603048575,0.6671291642372169,0.8929049364253795,-0.9325546956456531,1.4726643423903805,-0.0661068463838297,0.8962718800097765,-0.42577429392635663
-0.2888549722267022,1.0002928686546901,0.9962004831192838,0.08552705668557975,-0.317233301633786,0.5432580658953174,-0.7400902441338053,0.3816860453364147,-0.7753803127286277,0.5773192450647071,-0.5187502006804602
0.8960576165470977,-0.999707217092246,0.9962004831192838,-0.8813712098291203,-0.6379806219737757,1.2425518069554415,-0.6875999391760287,-0.7400240347331556,-0.13474621409461662,-0.7204880281600584,-0.797677920942771
-1.473767561000502,-0.999707217092246,0.9962004831192838,-0.6306938814734574,-0.6822216316758433,1.2425518069554415,0.9046059778765301,-0.2175837234678763,-0.24914516027926148,-0.9074602624382025,-0.08486263582797675
-1.473767561000502,1.0002928686546901,0.9962004831192838,-1.5259700541722538,-1.4121982917599578,-1.2049762867549931,-0.4718064632385024,-1.078073647904807,-0.9584186266240595,-1.3583932980501974,-1.3865253303854272
0.8960576165470977,-0.999707217092246,-1.0038140082695195,-0.9171822567370722,-1.0803907189944513,-0.15603567516480676,-0.04021951136344985,-0.6324627941785393,-0.7982601019655567,-0.5775092607708893,-0.6427180763525984
0.30360132216019775,-0.999707217092246,0.9962004831192838,-0.09352817785417952,-0.5605588549951576,-1.2049762867549931,-1.3466448792014467,0.2433930217661937,0.025412310563886178,0.14838294289719983,-0.45676626284439115
-1.473767561000502,1.0002928686546901,0.9962004831192838,0.6943148541207613,0.6339484069606662,1.5921986774855037,-1.2766578059244111,0.6582720924768567,1.3295602970688374,0.6543078121204134,0.38001689794254123
-0.8813112666136022,-0.999707217092246,0.9962004831192838,-1.0604264443688796,-0.8260049132075628,0.8929049364253795,-1.5857673795646516,-0.38660853005370194,-1.0270579943348466,-1.1494243303275655,-0.8286698898608056
-0.2888549722267022,1.0002928686546901,0.9962004831192838,-1.2036706320006871,-1.1135714762710018,1.2425518069554415,-1.6207609162031693,-0.8475852752877719,-0.5008228418854801,-1.1054308634385905,-1.0766056412050817
-0.2888549722267022,-0.999707217092246,0.9962004831192838,-0.8455601629211685,-0.6269203695482588,-0.15603567516480676,-0.9617159761777513,-0.7400240347331556,-0.7982601019655567,-0.7754798617712773,-0.9836297344509782
-0.8813112666136022,-0.999707217092246,0.9962004831192838,-1.1678595850927351,-0.9808484471647992,0.19361119536525534,0.8754446973444319,-0.5095356621161207,-1.0956973620456334,-1.2484096308277595,-0.7047020141886674
-0.8813112666136022,1.0002928686546901,-1.0038140082695195,0.7301259010287131,0.9215149700241053,0.19361119536525534,0.9862575633664049,-0.17148604894446928,1.6269975571489141,0.7972865795095826,0.7209285560409211
1.4885139109339978,1.0002928686546901,-1.0038140082695195,0.4794485726730502,0.7887919409179026,0.19361119536525534,1.0329156122177618,-1.078073647904807,0.940603880041045,0.9842588137877267,0.2560490222704031
-1.473767561000502,1.0002928686546901,-1.0038140082695195,-0.738127022197313,-0.9587279423137655,-1.554623157285055,0.07642561076494273,0.19729534724278672,-0.36354410646390634,-0.9294569958826902,-1.0146217033690128
-1.473767561000502,-0.999707217092246,-1.0038140082695195,0.8733700886605206,1.0984790088323755,0.5432580658953174,1.6219734789661444,2.0719341111946714,1.4668390324904113,0.19237640978617493,1.7746554992540953
-1.473767561000502,-0.999707217092246,-1.0038140082695195,-1.0962374912768316,-0.9919086995903161,0.5432580658953174,0.08225786687136236,-1.1395372139360163,-0.7296207342547698,-1.072435763271859,-1.1385895790411509
1.4885139109339978,-0.999707217092246,0.9962004831192838,-1.5259700541722538,-1.4785598063130592,-0.5056825456948688,1.645302503391823,-1.1088054309204116,-0.8897792589132726,-1.3803900314946849,-1.4175172993034617
0.8960576165470977,-0.999707217092246,0.9962004831192838,-0.021906084038275812,0.4901651254289467,1.2425518069554415,0.0705933546585231,0.904126356601694,-0.13474621409461662,-0.08258275826991944,-0.11585460474601128
0.30360132216019775,1.0002928686546901,-1.0038140082695195,0.15714915050148345,0.11411654296137257,1.2425518069554415,1.0445801244306012,-0.43270620457710895,1.3066805078319086,0.016402542230274538,0.3490249290245067
1.4885139109339978,-0.999707217092246,0.9962004831192838,-1.2752927258165907,-1.1356919811220356,-0.855329416224931,0.1114191474034605,-0.6324627941785393,-0.9126590481502016,-1.3143998311612222,-1.262557454713289
-0.8813112666136022,-0.999707217092246,-1.0038140082695195,-1.3827258665404463,-1.301595767504789,1.5921986774855037,0.6888125019390038,-0.6785604687019463,-0.7982601019655567,-1.3913883982169286,-1.262557454713289
0.8960576165470977,1.0002928686546901,-1.0038140082695195,-0.4516386469336981,-0.029666738570346962,1.5921986774855037,-0.996709512816269,-0.15612015743666696,-0.3406643172269774,-0.3245468261592825,-0.7666859520247364
0.30360132216019775,1.0002928686546901,-1.0038140082695195,-0.6665049283814092,-0.6601011268248095,0.5432580658953174,-0.9092256712199746,-0.6478286856863417,-0.8897792589132726,-0.8744651622714712,-0.14684657366404583
1.4885139109339978,-0.999707217092246,-1.0038140082695195,0.515259619581002,0.0919960381103388,0.5432580658953174,-0.903393415113555,-0.9858782988579929,0.6660464091978974,0.8742751465652889,0.9068803695491283
1.4885139109339978,-0.999707217092246,-1.0038140082695195,0.4436375257650983,0.5897073972585987,0.5432580658953174,-0.4893032315577613,-0.4941697706083183,-0.31778452799004836,0.34635354389758777,1.2787839965655428
0.8960576165470977,1.0002928686546901,-1.0038140082695195,0.9091811355684725,0.3795626011737778,1.2425518069554415,1.0504123805370207,0.2433930217661937,0.13981125674853104,0.005404175508030765,1.5577117168278536
1.4885139109339978,-0.999707217092246,-1.0038140082695195,0.12133810359353162,0.5012253778544636,1.5921986774855037,-1.025870793348367,-0.15612015743666696,1.1465219831734057,0.06039600911924964,0.7209285560409211
-0.2888549722267022,1.0002928686546901,0.9962004831192838,-0.057717130946227664,-0.15132951525103272,-1.554623157285055,-0.07521304800196763,0.3663201538286124,-0.8211398912024858,-0.5775092607708893,0.6279526492868175
-0.2888549722267022,1.0002928686546901,-1.0038140082695195,-0.7023159752893611,-0.6822216316758433,1.5921986774855037,1.7094573205624388,-0.38660853005370194,0.13981125674853104,-0.8854635289937149,-0.3018064182542185
-0.8813112666136022,1.0002928686546901,0.9962004831192838,0.013904962869676045,0.5675868924075649,1.2425518069554415,0.9221027461957889,0.6582720924768567,-0.36354410646390634,-0.1925664254923572,-0.5497421695984948
-0.8813112666136022,1.0002928686546901,-1.0038140082695195,1.5895910268195577,0.5344061351310142,0.8929049364253795,1.499496100731332,2.671203879998963,-1.1414569405194912,2.2600693535680043,0.38001689794254123
1.4885139109339978,-0.999707217092246,-1.0038140082695195,-0.5232607407496018,-0.8260049132075628,0.8929049364253795,1.3478574419644218,-0.07929069989765529,-0.8440196804394147,-0.5665108940486455,-0.6427180763525984
-0.2888549722267022,-0.999707217092246,-1.0038140082695195,0.013904962869676045,0.4348638633013623,-0.5056825456948688,-0.8275740857300997,0.8733945735860894,0.025412310563886178,0.13738457617495606,0.8139044627950247
-0.2888549722267022,-0.999707217092246,0.9962004831192838,-0.1293392247621314,0.11411654296137257,0.19361119536525534,1.1845542709846721,-0.801487600764365,0.09405167827467309,-0.038589291380944336,0.5349767425327139
-0.8813112666136022,1.0002928686546901,0.9962004831192838,1.732835214451365,1.1648405233854768,-1.554623157285055,-1.5099480501811964,1.2421759697733454,3.159943436023155,1.5781706167888905,2.115567157352475
-0.8813112666136022,-0.999707217092246,-1.0038140082695195,0.6943148541207613,0.6450086593861831,1.5921986774855037,-0.26184524340739573,1.4419325593747758,0.3686091491178207,-0.060586024825431885,0.19406508443433404
-0.8813112666136022,-0.999707217092246,0.9962004831192838,-1.45434796035635,-1.2684150102282383,0.5432580658953174,1.1612252465589936,-0.8475852752877719,-1.0956973620456334,-1.2484096308277595,-1.1075976101231164
-0.2888549722267022,1.0002928686546901,-1.0038140082695195,-1.0962374912768316,-1.202053495675137,0.8929049364253795,-0.5942838414733146,-0.3712426385458996,-1.0956973620456334,-1.0394406631051278,-0.6737100452706329
0.8960576165470977,1.0002928686546901,-1.0038140082695195,1.3747247453718465,0.6560689118117,-0.855329416224931,0.1872384767869157,-0.5095356621161207,-1.0956973620456334,1.171231048065871,0.38001689794254123
0.8960576165470977,1.0002928686546901,0.9962004831192838,0.4794485726730502,0.35744209632274404,0.8929049364253795,-1.626593172309589,1.5648596914371944,-0.31778452799004836,-0.1375745918811383,1.0308482452212664
-1.473767561000502,1.0002928686546901,0.9962004831192838,1.3031026515559427,0.3906228535992947,-0.15603567516480676,-1.4749545135426787,-0.9705124073501906,-0.7296207342547698,1.7101510174558159,0.9998562763032319
-0.8813112666136022,1.0002928686546901,-1.0038140082695195,1.016614276292328,1.5630096107040847,-1.554623157285055,1.0037543316856636,1.549493799929392,1.7871560818074168,0.5773192450647071,-0.3018064182542185
-0.8813112666136022,1.0002928686546901,-1.0038140082695195,1.0524253232002798,1.3971058243213315,-0.855329416224931,0.39719969661802235,-0.23294961497567862,1.741396503333559,0.8082849462318263,1.526719747909819
0.8960576165470977,1.0002928686546901,-1.0038140082695195,0.8375590417525687,0.30214083419515964,-0.855329416224931,-1.2533287814987326,0.904126356601694,1.672757135622772,0.7972865795095826,-0.08486263582797675
0.8960576165470977,-0.999707217092246,0.9962004831192838,-0.9171822567370722,-0.7485831462289446,0.19361119536525534,0.9454317706214674,-0.18685194045227163,-0.8440196804394147,-0.7424847616045459,-1.0456136722870473
-1.473767561000502,-0.999707217092246,0.9962004831192838,0.5868817133969058,0.04775502840827124,0.8929049364253795,0.9862575633664049,-1.1088054309204116,-0.7296207342547698,1.1932277815103585,-0.36379035609028754
0.30360132216019775,-0.999707217092246,0.9962004831192838,-0.30839445930189063,0.02563452355723747,-0.5056825456948688,-1.3816384158399646,0.3663201538286124,0.07117188903774412,0.03839927567476209,0.19406508443433404
-0.2888549722267022,-0.999707217092246,-1.0038140082695195,0.12133810359353162,-0.29511279678275226,-1.2049762867549931,0.134748171829139,1.0577852716797174,-0.4779430526485512,-0.3685402930482576,0.13208114659826498
-0.2888549722267022,-0.999707217092246,0.9962004831192838,0.08552705668557975,-0.029666738570346962,-0.855329416224931,-0.5534580487283772,0.47388139438322874,-0.660981366543983,0.2033747765084187,-0.5497421695984948
1.4885139109339978,1.0002928686546901,-1.0038140082695195,1.5537799799116059,2.392528542617851,1.5921986774855037,1.7036250644560191,0.9809558141407058,2.6565880728107176,0.4563372111200255,1.2168000587294736
0.30360132216019775,-0.999707217092246,-1.0038140082695195,1.3747247453718465,0.4348638633013623,-0.855329416224931,1.2137155515167704,-0.801487600764365,2.633708283573789,1.6221640836778657,1.6816795924999917
-0.8813112666136022,1.0002928686546901,-1.0038140082695195,-0.8455601629211685,-0.6379806219737757,1.2425518069554415,0.6129931725555486,-0.340510855530295,-0.615221788070125,-0.9624520960494214,-0.797677920942771
-0.8813112666136022,1.0002928686546901,0.9962004831192838,1.1956695108320872,1.054237999130308,1.2425518069554415,0.5779996359170309,2.3792519413507183,1.8786752387551329,1.9301183519006913,2.2395350330246133
0.30360132216019775,1.0002928686546901,-1.0038140082695195,-0.4158276000257462,-0.36147431133585356,-0.855329416224931,0.047264330232844584,-0.1407542659288646,0.2313304136962469,-0.6984912947155708,-0.9216457966149092
0.8960576165470977,1.0002928686546901,0.9962004831192838,0.9091811355684725,0.954695727300656,0.8929049364253795,1.7327863449881173,-0.5863651196551323,-0.11186642485768765,0.027400908952518316,0.4420008357786103
0.8960576165470977,1.0002928686546901,0.9962004831192838,-0.38001655311779436,-0.46101658316550553,-0.5056825456948688,1.1203994538140563,-1.078073647904807,-0.0661068463838297,-0.5335157938819142,-0.6117261074345638
-1.473767561000502,-0.999707217092246,0.9962004831192838,-0.2009613185780351,-0.3282935540593029,1.5921986774855037,-1.6790834772673655,0.5660767434300428,0.002532521326957207,-0.2695549925480636,-0.797677920942771
1.4885139109339978,1.0002928686546901,0.9962004831192838,-0.5590717876575536,-0.6269203695482588,-1.2049762867549931,0.37970292829876345,0.30485658779740304,-1.0270579943348466,-0.8084749619380086,0.07009720876219591
-0.2888549722267022,-0.999707217092246,-1.0038140082695195,0.9808032293843761,0.7777316884923857,-0.15603567516480676,0.7937931118545571,0.33558837081300774,-0.08898663562075868,0.8632767798430452,0.596960680368783
-1.473767561000502,-0.999707217092246,0.9962004831192838,1.5537799799116059,2.315106775639233,-0.15603567516480676,0.09392237908420162,2.102665894210276,-0.27202494951619044,1.3472049156217714,1.2787839965655428
0.8960576165470977,1.0002928686546901,-1.0038140082695195,1.6970241675434132,1.4966480961509834,-0.855329416224931,1.0445801244306012,1.3958348848513686,0.5516474630132525,1.6001673502333782,1.8986233749262333
0.30360132216019775,-0.999707217092246,-1.0038140082695195,1.1598584639241354,0.28002032934412585,0.8929049364253795,1.4528380518799753,0.45851550287542636,-0.8897792589132726,0.39034701078656286,0.2870409911884377
0.30360132216019775,1.0002928686546901,0.9962004831192838,0.515259619581002,0.3353215914717103,1.5921986774855037,-1.1308514032639205,0.44314961136762404,-0.5008228418854801,0.676304545564901,0.5349767425327139
-0.2888549722267022,1.0002928686546901,-1.0038140082695195,-0.48744969384164993,-0.18451027252758337,-1.2049762867549931,1.2895348809002256,-0.43270620457710895,-0.7753803127286277,-0.12657622515889452,0.10108917768023046
-0.2888549722267022,1.0002928686546901,0.9962004831192838,1.3031026515559427,0.5233458827054973,-0.15603567516480676,1.3420251858580021,-0.002461242358643623,1.2609209293580506,0.5553225116202195,1.061840214139301
0.8960576165470977,1.0002928686546901,0.9962004831192838,-0.23677236548598696,-0.018606486144830077,0.19361119536525534,-0.8159095735172606,-0.27904728949908564,-0.9584186266240595,-0.4125337599372327,-0.797677920942771
0.30360132216019775,-0.999707217092246,-1.0038140082695195,-1.3111037727245427,-1.290535515079272,0.8929049364253795,-1.3641416475207055,-0.755389926240958,-0.638101577307054,-1.3473949313279536,-1.0456136722870473
0.30360132216019775,1.0002928686546901,-1.0038140082695195,0.6943148541207613,0.35744209632274404,1.2425518069554415,1.3886832347093592,-0.7246581432253533,0.6660464091978974,0.027400908952518316,0.22505705335236859
-1.473767561000502,-0.999707217092246,-1.0038140082695195,0.5510706664889539,0.0035140187062036978,1.2425518069554415,-0.5942838414733146,-0.9244147328267837,0.43724851682860766,-0.07158439154767567,1.340767934401612
0.8960576165470977,1.0002928686546901,0.9962004831192838,1.3747247453718465,1.319684057342713,1.2425518069554415,-1.375806159733545,0.04363643216476338,1.0550028262256899,1.1272375811768958,2.394494877614786
-0.2888549722267022,1.0002928686546901,-1.0038140082695195,-1.740836335619965,-1.5891623305682279,-0.855329416224931,-1.5216125623940355,-1.1395372139360163,-1.1414569405194912,-1.622354099384048,-1.5104932060575653
-1.473767561000502,1.0002928686546901,0.9962004831192838,-0.38001655311779436,-0.5384383501441238,-1.2049762867549931,1.283702624793806,0.5507108519222403,-0.8668994696763437,0.005404175508030765,-0.735693983106702
-0.2888549722267022,-0.999707217092246,0.9962004831192838,-1.5259700541722538,-1.3237162723558227,-0.15603567516480676,-0.08687756021480689,-1.1549031054438186,-1.0956973620456334,-1.4353818651059038,-1.324541392549358
0.30360132216019775,1.0002928686546901,0.9962004831192838,0.8017479948446169,0.5344061351310142,1.2425518069554415,0.7063092702582626,1.2268100782655431,1.1236421939364767,0.8632767798430452,1.4957277789917844
1.4885139109339978,1.0002928686546901,-1.0038140082695195,0.26458229122533905,0.25789982449309207,-0.15603567516480676,0.700477014151843,-0.2636813979912833,-0.7067409450178409,-0.30255009271479494,-0.5807341385165293
0.30360132216019775,1.0002928686546901,0.9962004831192838,-1.5617811010802056,-1.500680311164093,1.2425518069554415,-1.7257415261187226,-1.0627077563970047,-1.0270579943348466,-1.4463802318281476,-1.3555333614673926
1.4885139109339978,1.0002928686546901,-1.0038140082695195,-1.5617811010802056,-1.5228008160151267,-1.2049762867549931,-1.4866190257555179,-0.9244147328267837,-0.9584186266240595,-1.3803900314946849,-1.4485092682214962
-1.473767561000502,-0.999707217092246,0.9962004831192838,-1.5975921479881574,-1.4232585441854746,-1.2049762867549931,-1.6324254284160087,-0.9090488413189813,-0.9584186266240595,-1.413385131661416,-1.324541392549358
0.30360132216019775,1.0002928686546901,0.9962004831192838,1.267291604647991,1.8616364261930407,-1.2049762867549931,-0.5942838414733146,0.5968085264456474,-0.3864238957008353,0.3793486440643191,-0.02287869799190768
-0.2888549722267022,-0.999707217092246,0.9962004831192838,1.2314805577400392,1.1537802709599598,0.8929049364253795,0.6713157336197448,0.5968085264456474,2.2447518665459962,0.22537150995290625,0.22505705335236859
-0.8813112666136022,1.0002928686546901,0.9962004831192838,0.6226927603048575,-0.1623897676765496,-0.15603567516480676,1.6336379911789838,-1.078073647904807,-0.5465824203593381,0.7532931126206075,0.5659687114507485
-0.8813112666136022,-0.999707217092246,0.9962004831192838,1.732835214451365,2.093901727128895,0.5432580658953174,-1.3291481108821879,2.594374422459951,0.4830080953024656,1.556173883344403,0.38001689794254123
0.30360132216019775,1.0002928686546901,0.9962004831192838,1.3389136984638947,1.2201417855130612,1.5921986774855037,1.5519864056891088,1.8107139555620317,1.100762404699548,1.3802000157885026,2.3325109397787167
-0.2888549722267022,1.0002928686546901,0.9962004831192838,-1.0604264443688796,-0.9255471850372148,0.19361119536525534,1.1437284782397348,-0.2175837234678763,-0.7067409450178409,-0.8744651622714712,-0.797677920942771
-0.8813112666136022,-0.999707217092246,0.9962004831192838,1.5895910268195577,2.237685008660615,0.5432580658953174,-0.9325546956456531,-1.0934395394126093,-0.8668994696763437,0.5553225116202195,2.6424306289590622
0.30360132216019775,1.0002928686546901,-1.0038140082695195,1.482157886095702,0.4791048730034298,0.19361119536525534,0.8346189045994945,1.6570550404840083,1.1236421939364767,0.47833394456451306,2.704414566795131
-1.473767561000502,1.0002928686546901,-1.0038140082695195,0.4436375257650983,0.4901651254289467,-0.855329416224931,-1.014206281135528,1.2882736442967524,1.2380411401211215,-0.20356479221460097,0.2870409911884377
-0.8813112666136022,-0.999707217092246,0.9962004831192838,0.08552705668557975,-0.40571532103792113,0.5432580658953174,1.4528380518799753,-0.9551465158423883,-0.31778452799004836,-0.04958765810318811,0.22505705335236859
0.30360132216019775,1.0002928686546901,0.9962004831192838,1.1598584639241354,1.1869610282365106,-0.5056825456948688,0.5663351237041916,1.0577852716797174,1.6498773463858432,0.918268613454264,0.6589446182048521
-0.2888549722267022,1.0002928686546901,0.9962004831192838,-0.4158276000257462,-0.42783582588895486,0.19361119536525534,-0.48347097545134166,-0.6785604687019463,-1.1414569405194912,-0.5225174271596704,-0.11585460474601128
0.8960576165470977,1.0002928686546901,-1.0038140082695195,0.5510706664889539,1.131659766108926,0.19361119536525534,0.134748171829139,0.258758913273996,-0.3406643172269774,0.5223274114534882,0.7829124938769902
-0.8813112666136022,-0.999707217092246,0.9962004831192838,-1.6692142418040612,-1.6002225829937449,-0.15603567516480676,1.0970704293883777,-1.0012441903657954,-1.0956973620456334,-1.4903736987171226,-1.3865253303854272
0.30360132216019775,-0.999707217092246,0.9962004831192838,1.3747247453718465,2.237685008660615,0.5432580658953174,-1.1366836593703402,2.2716907007961016,0.6202868307240395,1.2372212483993335,0.2870409911884377
-0.2888549722267022,1.0002928686546901,-1.0038140082695195,1.6612131206354614,1.6625518825337366,0.5432580658953174,0.9920898194728245,2.4868131819053345,1.9701943957028487,1.2372212483993335,0.7829124938769902
-1.473767561000502,1.0002928686546901,0.9962004831192838,1.5537799799116059,1.3086238049171963,-0.15603567516480676,-0.3668258533229491,-0.47880387910051597,-0.7525005234916988,2.0511003858453725,-0.053870666909942216
0.8960576165470977,-0.999707217092246,-1.0038140082695195,0.15714915050148345,-0.39465506861240424,0.19361119536525534,-0.728425731920966,-0.8783170583033766,-0.592341998833196,0.5443241448979758,0.19406508443433404
-1.473767561000502,1.0002928686546901,-1.0038140082695195,-1.5617811010802056,-1.5228008160151267,0.5432580658953174,0.2338965256382727,-0.8629511667955743,-0.9812984158609885,-1.4023867649391724,-1.262557454713289
-1.473767561000502,-0.999707217092246,-1.0038140082695195,0.9091811355684725,0.5012253778544636,0.19361119536525534,-0.3143355483651724,-0.4941697706083183,0.04829209980081515,1.5781706167888905,0.7209285560409211
1.4885139109339978,1.0002928686546901,-1.0038140082695195,1.6612131206354614,1.4634673388744328,-1.2049762867549931,-0.6117806097925735,-0.340510855530295,1.6041177679119851,1.017253913954458,1.5577117168278536
-1.473767561000502,-0.999707217092246,-1.0038140082695195,0.8375590417525687,1.0763585039813417,1.5921986774855037,0.28638683059604936,-0.06392480838985296,0.6660464091978974,0.8962718800097765,0.38001689794254123
0.8960576165470977,-0.999707217092246,-1.0038140082695195,-1.1320485381847833,-1.202053495675137,-1.2049762867549931,1.3245284175387433,-0.7861217092565627,-1.1414569405194912,-0.8964618957159588,-1.262557454713289
1.4885139109339978,1.0002928686546901,0.9962004831192838,0.9449921824764242,0.4127433584503285,0.8929049364253795,-0.273509755620235,1.2421759697733454,0.25421020293317587,0.9622620803432391,0.5039847736146794
1.4885139109339978,-0.999707217092246,-1.0038140082695195,-0.3442055062098425,-0.46101658316550553,0.5432580658953174,-1.2824900620308308,-0.20221783196007395,-0.7525005234916988,-0.7314863948823022,0.13208114659826498
-1.473767561000502,1.0002928686546901,0.9962004831192838,-0.09352817785417952,0.25789982449309207,-1.554623157285055,-1.3291481108821879,0.6429062009690544,0.4143687275916787,0.39034701078656286,-0.45676626284439115
0.30360132216019775,1.0002928686546901,0.9962004831192838,-1.5975921479881574,-1.4785598063130592,-1.2049762867549931,1.423676771347877,-0.939780624334586,-1.0728175728087044,-1.4793753319948788,-1.4175172993034617
-0.2888549722267022,1.0002928686546901,0.9962004831192838,0.3362043850412427,-0.2398115346551678,0.19361119536525534,-0.7984128051980016,-0.8322193837799696,-0.569462209596267,-0.060586024825431885,0.19406508443433404
0.30360132216019775,-0.999707217092246,0.9962004831192838,-1.4185369134483983,-1.2241740005261708,1.5921986774855037,1.5403218934762697,-1.0319759733814,-0.8897792589132726,-1.2594079975500034,-1.3555333614673926
1.4885139109339978,1.0002928686546901,-1.0038140082695195,1.4105357922797983,2.116022231979929,-0.15603567516480676,1.4819993324120733,2.302422483811706,1.581237978675056,1.8751265182894723,1.588703685745888
-0.8813112666136022,-0.999707217092246,-1.0038140082695195,-1.705025288712013,-1.5449213208661605,1.2425518069554415,0.8637801851315926,-1.1395372139360163,-1.1414569405194912,-1.5893589992173165,-1.4795012371395309
1.4885139109339978,1.0002928686546901,0.9962004831192838,0.6943148541207613,1.2975635524916793,-1.2049762867549931,1.69196055224318,-0.939780624334586,-0.18050579256847454,0.7972865795095826,0.7519205249589557
-0.2888549722267022,-0.999707217092246,-1.0038140082695195,-0.6665049283814092,-0.29511279678275226,-0.15603567516480676,-0.8275740857300997,-0.2175837234678763,-0.6838611557809119,-0.7644814950490335,-0.2088305115001149
-1.473767561000502,1.0002928686546901,0.9962004831192838,0.9449921824764242,0.19153830993999077,0.5432580658953174,-0.7342579880273857,2.240958917780497,-0.2262653710423325,1.5231787831776717,0.4420008357786103
-0.8813112666136022,-0.999707217092246,0.9962004831192838,1.3031026515559427,1.82845566891649,0.19361119536525534,-0.430980670493565,0.04363643216476338,1.1922815616472637,1.6661575505668407,0.3490249290245067
0.8960576165470977,-0.999707217092246,-1.0038140082695195,0.9091811355684725,1.529828853427534,-0.5056825456948688,0.8171221362802357,2.240958917780497,0.7118059876717553,0.7642914793428512,1.1858080898114391
0.8960576165470977,1.0002928686546901,0.9962004831192838,-1.6692142418040612,-1.5891623305682279,-0.15603567516480676,1.5169928690505912,-1.0166100818735977,-1.0270579943348466,-1.5783606324950727,-1.4795012371395309
-1.473767561000502,1.0002928686546901,-1.0038140082695195,-1.0246153974609278,-0.704342136526877,-1.2049762867549931,-0.9442192078584923,-0.9090488413189813,-0.615221788070125,-0.7534831283267897,-0.9216457966149092
-0.2888549722267022,-0.999707217092246,0.9962004831192838,-0.8455601629211685,-0.9697881947392823,1.2425518069554415,-0.30267103615233315,-0.38660853005370194,-0.7525005234916988,-0.6544978278265957,-1.0146217033690128
1.4885139109339978,1.0002928686546901,-1.0038140082695195,-0.6665049283814092,-0.5605588549951576,-0.855329416224931,1.3361929297515827,0.1511976727193797,0.2313304136962469,-0.7094896614378146,-0.6117261074345638
0.30360132216019775,-0.999707217092246,-1.0038140082695195,0.5510706664889539,0.7777316884923857,0.19361119536525534,0.9337672584086282,0.21266123875058904,-0.638101577307054,0.39034701078656286,1.0928321830573355
-0.2888549722267022,1.0002928686546901,0.9962004831192838,0.26458229122533905,0.8440932030454871,0.5432580658953174,0.5663351237041916,0.7043697670002638,-1.0956973620456334,0.6213127119536822,-0.053870666909942216
-0.8813112666136022,-0.999707217092246,-1.0038140082695195,-0.7023159752893611,-0.5052575928675731,0.5432580658953174,0.3855351844051831,-0.20221783196007395,-0.9584186266240595,-0.6215027276598644,-0.332798387172253
1.4885139109339978,-0.999707217092246,0.9962004831192838,-1.45434796035635,-1.390077786908924,-0.5056825456948688,0.37970292829876345,-1.0166100818735977,-0.8668994696763437,-1.281404730994491,-1.262557454713289
0.8960576165470977,-0.999707217092246,-1.0038140082695195,0.765936947936665,0.19153830993999077,-1.2049762867549931,0.6013286603427094,1.2882736442967524,0.4830080953024656,0.7532931126206075,1.4337438411557153
-0.8813112666136022,1.0002928686546901,-1.0038140082695195,-0.057717130946227664,-0.04072699099586385,0.19361119536525534,1.7269540888816977,0.16656356422718205,0.7346857769086843,0.34635354389758777,0.07009720876219591
0.8960576165470977,1.0002928686546901,0.9962004831192838,-1.5975921479881574,-1.4785598063130592,-0.5056825456948688,-1.060864329986885,-0.893682949811179,-0.9812984158609885,-1.468376965272635,-1.2935494236313236
-1.473767561000502,-0.999707217092246,0.9962004831192838,0.40782647885714646,0.7998521933434195,1.2425518069554415,1.5986444545404659,1.2575418612811478,0.3686091491178207,0.07139437584149341,0.9998562763032319
0.30360132216019775,1.0002928686546901,-1.0038140082695195,-0.6665049283814092,-0.5716191074206745,1.2425518069554415,-0.3901548777486276,-0.6478286856863417,-1.1185771512825624,-0.5885076274931331,-0.8906538276968746
1.4885139109339978,1.0002928686546901,-1.0038140082695195,-0.8455601629211685,-1.0582702141434175,-1.554623157285055,1.2603736003681274,-0.9858782988579929,-0.6838611557809119,-0.8854635289937149,-0.735693983106702
-0.8813112666136022,-0.999707217092246,-1.0038140082695195,0.5510706664889539,1.065298251555825,-1.2049762867549931,-0.5767870731540558,0.16656356422718205,-0.20338558180540353,0.17037967634168738,0.3490249290245067
-0.8813112666136022,-0.999707217092246,-1.0038140082695195,-1.5259700541722538,-1.4232585441854746,-0.15603567516480676,0.9979220755792441,-1.0166100818735977,-0.9355388373871306,-1.3473949313279536,-1.20057351687722
-0.2888549722267022,-0.999707217092246,-1.0038140082695195,0.8733700886605206,1.618310872831669,-1.2049762867549931,-1.2066707326473756,-0.3097790725146903,-0.638101577307054,0.6213127119536822,-0.3018064182542185
0.8960576165470977,1.0002928686546901,-1.0038140082695195,0.9091811355684725,1.6736121349592537,0.19361119536525534,-1.515780306287616,1.9797387621478575,0.6889261984348263,0.775289846065095,0.2560490222704031
1.4885139109339978,1.0002928686546901,0.9962004831192838,1.1956695108320872,1.8505761737675237,-0.15603567516480676,0.03559981802000532,1.7492503895308225,1.2151613508841925,0.7532931126206075,1.2787839965655428
-0.2888549722267022,-0.999707217092246,-1.0038140082695195,-0.6665049283814092,-0.28405254435723537,1.2425518069554415,1.1495607343461545,-0.20221783196007395,-0.3406643172269774,-0.6105043609376206,-0.9216457966149092
0.8960576165470977,1.0002928686546901,-1.0038140082695195,0.12133810359353162,-0.28405254435723537,1.2425518069554415,1.0912381732819583,-1.1088054309204116,-0.569462209596267,0.6433094453981697,0.5039847736146794
0.8960576165470977,1.0002928686546901,-1.0038140082695195,-0.09352817785417952,-0.5605588549951576,0.19361119536525534,0.20473524510617458,0.258758913273996,-1.0728175728087044,-0.016592557936456784,0.596960680368783
0.8960576165470977,1.0002928686546901,-1.0038140082695195,0.3003933381332909,-0.029666738570346962,0.5432580658953174,1.5053283568377518,-0.755389926240958,1.0321230369887608,0.09339110928598096,-0.45676626284439115
-0.2888549722267022,-0.999707217092246,-1.0038140082695195,0.15714915050148345,0.4238036108758454,-1.2049762867549931,-0.011058230831351708,-0.9858782988579929,-0.2262653710423325,0.39034701078656286,0.10108917768023046
0.8960576165470977,1.0002928686546901,0.9962004831192838,-1.740836335619965,-1.6002225829937449,-0.15603567516480676,0.42636097715012045,-1.124171322428214,-1.0956973620456334,-1.6333524661062917,-1.4485092682214962
-0.2888549722267022,-0.999707217092246,-1.0038140082695195,-0.16515027167008323,-0.018606486144830077,-1.2049762867549931,1.2720381125809668,-0.04855891688205062,-0.592341998833196,-0.2365598923813323,0.5039847736146794
0.30360132216019775,-0.999707217092246,-1.0038140082695195,0.5868817133969058,0.036694775982754356,1.2425518069554415,-0.6234451220054128,-0.8322193837799696,-0.6838611557809119,1.2262228816770897,1.3717599033196464
0.8960576165470977,1.0002928686546901,0.9962004831192838,0.6943148541207613,1.2754430476406458,-1.2049762867549931,-0.6584386586439306,0.47388139438322874,1.6498773463858432,0.40134537750880667,0.3180329601064722
-1.473767561000502,1.0002928686546901,0.9962004831192838,0.8017479948446169,1.1648405233854768,-0.15603567516480676,0.3913674405116027,0.9963217056485081,-0.4321834741746932,1.5231787831776717,0.3180329601064722
0.30360132216019775,-0.999707217092246,-1.0038140082695195,0.26458229122533905,0.4901651254289467,0.8929049364253795,-1.6674189650545264,0.5507108519222403,0.7118059876717553,0.8302816796763138,0.4110088668605758
0.30360132216019775,1.0002928686546901,-1.0038140082695195,-1.3469148196324945,-1.312656019930306,-0.5056825456948688,1.1437284782397348,-0.939780624334586,-0.9584186266240595,-1.1604226970498093,-1.0456136722870473
-0.8813112666136022,-0.999707217092246,0.9962004831192838,-1.1678595850927351,-1.19099324324962,-0.5056825456948688,0.5255093309592541,-0.663194577194144,-0.569462209596267,-1.2484096308277595,-1.0456136722870473
0.30360132216019775,-0.999707217092246,-1.0038140082695195,0.8375590417525687,0.36850234874826093,-0.5056825456948688,1.2778703686873862,0.44314961136762404,0.8719645123302581,1.4131951159552338,1.061840214139301
1.4885139109339978,1.0002928686546901,0.9962004831192838,0.3003933381332909,0.8219726981944533,1.2425518069554415,0.18140622068049606,-0.801487600764365,-0.18050579256847454,0.14838294289719983,0.5659687114507485
1.4885139109339978,1.0002928686546901,0.9962004831192838,-0.09352817785417952,0.20259856236550766,-0.15603567516480676,0.3913674405116027,-0.11002248291325996,0.09405167827467309,-0.30255009271479494,-0.6427180763525984
-1.473767561000502,-0.999707217092246,-1.0038140082695195,1.5179689330036539,0.5675868924075649,0.5432580658953174,0.9337672584086282,2.9938876016628115,1.5125986109642693,1.2482196151215774,1.8366394370901644
1.4885139109339978,-0.999707217092246,-1.0038140082695195,-1.5975921479881574,-1.5338610684406435,0.5432580658953174,-1.1133546349446617,-1.0012441903657954,-1.0728175728087044,-1.4903736987171226,-1.262557454713289
1.4885139109339978,1.0002928686546901,0.9962004831192838,1.6254020737275094,1.5961903679806353,-1.2049762867549931,-0.8917289029007157,2.363886049842916,-0.3406643172269774,2.3590546540681983,2.549454722204959
0.8960576165470977,1.0002928686546901,0.9962004831192838,-0.8097491160132166,-0.7485831462289446,-0.15603567516480676,-0.4543096949192435,-0.9244147328267837,-0.8668994696763437,-0.6654961945488395,-0.3947823250083221
1.4885139109339978,-0.999707217092246,0.9962004831192838,1.4105357922797983,1.7952749116399394,-1.554623157285055,0.4555222576822186,0.6890038754924613,1.3295602970688374,0.6103143452314383,1.1548161208934047
1.4885139109339978,1.0002928686546901,0.9962004831192838,-1.5975921479881574,-1.489620058738576,1.5921986774855037,1.6336379911789838,-0.9858782988579929,-1.1185771512825624,-1.413385131661416,-1.324541392549358
-0.8813112666136022,-0.999707217092246,-1.0038140082695195,0.19296019740943532,-0.38359481618688734,-0.15603567516480676,1.0212511000049227,0.535344960414438,-0.15762600333154558,-0.22556152565908852,0.47299280469664484
-0.8813112666136022,1.0002928686546901,0.9962004831192838,1.3031026515559427,1.3086238049171963,-0.15603567516480676,0.6888125019390038,2.7633992290457767,0.8262049338564001,0.2583666101196376,1.2787839965655428
-1.473767561000502,1.0002928686546901,-1.0038140082695195,1.732835214451365,0.7887919409179026,1.5921986774855037,0.08225786687136236,3.2090100827720445,0.8948443015671871,0.9292669801765079,-0.02287869799190768
-0.8813112666136022,1.0002928686546901,0.9962004831192838,-0.5232607407496018,-0.19557052495310026,0.8929049364253795,0.7762963435352982,-0.3558767470380973,0.3914889383547497,-0.8634667955492275,-0.5187502006804602
0.8960576165470977,-0.999707217092246,-1.0038140082695195,0.22877124431738718,0.744550931215835,-1.554623157285055,1.5869799423276267,-0.663194577194144,-0.7525005234916988,-0.08258275826991944,0.3490249290245067
-0.2888549722267022,-0.999707217092246,-1.0038140082695195,-0.2009613185780351,0.22471906721654142,1.2425518069554415,-1.1250191471575008,-0.524901553623923,0.29996978140703384,-0.14857295860338207,-0.5187502006804602
-1.473767561000502,-0.999707217092246,0.9962004831192838,1.4105357922797983,1.9832992028737264,1.5921986774855037,0.7879608557481375,-0.7246581432253533,0.20845062445931795,1.116239214454652,1.6506876235819572
1.4885139109339978,-0.999707217092246,0.9962004831192838,0.515259619581002,0.9878764845772066,-0.855329416224931,-0.9208901834328138,1.0116875971563104,1.0550028262256899,0.016402542230274538,0.07009720876219591
0.8960576165470977,-0.999707217092246,0.9962004831192838,0.15714915050148345,-0.007546233719313188,1.2425518069554415,0.4321932332565401,0.45851550287542636,0.6889261984348263,-0.1375745918811383,0.6899365871228866
0.30360132216019775,-0.999707217092246,0.9962004831192838,-0.5948828345655055,-0.604799864697225,1.5921986774855037,0.7529673191096197,-0.9244147328267837,-0.7982601019655567,-0.8634667955492275,-0.797677920942771
1.4885139109339978,-0.999707217092246,-1.0038140082695195,-1.0604264443688796,-1.0693304665689343,1.5921986774855037,0.6188254286619682,-0.32514496402249266,-0.8211398912024858,-1.1604226970498093,-1.1695815479591853
1.4885139109339978,1.0002928686546901,-1.0038140082695195,0.5510706664889539,1.1759007758109936,-0.15603567516480676,0.4146964649372812,-0.4480720960849113,0.5058878845393946,0.5993159785091946,1.0928321830573355
0.30360132216019775,1.0002928686546901,0.9962004831192838,1.482157886095702,1.5187686010020172,-0.5056825456948688,-0.35516134111010983,0.9809558141407058,0.7575655661456132,1.8971232517339598,-0.02287869799190768
-0.8813112666136022,1.0002928686546901,0.9962004831192838,0.0497160097776279,0.6118279021096324,0.19361119536525534,0.07642561076494273,-0.8168534922721673,-0.5465824203593381,0.14838294289719983,-0.5497421695984948
-1.473767561000502,-0.999707217092246,0.9962004831192838,-0.3442055062098425,-0.44995633073998864,0.8929049364253795,1.0854059171755386,-0.11002248291325996,0.07117188903774412,-0.7314863948823022,-0.053870666909942216
-1.473767561000502,1.0002928686546901,0.9962004831192838,1.1240474170161836,1.5077083485765004,-1.2049762867549931,0.11725140350988013,0.2280271302583914,-0.8897792589132726,0.8632767798430452,0.4110088668605758
1.4885139109339978,-0.999707217092246,0.9962004831192838,-1.6334031948961094,-1.5228008160151267,-1.2049762867549931,-0.745922500240225,-1.078073647904807,-1.1185771512825624,-1.523368798883854,-1.4485092682214962
1.4885139109339978,-0.999707217092246,0.9962004831192838,-0.2009613185780351,0.21365881479102455,-1.554623157285055,0.2338965256382727,0.47388139438322874,0.5745272522501814,-0.34654355960377003,0.47299280469664484
0.8960576165470977,-0.999707217092246,-1.0038140082695195,1.732835214451365,1.2090815330875444,-1.554623157285055,-0.6875999391760287,1.0731511631875197,0.002532521326957207,0.9292669801765079,1.340767934401612
-0.8813112666136022,-0.999707217092246,-1.0038140082695195,-1.239481678908639,-1.1799329908241032,0.5432580658953174,0.4321932332565401,-0.8629511667955743,-0.5237026311224091,-1.2594079975500034,-1.1385895790411509
0.8960576165470977,1.0002928686546901,0.9962004831192838,-1.6692142418040612,-1.578102078142711,1.5921986774855037,1.0037543316856636,-1.0012441903657954,-1.0270579943348466,-1.4903736987171226,-1.3865253303854272
-0.8813112666136022,-0.999707217092246,-1.0038140082695195,1.6970241675434132,2.514191319298537,-1.2049762867549931,1.266205856474547,2.19486124325709,1.6498773463858432,1.2042261482326022,1.0928321830573355
0.8960576165470977,-0.999707217092246,-1.0038140082695195,0.26458229122533905,-0.05178724342138073,-0.15603567516480676,0.5430060992785131,-0.801487600764365,1.1694017724103347,0.2803633435641251,-0.332798387172253
0.8960576165470977,-0.999707217092246,0.9962004831192838,-0.9529933036450241,-0.8923664277606641,0.8929049364253795,1.5869799423276267,-0.07929069989765529,-1.0728175728087044,-0.7314863948823022,-0.45676626284439115
-1.473767561000502,-0.999707217092246,0.9962004831192838,1.5537799799116059,1.7178531446613212,-0.15603567516480676,-0.7109289636017072,1.5187620169137874,-0.9355388373871306,1.358203282344015,0.38001689794254123
1.4885139109339978,-0.999707217092246,-1.0038140082695195,-0.6306938814734574,-0.6711613792503264,1.2425518069554415,0.5721673798106112,0.19729534724278672,-0.7296207342547698,-0.4235321266594764,-0.735693983106702
-1.473767561000502,1.0002928686546901,0.9962004831192838,-0.6306938814734574,-0.42783582588895486,1.5921986774855037,-0.2326839628752976,-0.5095356621161207,-0.4779430526485512,-0.4565272268262078,-0.9526377655329437
-0.2888549722267022,1.0002928686546901,-1.0038140082695195,0.8733700886605206,0.7998521933434195,0.5432580658953174,0.5605028675977719,0.08973410668817038,-0.24914516027926148,0.016402542230274538,1.3717599033196464
0.30360132216019775,1.0002928686546901,-1.0038140082695195,0.765936947936665,0.6671291642372169,-1.2049762867549931,0.653818965300486,0.5046131773988334,-0.18050579256847454,1.072245747565677,0.22505705335236859
0.30360132216019775,1.0002928686546901,-1.0038140082695195,-1.740836335619965,-1.5891623305682279,1.5921986774855037,0.7646318313224589,-1.1549031054438186,-1.0728175728087044,-1.622354099384048,-1.4485092682214962
0.8960576165470977,-0.999707217092246,0.9962004831192838,-0.3442055062098425,-0.39465506861240424,0.5432580658953174,1.487831588518493,-1.078073647904807,0.43724851682860766,-0.2695549925480636,0.22505705335236859
-1.473767561000502,-0.999707217092246,-1.0038140082695195,1.1956695108320872,0.6007676496841156,-0.15603567516480676,-0.7109289636017072,-0.9244147328267837,-0.7982601019655567,1.0832441142879208,2.1465591262705095
1.4885139109339978,1.0002928686546901,0.9962004831192838,-0.23677236548598696,0.0035140187062036978,-0.855329416224931,-0.8917289029007157,0.30485658779740304,-0.638101577307054,0.17037967634168738,0.2560490222704031
0.30360132216019775,1.0002928686546901,-1.0038140082695195,-1.3469148196324945,-1.279475262653755,0.8929049364253795,0.14641268404197827,-0.7861217092565627,-0.615221788070125,-1.3034014644389784,-0.9526377655329437
-0.8813112666136022,1.0002928686546901,-1.0038140082695195,0.40782647885714646,0.4791048730034298,1.5921986774855037,-0.8800643906878765,-0.6478286856863417,0.4830080953024656,0.7972865795095826,0.9378723384671629
-0.2888549722267022,1.0002928686546901,0.9962004831192838,0.3362043850412427,0.5233458827054973,-0.5056825456948688,-0.6584386586439306,0.7043697670002638,0.7118059876717553,0.5443241448979758,0.5039847736146794
-1.473767561000502,1.0002928686546901,-1.0038140082695195,-0.9171822567370722,-0.8923664277606641,-0.15603567516480676,-0.05188402357628911,-0.5402674451317253,-0.9584186266240595,-0.9954471962161527,-0.735693983106702
-0.2888549722267022,1.0002928686546901,-1.0038140082695195,-0.7023159752893611,-0.51631784529309,-0.15603567516480676,0.8871092095572711,-0.3097790725146903,0.20845062445931795,-0.6764945612710833,-1.0456136722870473
-0.8813112666136022,1.0002928686546901,0.9962004831192838,1.4105357922797983,2.0828414747033785,0.8929049364253795,1.4178445152414574,-0.18685194045227163,2.725227440521505,0.8522784131208014,0.2560490222704031
1.4885139109339978,1.0002928686546901,-1.0038140082695195,-0.9888043505529759,-1.0472099617179005,1.2425518069554415,-1.5741028673518123,-0.29441318100688796,-0.3864238957008353,-1.127427596883078,-0.7047020141886674
1.4885139109339978,-0.999707217092246,0.9962004831192838,-0.4516386469336981,-0.5384383501441238,0.8929049364253795,0.04143207412642495,0.028270540656961045,-0.7067409450178409,-0.5775092607708893,-0.7047020141886674
-0.2888549722267022,1.0002928686546901,0.9962004831192838,0.19296019740943532,0.16941780508895699,0.5432580658953174,1.499496100731332,-1.0934395394126093,1.1922815616472637,-0.04958765810318811,0.07009720876219591
0.8960576165470977,-0.999707217092246,-1.0038140082695195,1.6254020737275094,1.142720018534443,1.5921986774855037,-0.32016780447159204,-0.5402674451317253,1.4668390324904113,0.9512637136209954,1.8986233749262333
1.4885139109339978,1.0002928686546901,0.9962004831192838,-0.9171822567370722,-0.6379806219737757,0.8929049364253795,0.7937931118545571,-1.1549031054438186,-0.638101577307054,-0.6215027276598644,-1.0146217033690128
-1.473767561000502,-0.999707217092246,-1.0038140082695195,0.8375590417525687,0.9878764845772066,0.8929049364253795,1.0504123805370207,-1.0319759733814,-0.4779430526485512,1.512180416455428,-0.02287869799190768
0.8960576165470977,1.0002928686546901,-1.0038140082695195,0.7301259010287131,-0.09602825312344829,0.5432580658953174,-0.36099359721652946,0.950224031125101,1.2380411401211215,0.335355177175344,0.3490249290245067
-0.2888549722267022,1.0002928686546901,0.9962004831192838,-1.2036706320006871,-1.290535515079272,-0.15603567516480676,1.487831588518493,-0.38660853005370194,-0.592341998833196,-1.2924030977167347,-1.0146217033690128
1.4885139109339978,1.0002928686546901,-1.0038140082695195,-0.021906084038275812,-0.3061730492082691,0.5432580658953174,-1.655754452841687,-0.017827133866445955,0.8262049338564001,0.2033747765084187,-0.3018064182542185
1.4885139109339978,-0.999707217092246,0.9962004831192838,-1.2036706320006871,-1.0361497092923837,-1.2049762867549931,-0.09270981632122652,-0.8475852752877719,-0.7296207342547698,-1.0064455629383966,-0.8286698898608056
-0.2888549722267022,1.0002928686546901,-1.0038140082695195,1.4105357922797983,1.7510339019378718,0.5432580658953174,0.4146964649372812,2.1180317857180784,0.09405167827467309,1.7541444843447909,2.456478815450855
-0.2888549722267022,1.0002928686546901,-1.0038140082695195,0.9808032293843761,0.19153830993999077,-0.855329416224931,0.8871092095572711,1.5187620169137874,0.29996978140703384,0.5773192450647071,2.0845751884344406
-1.473767561000502,-0.999707217092246,-1.0038140082695195,-0.5232607407496018,-0.7154023889523939,-0.15603567516480676,-1.6907479894802049,-0.18685194045227163,-0.9126590481502016,-0.7204880281600584,-0.5187502006804602
0.8960576165470977,1.0002928686546901,-1.0038140082695195,-0.9529933036450241,-0.8702459229096303,-1.2049762867549931,-0.34349682889727057,-0.7707558177487603,-1.0728175728087044,-0.8084749619380086,-0.85966185877884
-0.2888549722267022,1.0002928686546901,-1.0038140082695195,-0.2725834123939388,-0.0739077482724145,-0.15603567516480676,-0.028554999150610594,0.5968085264456474,-0.9812984158609885,-0.12657622515889452,0.10108917768023046
0.8960576165470977,-0.999707217092246,-1.0038140082695195,1.1598584639241354,1.0431777467047911,-1.554623157285055,-1.264993293711572,-0.939780624334586,-0.8668994696763437,0.17037967634168738,0.5039847736146794
0.8960576165470977,1.0002928686546901,-1.0038140082695195,-0.2009613185780351,0.2357793196420583,1.2425518069554415,1.3478574419644218,-1.124171322428214,-0.18050579256847454,-0.34654355960377003,-0.7666859520247364
0.30360132216019775,1.0002928686546901,-1.0038140082695195,1.4463468391877503,1.352864814619264,1.2425518069554415,0.3097158550217279,0.1511976727193797,0.5287676737763235,1.8201346846782536,0.5659687114507485
0.8960576165470977,-0.999707217092246,0.9962004831192838,0.12133810359353162,-0.2729922919317185,-1.2049762867549931,0.134748171829139,0.535344960414438,-0.3864238957008353,-0.00559419121421301,0.47299280469664484
1.4885139109339978,1.0002928686546901,0.9962004831192838,-0.23677236548598696,-0.6932818841013602,-1.2049762867549931,0.9454317706214674,0.08973410668817038,-0.9126590481502016,-0.10457949171440699,-0.6117261074345638
0.30360132216019775,1.0002928686546901,0.9962004831192838,1.6612131206354614,1.728913397086838,1.2425518069554415,-0.745922500240225,0.7965651160470777,-0.27202494951619044,2.4360432211239047,1.6816795924999917
-1.473767561000502,1.0002928686546901,-1.0038140082695195,0.3362043850412427,-0.3061730492082691,-1.554623157285055,0.05309658633926421,-0.6939263602097486,-0.660981366543983,0.30236007700861267,0.5659687114507485
1.4885139109339978,-0.999707217092246,0.9962004831192838,1.6612131206354614,1.054237999130308,1.2425518069554415,0.28638683059604936,1.1653465122343338,-1.0041782050979176,1.1052408477324083,0.5659687114507485
-1.473767561000502,-0.999707217092246,0.9962004831192838,0.3003933381332909,0.8330329506199702,1.2425518069554415,1.4936638446249126,0.904126356601694,0.29996978140703384,-0.07158439154767567,-0.3018064182542185
-0.2888549722267022,-0.999707217092246,-1.0038140082695195,0.08552705668557975,0.16941780508895699,1.2425518069554415,-1.515780306287616,-0.4480720960849113,-0.3864238957008353,-0.34654355960377003,-0.2708144493361839
-0.8813112666136022,-0.999707217092246,-1.0038140082695195,1.3389136984638947,0.556526639982048,-0.855329416224931,0.16390945236123716,2.563642639444346,2.5421891266260728,0.2693649768418814,2.1465591262705095
-0.2888549722267022,1.0002928686546901,-1.0038140082695195,-0.1293392247621314,-0.06284749584689762,1.5921986774855037,-0.011058230831351708,0.10509999819597271,0.2313304136962469,-0.11557785843665076,0.5659687114507485
0.8960576165470977,1.0002928686546901,-1.0038140082695195,-0.057717130946227664,-0.41677557346343796,-0.5056825456948688,-0.7517547563466446,0.6890038754924613,0.5745272522501814,-0.04958765810318811,-0.053870666909942216
-0.2888549722267022,-0.999707217092246,0.9962004831192838,0.8733700886605206,-0.007546233719313188,-0.5056825456948688,-0.6467741464310913,1.8875434131010433,-1.1414569405194912,1.4681869495664528,0.5349767425327139
-0.2888549722267022,1.0002928686546901,-1.0038140082695195,1.1956695108320872,0.8883342127475546,0.8929049364253795,-0.7167612197081268,1.1807124037421362,0.09405167827467309,0.39034701078656286,1.12382415197537
0.8960576165470977,1.0002928686546901,-1.0038140082695195,-1.3827258665404463,-1.202053495675137,-0.5056825456948688,-0.005225974724932079,-0.9090488413189813,-0.7296207342547698,-1.3143998311612222,-1.1385895790411509
0.30360132216019775,1.0002928686546901,-1.0038140082695195,0.22877124431738718,-0.317233301633786,-0.855329416224931,-1.3699739036271252,0.059002323672565714,1.3753198755426954,0.5333257781757319,0.16307311551629952
-0.2888549722267022,-0.999707217092246,-1.0038140082695195,1.6254020737275094,2.1934439989585472,-1.554623157285055,1.6861282961367603,0.7811992245392754,0.34572935988089176,2.5020334214573676,0.2560490222704031
1.4885139109339978,-0.999707217092246,0.9962004831192838,-1.239481678908639,-1.2241740005261708,-1.554623157285055,0.8696124412380123,-0.939780624334586,-0.9126590481502016,-1.2044161639387845,-1.2315654857952545
0.8960576165470977,1.0002928686546901,-1.0038140082695195,-0.6306938814734574,-0.604799864697225,0.5432580658953174,1.0679091488562797,-0.7707558177487603,-1.1414569405194912,-0.5225174271596704,-0.85966185877884
-0.8813112666136022,1.0002928686546901,-1.0038140082695195,-0.4158276000257462,-0.007546233719313188,0.19361119536525534,-0.4193161582807257,0.47388139438322874,0.025412310563886178,-0.44552886010396403,-0.36379035609028754
-1.473767561000502,-0.999707217092246,-1.0038140082695195,0.7301259010287131,0.0809357856848219,0.5432580658953174,0.857947929025173,0.30485658779740304,-0.24914516027926148,0.918268613454264,0.9378723384671629
-1.473767561000502,1.0002928686546901,-1.0038140082695195,-0.2725834123939388,0.20259856236550766,-0.5056825456948688,0.11725140350988013,-0.524901553623923,0.3686091491178207,0.21437314323066248,-0.332798387172253
-0.8813112666136022,1.0002928686546901,-1.0038140082695195,-0.6665049283814092,-0.35041405891033667,0.8929049364253795,-0.011058230831351708,-0.11002248291325996,-0.7067409450178409,-0.8194733286602524,-0.85966185877884
0.30360132216019775,1.0002928686546901,0.9962004831192838,-0.1293392247621314,0.25789982449309207,-0.5056825456948688,-0.08104530410838726,-0.9705124073501906,-0.4321834741746932,-0.6105043609376206,-0.02287869799190768
-0.2888549722267022,-0.999707217092246,0.9962004831192838,0.3003933381332909,-0.09602825312344829,-1.554623157285055,-1.1016901227318223,0.673637983984659,-0.13474621409461662,0.19237640978617493,-0.2708144493361839
-0.2888549722267022,1.0002928686546901,0.9962004831192838,-0.8097491160132166,-0.903426680186181,-1.554623157285055,1.3711864663901003,-1.078073647904807,-0.4779430526485512,-0.7754798617712773,-1.1385895790411509
1.4885139109339978,1.0002928686546901,0.9962004831192838,0.8375590417525687,0.9768162321516897,0.8929049364253795,1.487831588518493,-0.4941697706083183,0.3914889383547497,0.5993159785091946,1.1548161208934047
0.30360132216019775,1.0002928686546901,0.9962004831192838,1.1598584639241354,1.7952749116399394,-0.855329416224931,0.4380254893629597,-1.0012441903657954,-0.7753803127286277,0.22537150995290625,0.3490249290245067
0.8960576165470977,1.0002928686546901,0.9962004831192838,1.016614276292328,1.7952749116399394,-0.15603567516480676,0.32138036723456714,1.3804689933435663,2.3362710234937123,1.1272375811768958,0.008113270926126851
0.30360132216019775,1.0002928686546901,-1.0038140082695195,0.12133810359353162,0.4680446205779129,1.5921986774855037,0.7704640874288786,0.9655899226329034,-0.40930368493776426,0.5333257781757319,-0.2088305115001149
0.30360132216019775,-0.999707217092246,-1.0038140082695195,-0.7023159752893611,-0.7375228938034277,0.19361119536525534,-0.6176128658989931,0.18192945573498437,0.025412310563886178,-0.34654355960377003,-0.9216457966149092
0.30360132216019775,-0.999707217092246,0.9962004831192838,-1.2036706320006871,-1.1356919811220356,0.8929049364253795,-0.046051767469869484,-0.43270620457710895,-0.9126590481502016,-1.1934177972165407,-1.1075976101231164
0.8960576165470977,-0.999707217092246,-1.0038140082695195,0.26458229122533905,-0.35041405891033667,0.19361119536525534,1.2370445759424489,0.2894906962896007,0.8719645123302581,-0.10457949171440699,-0.5807341385165293
-0.8813112666136022,1.0002928686546901,0.9962004831192838,-0.9888043505529759,-1.0693304665689343,-0.855329416224931,1.5286573812634303,-0.9090488413189813,-0.8668994696763437,-1.1494243303275655,-1.0146217033690128
-0.8813112666136022,1.0002928686546901,0.9962004831192838,-1.6692142418040612,-1.5228008160151267,0.19361119536525534,-0.7634192685594838,-1.0473418648892023,-1.1414569405194912,-1.5013720654393663,-1.4175172993034617
-1.473767561000502,1.0002928686546901,0.9962004831192838,-0.6306938814734574,-0.5273780977186069,-1.2049762867549931,-1.025870793348367,-0.017827133866445955,-0.0661068463838297,-0.39053702649274513,-0.5497421695984948
0.30360132216019775,-0.999707217092246,-1.0038140082695195,1.482157886095702,2.3482875329157835,1.2425518069554415,0.4088642088308616,-0.6785604687019463,1.764276292570488,1.7321477509003034,2.270527001942648
0.8960576165470977,-0.999707217092246,0.9962004831192838,0.6943148541207613,1.319684057342713,0.19361119536525534,1.645302503391823,0.12046588970377504,1.0092432477518318,0.22537150995290625,1.4027518722376808
-0.8813112666136022,-0.999707217092246,-1.0038140082695195,-1.1678595850927351,-1.0803907189944513,-1.2049762867549931,-1.072528842199724,-0.47880387910051597,-0.6838611557809119,-1.0504390298273716,-0.9836297344509782
-1.473767561000502,1.0002928686546901,-1.0038140082695195,1.3031026515559427,2.038600465001311,0.5432580658953174,0.8871092095572711,-0.06392480838985296,1.9930741849397777,0.8412800463985577,0.6279526492868175
1.4885139109339978,1.0002928686546901,0.9962004831192838,-0.9529933036450241,-0.7264626413779108,-0.5056825456948688,-1.6907479894802049,-1.078073647904807,-1.0041782050979176,-1.0394406631051278,-0.6737100452706329
0.30360132216019775,-0.999707217092246,-1.0038140082695195,0.19296019740943532,0.6007676496841156,-0.855329416224931,-0.6526064025375109,-0.17148604894446928,1.0778826154626189,0.5553225116202195,-0.2708144493361839
1.4885139109339978,-0.999707217092246,-1.0038140082695195,-0.8097491160132166,-0.8813061753351472,0.8929049364253795,-1.0200385372419476,-1.0166100818735977,0.002532521326957207,-0.9954471962161527,-0.5497421695984948
0.8960576165470977,-0.999707217092246,-1.0038140082695195,-1.6334031948961094,-1.5338610684406435,-0.5056825456948688,-0.745922500240225,-1.078073647904807,-1.0728175728087044,-1.5013720654393663,-1.324541392549358
0.8960576165470977,-0.999707217092246,0.9962004831192838,0.4436375257650983,-0.0739077482724145,-0.15603567516480676,-1.4574577452234196,-0.57099922814733,1.672757135622772,0.14838294289719983,0.22505705335236859
-0.2888549722267022,1.0002928686546901,-1.0038140082695195,0.22877124431738718,0.5786471448330818,-1.554623157285055,0.18140622068049606,-0.6939263602097486,-0.4321834741746932,0.8192833129540701,-0.6427180763525984
-1.473767561000502,-0.999707217092246,-1.0038140082695195,-0.738127022197313,-0.6158601171227419,0.19361119536525534,0.12308365961629976,0.059002323672565714,-1.1414569405194912,-0.7204880281600584,-0.42577429392635663
-0.2888549722267022,1.0002928686546901,0.9962004831192838,-0.5590717876575536,-0.20663077737861715,-1.2049762867549931,-1.0433675616676261,-0.17148604894446928,-0.7525005234916988,-0.786478228493521,-0.8286698898608056
0.30360132216019775,1.0002928686546901,-1.0038140082695195,0.26458229122533905,0.6007676496841156,1.5921986774855037,-0.9617159761777513,0.13583178121157738,-0.5237026311224091,0.8192833129540701,0.6279526492868175
-0.8813112666136022,-0.999707217092246,-1.0038140082695195,-0.7739380691052647,-0.6158601171227419,-1.2049762867549931,0.34470939166024567,0.10509999819597271,-0.15762600333154558,-0.8964618957159588,-0.7047020141886674
1.4885139109339978,1.0002928686546901,0.9962004831192838,-0.1293392247621314,-0.37253456376137045,-1.2049762867549931,0.2338965256382727,-0.6017310111629346,-0.9812984158609885,-0.6325010943821082,0.16307311551629952
-1.473767561000502,1.0002928686546901,-1.0038140082695195,-1.2752927258165907,-1.1356919811220356,0.19361119536525534,0.30388359891530825,-0.9090488413189813,-0.5008228418854801,-1.1604226970498093,-1.2935494236313236
1.4885139109339978,1.0002928686546901,-1.0038140082695195,-0.2725834123939388,-0.0739077482724145,0.19361119536525534,-1.7315737822251422,0.765833333031473,-0.15762600333154558,-0.29155172599255114,0.03910523984416139
1.4885139109339978,1.0002928686546901,0.9962004831192838,0.12133810359353162,0.4016831060248116,1.5921986774855037,-1.591599635671071,0.33558837081300774,1.1694017724103347,-0.038589291380944336,-0.5497421695984948
-1.473767561000502,-0.999707217092246,0.9962004831192838,1.5179689330036539,1.0874187564068585,0.5432580658953174,-1.3816384158399646,1.134614729218729,2.5421891266260728,1.886124885011716,1.8676314060081989
-0.8813112666136022,1.0002928686546901,0.9962004831192838,1.0882363701082318,1.2975635524916793,-0.855329416224931,-0.44847743881282387,2.3792519413507183,-0.660981366543983,0.39034701078656286,-0.2398224804181494
1.4885139109339978,-0.999707217092246,0.9962004831192838,0.5868817133969058,0.556526639982048,-0.5056825456948688,-1.1250191471575008,-0.09465659140545762,-0.020347267909971763,0.016402542230274538,0.6589446182048521
0.8960576165470977,1.0002928686546901,-1.0038140082695195,-0.1293392247621314,-0.5384383501441238,0.19361119536525534,0.6479867091940664,-0.002461242358643623,0.6202868307240395,0.19237640978617493,0.5039847736146794
1.4885139109339978,1.0002928686546901,0.9962004831192838,-1.5975921479881574,-1.5117405635896097,-1.554623157285055,-1.6324254284160087,-1.1395372139360163,-0.8897792589132726,-1.4353818651059038,-1.3555333614673926
0.30360132216019775,-0.999707217092246,-1.0038140082695195,1.1956695108320872,1.7620941543633886,1.2425518069554415,0.0006062813814875498,2.010470545163462,2.0845933418874933,0.5883176117869509,1.0928321830573355
-0.2888549722267022,1.0002928686546901,0.9962004831192838,0.22877124431738718,0.5897073972585987,1.5921986774855037,-0.10437432853406577,1.1807124037421362,0.6431666199609684,-0.4125337599372327,1.0928321830573355
0.8960576165470977,-0.999707217092246,0.9962004831192838,-0.5590717876575536,-0.6932818841013602,-1.2049762867549931,-0.7050967074952875,-0.5402674451317253,-0.24914516027926148,-0.4235321266594764,-0.36379035609028754
-1.473767561000502,-0.999707217092246,-1.0038140082695195,0.8375590417525687,0.6339484069606662,-0.855329416224931,0.21056750121259418,1.2421759697733454,2.0617135526505646,0.6433094453981697,0.6899365871228866
-1.473767561000502,1.0002928686546901,-1.0038140082695195,1.4463468391877503,0.3463818438972272,0.5432580658953174,-0.8217418296236801,-0.2175837234678763,0.9634836692779739,2.084095486012104,1.5577117168278536
1.4885139109339978,1.0002928686546901,0.9962004831192838,-0.3442055062098425,-0.3061730492082691,-0.5056825456948688,-1.6907479894802049,0.10509999819597271,-0.9126590481502016,-0.2365598923813323,-0.5187502006804602
0.30360132216019775,1.0002928686546901,-1.0038140082695195,-0.3442055062098425,-0.7375228938034277,-1.554623157285055,1.3653542102836806,0.6890038754924613,-1.1414569405194912,0.11538784273046851,-0.48775823176242566
0.30360132216019775,1.0002928686546901,0.9962004831192838,1.1598584639241354,0.6339484069606662,-1.2049762867549931,0.09392237908420162,-0.47880387910051597,-1.0956973620456334,0.4233421109532942,1.4337438411557153
0.30360132216019775,1.0002928686546901,-1.0038140082695195,0.4436375257650983,0.954695727300656,-0.15603567516480676,0.9395995145150479,0.7965651160470777,-0.8440196804394147,0.35735191061983157,1.1858080898114391
0.30360132216019775,1.0002928686546901,0.9962004831192838,0.9808032293843761,1.0210572418537573,1.5921986774855037,-0.6351096342182521,-0.1253883744210623,0.025412310563886178,0.2803633435641251,-0.2708144493361839
-0.8813112666136022,-0.999707217092246,0.9962004831192838,1.6254020737275094,1.629371125257186,1.2425518069554415,-0.7050967074952875,1.6877868234996132,2.3362710234937123,2.5350285216240986,1.3717599033196464
0.30360132216019775,-0.999707217092246,-1.0038140082695195,-1.2036706320006871,-1.091450971419968,0.5432580658953174,0.5663351237041916,-1.1088054309204116,-0.9812984158609885,-1.1714210637720532,-1.2935494236313236
-0.2888549722267022,-0.999707217092246,-1.0038140082695195,-1.0246153974609278,-0.9255471850372148,1.5921986774855037,-0.3085032922587528,-0.4480720960849113,-1.0956973620456334,-1.1714210637720532,-0.85966185877884
-0.2888549722267022,-0.999707217092246,-1.0038140082695195,1.3747247453718465,1.4745275912999496,-0.855329416224931,-1.3524771353078664,2.2563248092882993,2.6565880728107176,0.6983012790093885,1.340767934401612
0.8960576165470977,-0.999707217092246,0.9962004831192838,0.9091811355684725,0.11411654296137257,1.5921986774855037,0.33887713555382604,-0.8629511667955743,0.9863634585149029,1.4681869495664528,0.16307311551629952
-0.8813112666136022,-0.999707217092246,0.9962004831192838,1.016614276292328,1.5519493582785677,-1.554623157285055,0.3738706721923438,1.8568116300854387,1.6269975571489141,1.4791853162886965,1.588703685745888
-0.2888549722267022,1.0002928686546901,-1.0038140082695195,0.765936947936665,0.20259856236550766,-0.15603567516480676,1.499496100731332,1.6263232574684037,1.764276292570488,0.07139437584149341,0.3180329601064722
-0.8813112666136022,1.0002928686546901,-1.0038140082695195,1.267291604647991,1.8063351640654561,0.8929049364253795,0.46135451378863823,1.872177521593241,1.9244348172289907,0.775289846065095,0.10108917768023046
0.8960576165470977,1.0002928686546901,0.9962004831192838,0.5868817133969058,0.06987553325930501,0.19361119536525534,-0.7750837807723231,-0.002461242358643623,-0.08898663562075868,0.5223274114534882,0.5039847736146794
0.30360132216019775,1.0002928686546901,0.9962004831192838,1.4105357922797983,1.8063351640654561,-0.15603567516480676,1.4645025640928144,2.19486124325709,1.695636924859701,2.040102019123129,0.9378723384671629
-1.473767561000502,1.0002928686546901,0.9962004831192838,1.5895910268195577,1.8616364261930407,-1.554623157285055,-0.5767870731540558,0.12046588970377504,1.0778826154626189,1.0282522806767018,0.19406508443433404
-1.473767561000502,1.0002928686546901,-1.0038140082695195,-0.1293392247621314,-0.40571532103792113,1.2425518069554415,-0.2326839628752976,-0.002461242358643623,-1.1414569405194912,0.39034701078656286,-0.735693983106702
0.8960576165470977,1.0002928686546901,-1.0038140082695195,-0.4158276000257462,-0.5716191074206745,-0.15603567516480676,-0.4018193899614669,0.5199790689066357,-1.0956973620456334,-0.3135484594370387,-0.9526377655329437
-1.473767561000502,1.0002928686546901,0.9962004831192838,-1.1678595850927351,-1.2462945053772045,-1.554623157285055,0.9629285389407264,-0.8168534922721673,-0.9812984158609885,-1.281404730994491,-1.1695815479591853
-0.2888549722267022,1.0002928686546901,0.9962004831192838,-0.7023159752893611,-0.4941973404420562,0.8929049364253795,-1.4107996963720626,0.258758913273996,-0.7067409450178409,-0.8194733286602524,-0.36379035609028754
1.4885139109339978,-0.999707217092246,0.9962004831192838,0.08552705668557975,0.3795626011737778,-1.2049762867549931,-1.2416642692858935,-0.7400240347331556,1.0778826154626189,-0.3575419263260138,-0.2398224804181494
-0.8813112666136022,1.0002928686546901,-1.0038140082695195,-1.705025288712013,-1.5449213208661605,-1.2049762867549931,-1.498283537968357,-1.0319759733814,-1.1185771512825624,-1.5453655323283415,-1.4795012371395309
0.30360132216019775,-0.999707217092246,-1.0038140082695195,0.19296019740943532,0.5675868924075649,-1.2049762867549931,-1.5682706112453926,1.319005427312357,0.025412310563886178,0.016402542230274538,-0.2398224804181494
0.30360132216019775,-0.999707217092246,-1.0038140082695195,-0.021906084038275812,0.11411654296137257,-0.5056825456948688,-0.046051767469869484,-0.8629511667955743,-0.36354410646390634,-0.12657622515889452,0.008113270926126851
0.8960576165470977,-0.999707217092246,-1.0038140082695195,1.0882363701082318,0.4238036108758454,-0.855329416224931,-1.3058190864565093,-0.524901553623923,2.1761124988352094,0.43434047767553796,2.1465591262705095
-0.8813112666136022,1.0002928686546901,-1.0038140082695195,-1.1320485381847833,-1.1356919811220356,1.5921986774855037,0.2805545744896297,-0.524901553623923,-0.660981366543983,-0.9184586291604463,-1.0146217033690128
0.30360132216019775,-0.999707217092246,0.9962004831192838,0.9808032293843761,0.5344061351310142,0.5432580658953174,0.7471350630032001,-0.4480720960849113,0.5058878845393946,0.23636987667515003,1.12382415197537
1.4885139109339978,-0.999707217092246,0.9962004831192838,-0.23677236548598696,-0.38359481618688734,1.5921986774855037,-0.05188402357628911,-1.0166100818735977,-0.5237026311224091,0.03839927567476209,-0.8286698898608056
0.30360132216019775,-0.999707217092246,0.9962004831192838,0.9449921824764242,0.11411654296137257,-0.855329416224931,-1.2766578059244111,0.6121744179534497,2.313391234256783,0.8082849462318263,0.4420008357786103
-0.2888549722267022,1.0002928686546901,0.9962004831192838,-0.9171822567370722,-0.8813061753351472,0.8929049364253795,-1.655754452841687,-0.3097790725146903,-0.3864238957008353,-1.127427596883078,-0.6737100452706329
-0.8813112666136022,1.0002928686546901,-1.0038140082695195,-0.9529933036450241,-1.0582702141434175,0.8929049364253795,-1.2824900620308308,-0.5863651196551323,-1.0041782050979176,-0.8744651622714712,-0.48775823176242566
-0.2888549722267022,1.0002928686546901,-1.0038140082695195,0.3003933381332909,0.5122856302799805,1.5921986774855037,-1.5857673795646516,0.04363643216476338,-0.7982601019655567,0.5003306780090007,1.0928321830573355
-1.473767561000502,1.0002928686546901,0.9962004831192838,-0.6306938814734574,-0.5716191074206745,0.8929049364253795,-0.9617159761777513,-0.6939263602097486,-0.20338558180540353,-0.24755825910357607,-0.2708144493361839
-0.8813112666136022,-0.999707217092246,0.9962004831192838,0.4794485726730502,-0.14026926282551583,0.19361119536525534,-1.6674189650545264,1.7031527150074155,0.29996978140703384,0.3793486440643191,-0.02287869799190768
-1.473767561000502,-0.999707217092246,-1.0038140082695195,-1.1678595850927351,-0.9476676898882486,-1.2049762867549931,1.7444508572009567,-0.7861217092565627,-1.1185771512825624,-1.1604226970498093,-1.1075976101231164
0.8960576165470977,-0.999707217092246,0.9962004831192838,-1.5617811010802056,-1.390077786908924,1.2425518069554415,-0.7050967074952875,-1.0627077563970047,-1.0041782050979176,-1.4353818651059038,-1.4485092682214962
-0.2888549722267022,1.0002928686546901,-1.0038140082695195,-1.0604264443688796,-1.1246317286965188,-1.2049762867549931,-0.3318323166844313,-1.0473418648892023,-1.0041782050979176,-0.9404553626049339,-0.5807341385165293
0.8960576165470977,1.0002928686546901,-1.0038140082695195,-0.4158276000257462,-0.5052575928675731,1.5921986774855037,-0.32016780447159204,-0.524901553623923,-0.4321834741746932,-0.4675255935484516,-0.02287869799190768
0.30360132216019775,1.0002928686546901,0.9962004831192838,-0.8455601629211685,-0.5052575928675731,-0.5056825456948688,1.4061800030286182,-1.078073647904807,-0.4550632634116222,-0.6764945612710833,-0.9526377655329437
-0.8813112666136022,-0.999707217092246,0.9962004831192838,-1.5975921479881574,-1.4674995538875422,-0.5056825456948688,-0.8975611590071353,-0.9705124073501906,-1.1185771512825624,-1.4903736987171226,-1.4485092682214962
1.4885139109339978,-0.999707217092246,-1.0038140082695195,1.5537799799116059,0.9436354748751391,1.2425518069554415,1.53448963736985,2.148763568733683,-0.3406643172269774,0.7972865795095826,0.19406508443433404
1.4885139109339978,-0.999707217092246,-1.0038140082695195,1.3031026515559427,1.9722389504482094,-1.2049762867549931,0.46135451378863823,2.302422483811706,2.2447518665459962,1.5451755166221592,-0.2088305115001149
0.30360132216019775,1.0002928686546901,0.9962004831192838,-0.6665049283814092,-0.8813061753351472,-0.855329416224931,0.7529673191096197,-0.41734031306930663,-0.6838611557809119,-0.786478228493521,-0.11585460474601128
1.4885139109339978,-0.999707217092246,0.9962004831192838,-0.9529933036450241,-0.9255471850372148,-0.5056825456948688,-0.7867482929851624,-0.8629511667955743,-0.8440196804394147,-0.6215027276598644,-0.9526377655329437
0.8960576165470977,1.0002928686546901,0.9962004831192838,-0.8097491160132166,-0.5716191074206745,0.19361119536525534,0.3272126233409868,-0.4019744215615043,-0.31778452799004836,-0.7314863948823022,-0.5187502006804602
0.30360132216019775,-0.999707217092246,0.9962004831192838,1.732835214451365,1.629371125257186,1.5921986774855037,-0.6351096342182521,0.45851550287542636,0.940603880041045,1.31420981545504,0.7519205249589557
0.8960576165470977,-0.999707217092246,0.9962004831192838,-1.1678595850927351,-1.1688727383985862,0.5432580658953174,-0.8509031101557782,-0.893682949811179,-0.592341998833196,-1.1494243303275655,-1.0456136722870473
-0.2888549722267022,-0.999707217092246,0.9962004831192838,-1.0246153974609278,-0.7817639035054953,-0.5056825456948688,0.6479867091940664,-1.078073647904807,-0.4779430526485512,-0.8634667955492275,-1.2315654857952545
-0.2888549722267022,1.0002928686546901,0.9962004831192838,1.1240474170161836,1.4966480961509834,0.5432580658953174,-1.6499221967352675,2.4253496158741252,2.5421891266260728,0.2803633435641251,-0.2088305115001149
0.30360132216019775,1.0002928686546901,0.9962004831192838,-1.4901590072643018,-1.4011380393344408,1.5921986774855037,-0.4076516460678865,-1.0166100818735977,-1.0728175728087044,-1.3143998311612222,-1.324541392549358
1.4885139109339978,-0.999707217092246,-1.0038140082695195,0.7301259010287131,0.3353215914717103,-0.5056825456948688,0.8812769534508516,2.0719341111946714,0.6660464091978974,0.6213127119536822,0.10108917768023046
0.30360132216019775,1.0002928686546901,-1.0038140082695195,0.0497160097776279,0.2357793196420583,-0.15603567516480676,-1.154180427689599,-0.755389926240958,-0.8211398912024858,-0.2695549925480636,0.4420008357786103
-1.473767561000502,1.0002928686546901,-1.0038140082695195,-0.4158276000257462,-0.42783582588895486,0.19361119536525534,-1.7140770139058834,-0.38660853005370194,0.20845062445931795,-0.6984912947155708,-0.8906538276968746
-0.2888549722267022,1.0002928686546901,0.9962004831192838,0.0497160097776279,-0.2508717870806847,1.2425518069554415,0.26305780617037083,-1.0934395394126093,0.002532521326957207,-0.34654355960377003,0.7829124938769902
1.4885139109339978,-0.999707217092246,0.9962004831192838,1.732835214451365,1.839515921342007,1.2425518069554415,1.2720381125809668,2.4407155073819276,-0.9812984158609885,1.9191199851784473,2.0225912505983716
-0.8813112666136022,1.0002928686546901,0.9962004831192838,0.8375590417525687,0.22471906721654142,-0.5056825456948688,1.7502831133073762,1.3804689933435663,0.8490847230933292,0.17037967634168738,-0.02287869799190768
-0.8813112666136022,-0.999707217092246,-1.0038140082695195,-1.5259700541722538,-1.3568970296323732,-0.5056825456948688,0.48468353821431676,-0.8168534922721673,-0.8897792589132726,-1.3473949313279536,-1.324541392549358
-1.473767561000502,-0.999707217092246,0.9962004831192838,-0.4516386469336981,-0.7817639035054953,1.5921986774855037,1.3536896980708415,-0.15612015743666696,-0.7525005234916988,-0.8194733286602524,-0.9216457966149092
1.4885139109339978,1.0002928686546901,-1.0038140082695195,-1.4901590072643018,-1.4343187966109916,-1.554623157285055,-1.072528842199724,-1.0627077563970047,-0.7525005234916988,-1.3473949313279536,-1.324541392549358
-0.2888549722267022,-0.999707217092246,0.9962004831192838,-0.7739380691052647,-0.5052575928675731,-0.855329416224931,0.08809012297778199,-1.0012441903657954,-1.0728175728087044,-0.8304716953824961,-0.42577429392635663
-1.473767561000502,-0.999707217092246,0.9962004831192838,-0.8813712098291203,-0.6822216316758433,1.5921986774855037,0.09392237908420162,-0.11002248291325996,-1.1414569405194912,-0.7424847616045459,-0.48775823176242566
0.30360132216019775,-0.999707217092246,0.9962004831192838,1.4105357922797983,2.038600465001311,-1.554623157285055,-1.0083740250291082,2.1641294602414853,2.565068915863002,0.6103143452314383,2.1465591262705095
-1.473767561000502,1.0002928686546901,0.9962004831192838,-1.3111037727245427,-1.2684150102282383,-1.2049762867549931,1.4120122591350377,-0.6939263602097486,-0.9126590481502016,-1.1604226970498093,-1.2315654857952545
-1.473767561000502,-0.999707217092246,0.9962004831192838,0.26458229122533905,-0.2729922919317185,0.19361119536525534,-0.4134839021743061,0.13583178121157738,0.5287676737763235,0.48933231128675686,0.8139044627950247
0.30360132216019775,-0.999707217092246,0.9962004831192838,1.5537799799116059,0.5897073972585987,-0.855329416224931,0.26889006227679046,1.5187620169137874,1.8329156602812748,1.0282522806767018,1.6196956546639225
0.8960576165470977,1.0002928686546901,-1.0038140082695195,-0.30839445930189063,-0.44995633073998864,-0.5056825456948688,-0.42514841438714535,0.627540309461252,-1.0956973620456334,0.18137804306393115,-0.02287869799190768
0.30360132216019775,-0.999707217092246,-1.0038140082695195,-0.4158276000257462,-0.5937396122717081,-0.855329416224931,0.029767561913585695,0.5199790689066357,0.5287676737763235,-0.8194733286602524,-0.5187502006804602
0.30360132216019775,1.0002928686546901,0.9962004831192838,0.6943148541207613,0.10305629053585567,0.8929049364253795,-1.2824900620308308,-0.8475852752877719,0.04829209980081515,0.8632767798430452,1.5577117168278536
0.8960576165470977,-0.999707217092246,-1.0038140082695195,-0.9171822567370722,-0.5826793598461912,0.8929049364253795,-1.4166319524784823,-0.3097790725146903,-0.5465824203593381,-0.9954471962161527,-0.8286698898608056
0.30360132216019775,1.0002928686546901,-1.0038140082695195,-1.3111037727245427,-1.379017534483407,-0.5056825456948688,0.1522449401483979,-0.6785604687019463,-0.7296207342547698,-1.2924030977167347,-1.2315654857952545
1.4885139109339978,1.0002928686546901,-1.0038140082695195,-0.4158276000257462,-0.029666738570346962,0.19361119536525534,1.3886832347093592,-0.9858782988579929,-1.0270579943348466,-0.08258275826991944,-0.42577429392635663
1.4885139109339978,-0.999707217092246,0.9962004831192838,-1.1678595850927351,-1.091450971419968,0.19361119536525534,-0.8042450613044213,-0.7246581432253533,-0.6838611557809119,-1.1494243303275655,-0.9216457966149092
0.30360132216019775,-0.999707217092246,0.9962004831192838,-1.2036706320006871,-1.301595767504789,-0.855329416224931,-0.6467741464310913,-1.1395372139360163,-1.0270579943348466,-1.1714210637720532,-1.0456136722870473
0.8960576165470977,1.0002928686546901,-1.0038140082695195,-0.4158276000257462,-0.704342136526877,0.5432580658953174,-0.4193161582807257,-0.4480720960849113,-0.020347267909971763,-0.02759092465870056,-0.5807341385165293
0.8960576165470977,1.0002928686546901,-1.0038140082695195,0.4436375257650983,0.744550931215835,-0.15603567516480676,-0.35516134111010983,0.32022247930520537,0.09405167827467309,0.4563372111200255,0.8758884006310937
1.4885139109339978,-0.999707217092246,-1.0038140082695195,1.5895910268195577,0.4459241157268792,-1.554623157285055,-0.44264518270640424,0.9194922481094964,-0.7982601019655567,0.6433094453981697,0.5349767425327139
-0.2888549722267022,1.0002928686546901,-1.0038140082695195,-0.2725834123939388,-0.704342136526877,-0.855329416224931,-0.5067999998770202,-0.04855891688205062,0.34572935988089176,0.19237640978617493,-0.7047020141886674
0.30360132216019775,-0.999707217092246,0.9962004831192838,1.1598584639241354,1.3860455718958145,-1.2049762867549931,-0.016890486937771336,1.9951046536556598,2.3820306019675703,0.6873029122871448,0.7519205249589557
-0.8813112666136022,-0.999707217092246,0.9962004831192838,-1.0604264443688796,-1.102511223845485,0.5432580658953174,1.1845542709846721,-1.1395372139360163,-1.0041782050979176,-0.9624520960494214,-0.7666859520247364
0.30360132216019775,1.0002928686546901,-1.0038140082695195,-0.2009613185780351,0.10305629053585567,0.8929049364253795,0.4205287210437008,0.45851550287542636,-0.31778452799004836,-0.30255009271479494,0.2560490222704031
0.30360132216019775,1.0002928686546901,0.9962004831192838,-1.3111037727245427,-1.1688727383985862,-0.5056825456948688,-0.3260000605780117,-0.9244147328267837,-0.8668994696763437,-1.3693916647724411,-0.9216457966149092
-1.473767561000502,-0.999707217092246,0.9962004831192838,0.12133810359353162,0.6892496690882507,-0.5056825456948688,0.7121415263646823,0.10509999819597271,0.3228495706439628,0.17037967634168738,0.7519205249589557
-0.2888549722267022,1.0002928686546901,0.9962004831192838,0.40782647885714646,0.7113701739392845,1.5921986774855037,0.46718676989505786,1.7031527150074155,-0.569462209596267,1.0282522806767018,1.2787839965655428
-0.2888549722267022,-0.999707217092246,-1.0038140082695195,1.1956695108320872,1.9943594552992432,0.5432580658953174,-0.728425731920966,1.8568116300854387,2.2905114450198543,1.1272375811768958,2.0225912505983716
-0.8813112666136022,1.0002928686546901,0.9962004831192838,-0.6665049283814092,-0.6822216316758433,1.5921986774855037,-1.3233158547757682,-0.7400240347331556,-0.5008228418854801,-0.8744651622714712,-0.36379035609028754
-0.2888549722267022,1.0002928686546901,-1.0038140082695195,-0.7739380691052647,-0.8702459229096303,-1.554623157285055,1.0329156122177618,0.12046588970377504,-0.4550632634116222,-0.7314863948823022,-0.48775823176242566
1.4885139109339978,-0.999707217092246,0.9962004831192838,1.3747247453718465,0.4348638633013623,1.5921986774855037,-1.5741028673518123,0.8887604650938917,1.4668390324904113,1.5781706167888905,1.5577117168278536
-1.473767561000502,-0.999707217092246,0.9962004831192838,0.08552705668557975,0.26896007691860896,-1.2049762867549931,1.1145671977076368,-0.8475852752877719,1.1922815616472637,0.5003306780090007,0.8448964317130593
-1.473767561000502,1.0002928686546901,0.9962004831192838,-0.9529933036450241,-1.102511223845485,0.8929049364253795,0.8229543923866552,-0.18685194045227163,-0.9126590481502016,-0.8414700621047398,-0.6427180763525984
-1.473767561000502,1.0002928686546901,0.9962004831192838,-1.5259700541722538,-1.390077786908924,-1.554623157285055,0.1114191474034605,-1.1088054309204116,-0.8668994696763437,-1.4463802318281476,-1.3865253303854272
-1.473767561000502,-0.999707217092246,-1.0038140082695195,1.6612131206354614,1.3639250670447807,1.2425518069554415,-1.4924512818619375,0.904126356601694,2.633708283573789,0.5333257781757319,0.9998562763032319
-0.2888549722267022,-0.999707217092246,0.9962004831192838,-1.705025288712013,-1.5891623305682279,-0.15603567516480676,0.8929414656636908,-1.0627077563970047,-1.0728175728087044,-1.5563638990505853,-1.4175172993034617
-1.473767561000502,-0.999707217092246,-1.0038140082695195,-0.16515027167008323,0.3242613390461934,0.5432580658953174,-0.9150579273263942,-0.7246581432253533,-1.0956973620456334,0.049397642397005864,-0.5187502006804602
-1.473767561000502,-0.999707217092246,0.9962004831192838,-1.0246153974609278,-0.7596433986544615,-0.15603567516480676,-0.08104530410838726,-0.6017310111629346,-0.7525005234916988,-1.1934177972165407,-0.9526377655329437
-0.2888549722267022,-0.999707217092246,0.9962004831192838,0.3720154319491946,0.036694775982754356,-0.5056825456948688,0.9279350023022086,0.21266123875058904,-0.2262653710423325,-0.20356479221460097,0.6899365871228866
-1.473767561000502,1.0002928686546901,-1.0038140082695195,-0.48744969384164993,-0.5052575928675731,1.5921986774855037,-0.6701031708567697,-0.2636813979912833,-0.8440196804394147,-0.1375745918811383,-0.45676626284439115
1.4885139109339978,-0.999707217092246,0.9962004831192838,-1.45434796035635,-1.4232585441854746,0.19361119536525534,-1.6440899406288478,-0.7246581432253533,-1.0270579943348466,-1.3034014644389784,-1.2935494236313236
0.30360132216019775,1.0002928686546901,0.9962004831192838,-1.4901590072643018,-1.4232585441854746,-0.855329416224931,0.8637801851315926,-0.9705124073501906,-1.0956973620456334,-1.3473949313279536,-1.3555333614673926
-1.473767561000502,-0.999707217092246,-1.0038140082695195,-0.9529933036450241,-1.091450971419968,0.8929049364253795,-0.681767683069609,-0.3097790725146903,-0.18050579256847454,-0.7424847616045459,-0.735693983106702
-0.2888549722267022,-0.999707217092246,-1.0038140082695195,0.8375590417525687,0.0919960381103388,1.5921986774855037,-1.4049674402656431,1.4112007763591712,0.11693146751160206,1.2812147152883087,-0.2088305115001149
-1.473767561000502,1.0002928686546901,0.9962004831192838,1.482157886095702,2.1823837465330302,-1.2049762867549931,0.6013286603427094,1.4419325593747758,2.519309337389144,0.9842588137877267,1.4957277789917844
0.8960576165470977,-0.999707217092246,0.9962004831192838,-1.0962374912768316,-0.9366074374627317,0.19361119536525534,0.19890298899975495,-1.1395372139360163,-0.9584186266240595,-1.1384259636053218,-0.9216457966149092
0.30360132216019775,-0.999707217092246,0.9962004831192838,1.016614276292328,1.2643827952151288,0.19361119536525534,-1.107522378838242,1.4726643423903805,-0.8211398912024858,0.8082849462318263,1.1548161208934047
-0.2888549722267022,1.0002928686546901,-1.0038140082695195,-1.2752927258165907,-1.2573547578027213,-1.2049762867549931,1.0329156122177618,-0.7246581432253533,-1.1414569405194912,-1.083434129994103,-1.1075976101231164
1.4885139109339978,-0.999707217092246,0.9962004831192838,-0.48744969384164993,-0.35041405891033667,0.19361119536525534,0.03559981802000532,-0.4019744215615043,-0.7296207342547698,-0.21456315893684474,-0.5807341385165293
-0.8813112666136022,-0.999707217092246,-1.0038140082695195,1.0524253232002798,1.8505761737675237,0.19361119536525534,-0.5534580487283772,2.502179073413137,-0.7982601019655567,0.7642914793428512,0.3180329601064722
-1.473767561000502,1.0002928686546901,-1.0038140082695195,0.0497160097776279,0.04775502840827124,1.5921986774855037,-0.9617159761777513,1.0116875971563104,0.18557083522238896,0.3243568104531002,0.16307311551629952
-1.473767561000502,1.0002928686546901,0.9962004831192838,1.5895910268195577,2.1823837465330302,-1.2049762867549931,-0.3726581094293687,-1.0319759733814,2.0845933418874933,1.1492343146213833,2.797390473549235
0.8960576165470977,1.0002928686546901,-1.0038140082695195,0.5868817133969058,-0.19557052495310026,-0.15603567516480676,-0.950051463964912,-0.6017310111629346,-0.8668994696763437,0.8852735132875328,0.7829124938769902
0.8960576165470977,1.0002928686546901,0.9962004831192838,-0.4516386469336981,-0.7707036510799784,-1.2049762867549931,-1.6907479894802049,0.5199790689066357,-0.24914516027926148,-0.544514160604158,-0.5187502006804602
-1.473767561000502,1.0002928686546901,0.9962004831192838,-0.48744969384164993,-0.604799864697225,0.19361119536525534,-0.5709548170476361,-0.755389926240958,0.3686091491178207,-0.6544978278265957,-0.11585460474601128
1.4885139109339978,1.0002928686546901,0.9962004831192838,-0.057717130946227664,-0.09602825312344829,-1.2049762867549931,0.3738706721923438,0.1511976727193797,0.25421020293317587,0.48933231128675686,0.16307311551629952
-0.2888549722267022,-0.999707217092246,0.9962004831192838,0.40782647885714646,0.954695727300656,-1.2049762867549931,-0.6409418903246716,-0.709292251717551,0.5745272522501814,0.676304545564901,-0.5187502006804602
-1.473767561000502,1.0002928686546901,-1.0038140082695195,-1.740836335619965,-1.6444635926958124,-0.855329416224931,-0.7400902441338053,-1.0934395394126093,-1.1185771512825624,-1.5893589992173165,-1.5414851749755998
-0.2888549722267022,1.0002928686546901,-1.0038140082695195,0.0497160097776279,-0.04072699099586385,0.19361119536525534,0.3505416477666653,0.6121744179534497,0.04829209980081515,0.3243568104531002,-0.2708144493361839
-1.473767561000502,-0.999707217092246,-1.0038140082695195,-0.738127022197313,-0.7485831462289446,-0.15603567516480676,-1.387470671946384,0.028270540656961045,-1.0956973620456334,-0.8634667955492275,-0.9836297344509782
0.30360132216019775,1.0002928686546901,0.9962004831192838,1.2314805577400392,1.6736121349592537,0.19361119536525534,0.9512640267278871,0.7965651160470777,-0.2949047387531194,0.5333257781757319,-0.2398224804181494
0.30360132216019775,1.0002928686546901,0.9962004831192838,0.26458229122533905,0.3353215914717103,0.8929049364253795,1.37701872249652,-1.0012441903657954,0.25421020293317587,-0.060586024825431885,0.9068803695491283
1.4885139109339978,1.0002928686546901,-1.0038140082695195,-1.3111037727245427,-1.3458367772068565,-0.855329416224931,0.9046059778765301,-0.617096902670737,-0.5237026311224091,-1.083434129994103,-1.1075976101231164
1.4885139109339978,-0.999707217092246,0.9962004831192838,0.3720154319491946,0.8109124457689364,-0.855329416224931,1.0329156122177618,1.549493799929392,1.1236421939364767,-0.14857295860338207,-0.053870666909942216
1.4885139109339978,-0.999707217092246,-1.0038140082695195,1.0882363701082318,1.1205995136834093,-0.5056825456948688,1.1495607343461545,1.2882736442967524,1.741396503333559,0.6983012790093885,0.8758884006310937
-1.473767561000502,-0.999707217092246,-1.0038140082695195,1.4105357922797983,2.027540212575794,-0.5056825456948688,1.1787220148782527,0.627540309461252,0.8948443015671871,2.2270742534012733,1.8986233749262333
0.30360132216019775,1.0002928686546901,0.9962004831192838,1.3031026515559427,1.5630096107040847,-1.2049762867549931,-1.673251221160946,0.2280271302583914,-0.5008228418854801,1.6331624504001094,-0.02287869799190768
1.4885139109339978,1.0002928686546901,0.9962004831192838,-0.09352817785417952,-0.2287512822296509,-0.855329416224931,0.6888125019390038,0.12046588970377504,0.8948443015671871,0.34635354389758777,-0.6737100452706329
0.30360132216019775,-0.999707217092246,-1.0038140082695195,-0.2725834123939388,-0.43889607831447175,-0.855329416224931,-0.25018073119455647,0.535344960414438,-0.15762600333154558,-0.07158439154767567,0.03910523984416139
-0.2888549722267022,-0.999707217092246,0.9962004831192838,-0.8097491160132166,-0.8591856704841134,1.2425518069554415,0.3913674405116027,-1.1395372139360163,-0.615221788070125,-0.9734504627716652,-0.48775823176242566
1.4885139109339978,1.0002928686546901,0.9962004831192838,0.9808032293843761,0.2357793196420583,0.8929049364253795,-0.6176128658989931,-1.0319759733814,-0.11186642485768765,0.12638620945271228,1.340767934401612
-0.8813112666136022,-0.999707217092246,-1.0038140082695195,0.8375590417525687,0.036694775982754356,-1.554623157285055,0.5488383553849326,-0.6939263602097486,1.7871560818074168,0.7312963791761199,1.340767934401612
-0.8813112666136022,-0.999707217092246,-1.0038140082695195,-1.239481678908639,-1.290535515079272,1.2425518069554415,0.11725140350988013,-0.663194577194144,-1.1185771512825624,-0.9734504627716652,-1.0766056412050817
0.8960576165470977,-0.999707217092246,0.9962004831192838,1.5895910268195577,1.839515921342007,-0.855329416224931,-0.46597420713208276,-0.24831550648348097,-0.8440196804394147,1.457188582844209,2.2395350330246133
-0.8813112666136022,1.0002928686546901,-1.0038140082695195,1.3389136984638947,0.7777316884923857,1.2425518069554415,1.1378962221333153,0.13583178121157738,1.581237978675056,0.6433094453981697,1.7126715614180261
-0.2888549722267022,-0.999707217092246,0.9962004831192838,-0.1293392247621314,-0.35041405891033667,-0.855329416224931,-0.5476257926219575,-0.6324627941785393,-0.27202494951619044,0.3133584437308565,-0.8286698898608056
-0.2888549722267022,1.0002928686546901,-1.0038140082695195,0.7301259010287131,1.2643827952151288,-0.855329416224931,0.7471350630032001,1.3804689933435663,1.100762404699548,0.6543078121204134,0.9068803695491283
0.8960576165470977,1.0002928686546901,0.9962004831192838,0.9808032293843761,1.2865033000661625,-1.554623157285055,-0.728425731920966,0.21266123875058904,1.4210794540165534,0.35735191061983157,0.19406508443433404
-0.2888549722267022,-0.999707217092246,0.9962004831192838,-0.23677236548598696,-0.5716191074206745,1.5921986774855037,-0.48347097545134166,-0.017827133866445955,0.5974070414871104,-0.3245468261592825,0.03910523984416139
-0.8813112666136022,1.0002928686546901,-1.0038140082695195,0.0497160097776279,-0.51631784529309,1.5921986774855037,-1.6440899406288478,-0.6939263602097486,0.6889261984348263,0.4563372111200255,0.10108917768023046
-1.473767561000502,1.0002928686546901,-1.0038140082695195,0.6943148541207613,0.3463818438972272,-0.855329416224931,-0.33766457279085094,-0.18685194045227163,0.3228495706439628,0.6213127119536822,1.0308482452212664
0.30360132216019775,1.0002928686546901,-1.0038140082695195,-1.3827258665404463,-1.4121982917599578,0.19361119536525534,-0.6934321952824483,-0.6939263602097486,-1.1185771512825624,-1.325398197883466,-1.0146217033690128
0.8960576165470977,1.0002928686546901,-1.0038140082695195,-0.8097491160132166,-0.7596433986544615,0.5432580658953174,-1.2708255498179917,-0.663194577194144,-0.8897792589132726,-0.6654961945488395,-1.0766056412050817
0.30360132216019775,1.0002928686546901,-1.0038140082695195,0.9808032293843761,0.6560689118117,0.19361119536525534,0.6888125019390038,-0.9705124073501906,1.3066805078319086,0.5223274114534882,0.38001689794254123
-0.8813112666136022,1.0002928686546901,0.9962004831192838,-1.740836335619965,-1.6223430878447787,-1.554623157285055,-0.11603884074690503,-1.078073647904807,-1.1185771512825624,-1.6113557326618042,-1.5104932060575653
1.4885139109339978,1.0002928686546901,0.9962004831192838,0.9091811355684725,0.8662137078965209,-0.15603567516480676,1.3420251858580021,-0.6785604687019463,0.5287676737763235,0.2693649768418814,0.7209285560409211
0.30360132216019775,-0.999707217092246,0.9962004831192838,1.016614276292328,1.5519493582785677,-1.2049762867549931,-1.1658449399024382,2.409983724366323,0.11693146751160206,1.655159183844597,0.596960680368783
-0.8813112666136022,1.0002928686546901,0.9962004831192838,-0.5948828345655055,-0.604799864697225,1.5921986774855037,1.3478574419644218,-0.617096902670737,0.3228495706439628,-0.5335157938819142,-0.053870666909942216
-1.473767561000502,-0.999707217092246,-1.0038140082695195,-1.3111037727245427,-1.379017534483407,-1.554623157285055,0.5021803065335756,-0.6324627941785393,-0.9584186266240595,-1.072435763271859,-1.1385895790411509
-0.8813112666136022,1.0002928686546901,0.9962004831192838,0.9449921824764242,1.142720018534443,0.19361119536525534,-0.2910065239394939,1.6263232574684037,1.2838007185949796,0.5883176117869509,0.6279526492868175
0.30360132216019775,1.0002928686546901,0.9962004831192838,-0.9171822567370722,-0.704342136526877,0.19361119536525534,-0.35516134111010983,-0.4019744215615043,-0.7296207342547698,-0.6654961945488395,-0.5187502006804602
0.30360132216019775,-0.999707217092246,-1.0038140082695195,1.3747247453718465,1.0210572418537573,-0.15603567516480676,1.0212511000049227,0.5660767434300428,0.25421020293317587,1.7871395845115223,0.7209285560409211
-1.473767561000502,-0.999707217092246,-1.0038140082695195,1.3389136984638947,1.9611786980226926,1.2425518069554415,-0.1335356090661639,-0.9551465158423883,0.8490847230933292,1.9191199851784473,0.19406508443433404
-1.473767561000502,1.0002928686546901,-1.0038140082695195,-1.1320485381847833,-1.2573547578027213,0.8929049364253795,-0.3318323166844313,-1.0319759733814,-1.0270579943348466,-1.226412897383272,-0.8906538276968746
1.4885139109339978,1.0002928686546901,-1.0038140082695195,-1.4901590072643018,-1.3347765247813397,1.5921986774855037,1.3711864663901003,-1.0012441903657954,-0.9355388373871306,-1.4353818651059038,-1.1385895790411509
-0.8813112666136022,-0.999707217092246,0.9962004831192838,0.9808032293843761,0.8993944651730715,-0.855329416224931,0.12308365961629976,-0.617096902670737,-0.660981366543983,0.775289846065095,0.8139044627950247
0.8960576165470977,1.0002928686546901,-1.0038140082695195,0.3362043850412427,0.3132010866206765,1.2425518069554415,1.6511347594982426,-0.1253883744210623,-0.569462209596267,-0.3245468261592825,0.7829124938769902
-0.8813112666136022,-0.999707217092246,-1.0038140082695195,-1.4185369134483983,-1.290535515079272,-0.5056825456948688,-0.2151871945560387,-0.801487600764365,-0.8668994696763437,-1.3143998311612222,-1.3865253303854272
-1.473767561000502,-0.999707217092246,-1.0038140082695195,-0.09352817785417952,0.3795626011737778,-0.855329416224931,0.1114191474034605,0.7351015500158684,0.20845062445931795,0.18137804306393115,-0.3018064182542185
-0.2888549722267022,-0.999707217092246,-1.0038140082695195,1.1240474170161836,1.33074430976823,-0.15603567516480676,-1.014206281135528,0.5968085264456474,-0.020347267909971763,1.556173883344403,-0.14684657366404583
0.8960576165470977,-0.999707217092246,-1.0038140082695195,-1.5259700541722538,-1.3347765247813397,1.2425518069554415,0.6596512214069057,-1.0934395394126093,-0.9812984158609885,-1.4573785985503913,-1.20057351687722
-0.8813112666136022,-0.999707217092246,-1.0038140082695195,0.4436375257650983,0.3463818438972272,1.5921986774855037,-0.9850450006034298,0.8426627905704848,-0.8440196804394147,0.8632767798430452,1.3097759654835772
0.30360132216019775,-0.999707217092246,-1.0038140082695195,-1.0604264443688796,-0.8260049132075628,-0.855329416224931,0.607160916449129,-1.0473418648892023,-0.2262653710423325,-0.7644814950490335,-1.1385895790411509
0.30360132216019775,1.0002928686546901,0.9962004831192838,-0.9171822567370722,-0.5937396122717081,0.8929049364253795,-1.0200385372419476,-0.43270620457710895,-0.40930368493776426,-1.028442296382884,-1.1385895790411509
-1.473767561000502,-0.999707217092246,0.9962004831192838,-1.3469148196324945,-1.1467522335475524,-1.2049762867549931,1.37701872249652,-1.078073647904807,-1.1185771512825624,-1.3034014644389784,-1.2935494236313236
0.30360132216019775,1.0002928686546901,0.9962004831192838,0.3362043850412427,0.3906228535992947,1.2425518069554415,1.0737414049626992,-0.7246581432253533,0.8033251446194711,0.5663208783424633,1.1858080898114391
0.8960576165470977,1.0002928686546901,-1.0038140082695195,-1.3469148196324945,-1.290535515079272,0.19361119536525534,-0.5067999998770202,-0.6478286856863417,-0.8211398912024858,-1.3143998311612222,-1.324541392549358
-0.2888549722267022,-0.999707217092246,-1.0038140082695195,-0.2725834123939388,-0.5937396122717081,-1.554623157285055,-0.5826193292604753,-0.47880387910051597,-0.11186642485768765,-0.2805533592703074,0.03910523984416139
0.30360132216019775,-0.999707217092246,0.9962004831192838,0.5510706664889539,0.0919960381103388,-0.15603567516480676,-0.5184645120898594,-0.9705124073501906,-0.043227057146900734,-0.20356479221460097,0.4110088668605758
-0.2888549722267022,1.0002928686546901,0.9962004831192838,-0.6665049283814092,-0.604799864697225,-0.855329416224931,0.8054576240673964,-0.03319302537424829,-0.3406643172269774,-0.5995059942153769,-0.735693983106702
-0.8813112666136022,1.0002928686546901,-1.0038140082695195,1.2314805577400392,1.9611786980226926,-0.15603567516480676,-0.1685291457046817,-0.3712426385458996,0.2770899921701048,0.5883176117869509,0.16307311551629952
0.8960576165470977,1.0002928686546901,-1.0038140082695195,0.08552705668557975,-0.4941973404420562,0.19361119536525534,1.2953671370066453,1.2114441867577408,1.1922815616472637,0.2693649768418814,-0.735693983106702
0.8960576165470977,1.0002928686546901,0.9962004831192838,-0.9529933036450241,-1.0582702141434175,-1.2049762867549931,0.3680384160859242,-0.46343798759271365,-0.18050579256847454,-1.072435763271859,-0.7666859520247364
-0.2888549722267022,1.0002928686546901,0.9962004831192838,-0.7739380691052647,-0.7596433986544615,-0.15603567516480676,0.5488383553849326,-0.002461242358643623,-0.7067409450178409,-0.5995059942153769,-0.2088305115001149
-0.2888549722267022,1.0002928686546901,0.9962004831192838,-0.8097491160132166,-0.5605588549951576,0.8929049364253795,-0.39598713385504725,-0.709292251717551,-0.4779430526485512,-0.8744651622714712,-0.2708144493361839
0.8960576165470977,1.0002928686546901,-1.0038140082695195,-0.23677236548598696,0.22471906721654142,-1.2049762867549931,-0.20935493844961908,-0.524901553623923,-0.2949047387531194,-0.2695549925480636,-0.6427180763525984
0.8960576165470977,-0.999707217092246,-1.0038140082695195,0.765936947936665,0.855153455471004,1.2425518069554415,0.33887713555382604,1.088517054695322,-1.0499377835717754,0.2473682433973938,1.1858080898114391
0.8960576165470977,1.0002928686546901,-1.0038140082695195,-1.3469148196324945,-1.2241740005261708,1.2425518069554415,1.6744637839239211,-0.7246581432253533,-1.0270579943348466,-1.2484096308277595,-1.3555333614673926
-0.2888549722267022,-0.999707217092246,0.9962004831192838,-1.1678595850927351,-1.2131137481006538,-0.5056825456948688,0.28638683059604936,-0.9705124073501906,-0.4321834741746932,-0.984448829493909,-1.0456136722870473
-1.473767561000502,1.0002928686546901,-1.0038140082695195,0.4436375257650983,-0.20663077737861715,-1.554623157285055,0.3913674405116027,0.19729534724278672,-0.2262653710423325,-0.10457949171440699,-0.02287869799190768
0.30360132216019775,-0.999707217092246,0.9962004831192838,0.9808032293843761,0.4901651254289467,-1.2049762867549931,0.9804253072599852,1.6263232574684037,1.2609209293580506,0.5883176117869509,0.8448964317130593
1.4885139109339978,1.0002928686546901,-1.0038140082695195,1.4463468391877503,0.5233458827054973,1.5921986774855037,-0.46597420713208276,0.2741248047817984,2.61082849433686,1.512180416455428,1.7126715614180261
0.30360132216019775,-0.999707217092246,-1.0038140082695195,1.6970241675434132,1.1537802709599598,-0.15603567516480676,-1.1366836593703402,2.594374422459951,0.3914889383547497,2.4030481209571737,2.0225912505983716
-0.8813112666136022,1.0002928686546901,0.9962004831192838,0.08552705668557975,-0.11814875797448206,0.5432580658953174,-0.5184645120898594,0.8887604650938917,1.2380411401211215,0.4123437442310504,0.8758884006310937
1.4885139109339978,-0.999707217092246,0.9962004831192838,-0.5948828345655055,-0.2619320395062016,-0.15603567516480676,0.9395995145150479,0.35095426232081006,-0.15762600333154558,-0.4565272268262078,-0.11585460474601128
1.4885139109339978,1.0002928686546901,-1.0038140082695195,-0.1293392247621314,0.2468395720675752,-1.554623157285055,-0.44264518270640424,0.47388139438322874,0.4601283060655366,-0.4675255935484516,0.07009720876219591
0.30360132216019775,1.0002928686546901,0.9962004831192838,-1.1678595850927351,-1.091450971419968,0.5432580658953174,-0.9267224395392335,-0.8475852752877719,-1.1185771512825624,-1.2594079975500034,-1.2315654857952545
-0.8813112666136022,-0.999707217092246,0.9962004831192838,0.9808032293843761,1.0984790088323755,1.2425518069554415,0.9745930511535656,-0.09465659140545762,0.5058878845393946,0.1593813096194436,1.6196956546639225
0.8960576165470977,1.0002928686546901,-1.0038140082695195,-1.4901590072643018,-1.390077786908924,-1.554623157285055,0.018103049700746436,-1.0627077563970047,-0.9584186266240595,-1.3143998311612222,-1.2315654857952545
0.30360132216019775,-0.999707217092246,0.9962004831192838,-0.4158276000257462,-0.09602825312344829,1.2425518069554415,1.0854059171755386,0.5199790689066357,0.5974070414871104,-0.1375745918811383,-0.02287869799190768
-0.2888549722267022,1.0002928686546901,0.9962004831192838,-0.4516386469336981,-0.29511279678275226,0.5432580658953174,1.4178445152414574,-0.5863651196551323,0.3914889383547497,-0.060586024825431885,0.10108917768023046
0.30360132216019775,-0.999707217092246,0.9962004831192838,-0.3442055062098425,-0.5052575928675731,0.5432580658953174,-0.7225934758145465,-0.32514496402249266,-0.15762600333154558,-0.1375745918811383,-0.14684657366404583
-1.473767561000502,-0.999707217092246,0.9962004831192838,0.08552705668557975,0.556526639982048,-1.554623157285055,1.5286573812634303,-1.078073647904807,-0.9584186266240595,0.14838294289719983,0.38001689794254123
0.8960576165470977,-0.999707217092246,-1.0038140082695195,0.3003933381332909,-0.0849680006979314,-0.855329416224931,0.8521156729187533,1.1960782952499385,0.025412310563886178,0.14838294289719983,-0.6117261074345638
-0.8813112666136022,-0.999707217092246,0.9962004831192838,0.8733700886605206,1.0874187564068585,1.2425518069554415,0.1697417084676568,-0.617096902670737,-0.638101577307054,0.7202980124538761,-0.08486263582797675
-1.473767561000502,1.0002928686546901,-1.0038140082695195,0.12133810359353162,0.18047805751447388,-0.15603567516480676,0.0006062813814875498,-0.340510855530295,0.5516474630132525,-0.07158439154767567,0.8139044627950247
-1.473767561000502,1.0002928686546901,0.9962004831192838,-0.6306938814734574,-0.6158601171227419,-0.5056825456948688,-0.7809160368787428,-0.2175837234678763,-0.9812984158609885,-0.5995059942153769,-0.9216457966149092
0.30360132216019775,-0.999707217092246,-1.0038140082695195,-1.0246153974609278,-0.9697881947392823,-1.554623157285055,-1.6382576845224281,-0.939780624334586,-0.660981366543983,-1.1934177972165407,-1.0766056412050817
-1.473767561000502,1.0002928686546901,-1.0038140082695195,-0.738127022197313,-0.903426680186181,0.19361119536525534,-1.107522378838242,-0.17148604894446928,-0.020347267909971763,-0.786478228493521,-0.45676626284439115
-0.8813112666136022,-0.999707217092246,0.9962004831192838,0.9091811355684725,1.5630096107040847,0.5432580658953174,0.5313415870656738,0.9809558141407058,-0.2262653710423325,1.6331624504001094,1.2787839965655428
0.8960576165470977,-0.999707217092246,-1.0038140082695195,-1.45434796035635,-1.2462945053772045,-0.15603567516480676,0.5954964042362897,-0.8168534922721673,-0.9126590481502016,-1.226412897383272,-1.262557454713289
-1.473767561000502,1.0002928686546901,-1.0038140082695195,0.9091811355684725,1.253322542789612,-0.855329416224931,-0.4893032315577613,-0.20221783196007395,2.2676316557829255,0.7532931126206075,-0.3018064182542185
0.30360132216019775,-0.999707217092246,-1.0038140082695195,-0.48744969384164993,-0.6822216316758433,-0.855329416224931,-0.6759354269631894,0.2741248047817984,-1.0499377835717754,-0.5775092607708893,-0.42577429392635663
-0.8813112666136022,-0.999707217092246,-1.0038140082695195,-0.7739380691052647,-0.8370651656330796,-1.554623157285055,-1.4049674402656431,-1.0319759733814,-0.9812984158609885,-0.5555125273264018,-0.8906538276968746
-1.473767561000502,1.0002928686546901,0.9962004831192838,1.732835214451365,2.547372076575088,-0.855329416224931,-0.1510323773854228,1.4880302338981828,1.1465219831734057,0.5443241448979758,0.2870409911884377
0.8960576165470977,1.0002928686546901,-1.0038140082695195,1.1598584639241354,1.7178531446613212,-0.855329416224931,-1.2708255498179917,2.1794953517492877,-0.615221788070125,1.270216348566065,-0.11585460474601128
0.8960576165470977,-0.999707217092246,-1.0038140082695195,-1.3469148196324945,-1.279475262653755,-0.15603567516480676,0.33887713555382604,-0.663194577194144,-0.7067409450178409,-1.3473949313279536,-1.20057351687722
-1.473767561000502,-0.999707217092246,-1.0038140082695195,-1.5975921479881574,-1.4232585441854746,-0.5056825456948688,0.16390945236123716,-0.8783170583033766,-1.0270579943348466,-1.42438349838366,-1.4485092682214962
-0.2888549722267022,1.0002928686546901,0.9962004831192838,0.5868817133969058,0.8330329506199702,1.2425518069554415,-0.35516134111010983,1.1960782952499385,0.18557083522238896,0.5773192450647071,0.4420008357786103
-0.8813112666136022,-0.999707217092246,-1.0038140082695195,-0.1293392247621314,-0.38359481618688734,-0.855329416224931,-1.6965802455866246,0.6582720924768567,-0.8897792589132726,-0.00559419121421301,-0.3947823250083221
0.8960576165470977,1.0002928686546901,0.9962004831192838,-0.738127022197313,-0.4720768355910224,-1.554623157285055,1.0912381732819583,0.01290464914915871,-0.3864238957008353,-0.786478228493521,-0.5497421695984948
1.4885139109339978,-0.999707217092246,0.9962004831192838,0.8017479948446169,0.3906228535992947,0.8929049364253795,1.2487090881552882,-0.1407542659288646,0.7346857769086843,0.5333257781757319,0.2560490222704031
-0.8813112666136022,-0.999707217092246,0.9962004831192838,-1.0246153974609278,-0.7154023889523939,1.5921986774855037,-0.3493290850036902,-1.0012441903657954,-0.2262653710423325,-0.7644814950490335,-0.735693983106702
-0.2888549722267022,-0.999707217092246,-1.0038140082695195,-0.8455601629211685,-0.5384383501441238,-0.15603567516480676,0.7996253679609767,-1.0012441903657954,-1.1414569405194912,-0.984448829493909,-0.5187502006804602
-0.2888549722267022,-0.999707217092246,0.9962004831192838,0.9091811355684725,0.7887919409179026,0.19361119536525534,-0.2560129873009761,-0.8322193837799696,2.0159539741767065,0.2803633435641251,0.6589446182048521
-1.473767561000502,-0.999707217092246,-1.0038140082695195,-1.5617811010802056,-1.4674995538875422,1.2425518069554415,-0.15686463349184243,-0.939780624334586,-0.9126590481502016,-1.4463802318281476,-1.4485092682214962
0.8960576165470977,-0.999707217092246,0.9962004831192838,1.3747247453718465,1.2312020379385782,-0.15603567516480676,-1.340812623095027,2.517544964920939,0.4601283060655366,1.3472049156217714,2.208543064106579
-0.2888549722267022,-0.999707217092246,-1.0038140082695195,-0.1293392247621314,-0.29511279678275226,0.5432580658953174,-1.3058190864565093,-0.9551465158423883,0.29996978140703384,-0.5555125273264018,0.13208114659826498
-0.2888549722267022,-0.999707217092246,0.9962004831192838,-0.4516386469336981,-0.0849680006979314,-1.554623157285055,-1.737406038331562,-0.801487600764365,-0.8211398912024858,-0.8304716953824961,-0.797677920942771
0.8960576165470977,-0.999707217092246,-1.0038140082695195,1.0882363701082318,1.430286581597882,0.19361119536525534,0.42636097715012045,-0.29441318100688796,0.9634836692779739,0.22537150995290625,1.4027518722376808
1.4885139109339978,1.0002928686546901,0.9962004831192838,0.3362043850412427,-0.3393538064848198,1.5921986774855037,1.4528380518799753,0.9809558141407058,-0.043227057146900734,0.3133584437308565,-0.42577429392635663
-1.473767561000502,1.0002928686546901,0.9962004831192838,-0.16515027167008323,-0.007546233719313188,-1.554623157285055,-1.060864329986885,-0.29441318100688796,-0.24914516027926148,-0.3685402930482576,0.5039847736146794
0.30360132216019775,1.0002928686546901,0.9962004831192838,-0.7739380691052647,-0.7375228938034277,0.19361119536525534,-0.20352268234319948,-1.0012441903657954,-0.4321834741746932,-0.8414700621047398,-0.9836297344509782
0.30360132216019775,-0.999707217092246,0.9962004831192838,1.4105357922797983,0.3795626011737778,0.8929049364253795,-0.4718064632385024,1.6724209319918109,2.8853859651800073,1.512180416455428,1.6506876235819572
0.8960576165470977,-0.999707217092246,0.9962004831192838,-1.2752927258165907,-1.0361497092923837,-1.554623157285055,-1.719909270012303,-0.7861217092565627,-0.7753803127286277,-1.3034014644389784,-1.1075976101231164
-1.473767561000502,1.0002928686546901,0.9962004831192838,-0.5232607407496018,-0.19557052495310026,-0.855329416224931,-0.05771627968270874,-0.6017310111629346,-1.1414569405194912,-0.43453049338172023,-0.3018064182542185
-0.2888549722267022,1.0002928686546901,-1.0038140082695195,0.6943148541207613,1.1648405233854768,1.2425518069554415,-1.311651342562929,-0.6324627941785393,1.9930741849397777,-0.02759092465870056,-0.14684657366404583
-1.473767561000502,1.0002928686546901,0.9962004831192838,1.6254020737275094,2.0828414747033785,0.19361119536525534,0.6479867091940664,2.502179073413137,1.2151613508841925,2.524030154901855,0.8758884006310937
-0.2888549722267022,-0.999707217092246,0.9962004831192838,1.5537799799116059,2.4478298047454357,0.5432580658953174,-1.2591610376051523,0.04363643216476338,2.496429548152215,1.31420981545504,0.8448964317130593
0.8960576165470977,1.0002928686546901,0.9962004831192838,-0.9888043505529759,-1.0361497092923837,-0.5056825456948688,-0.7575870124530643,-0.2175837234678763,-0.18050579256847454,-0.7974765952157647,-0.797677920942771
-0.2888549722267022,1.0002928686546901,-1.0038140082695195,0.8733700886605206,0.02563452355723747,-0.5056825456948688,-1.5566060990325534,0.12046588970377504,-0.4321834741746932,0.9402653468987516,0.13208114659826498
0.30360132216019775,-0.999707217092246,0.9962004831192838,-1.3111037727245427,-1.3237162723558227,1.5921986774855037,1.0095865877920833,-0.7861217092565627,-0.9355388373871306,-1.1054308634385905,-1.0456136722870473
-1.473767561000502,1.0002928686546901,0.9962004831192838,0.765936947936665,0.5122856302799805,0.19361119536525534,0.34470939166024567,0.7965651160470777,0.7118059876717553,1.0832441142879208,0.7209285560409211
-1.473767561000502,-0.999707217092246,-1.0038140082695195,0.8733700886605206,1.3418045621937469,1.5921986774855037,-0.26767749951381536,0.627540309461252,-0.5008228418854801,1.215224514954846,0.3490249290245067
-0.2888549722267022,1.0002928686546901,-1.0038140082695195,-1.0962374912768316,-1.2352342529516875,0.5432580658953174,-0.5651225609412165,-0.4019744215615043,-0.7982601019655567,-1.072435763271859,-1.1385895790411509
-0.8813112666136022,1.0002928686546901,-1.0038140082695195,1.4105357922797983,1.441346834023399,0.8929049364253795,-1.5857673795646516,-0.893682949811179,-0.615221788070125,0.973260447065483,1.929615343844268
0.8960576165470977,1.0002928686546901,0.9962004831192838,0.4436375257650983,0.19153830993999077,0.8929049364253795,-0.09854207242764615,1.3036395358045547,-0.31778452799004836,0.9402653468987516,0.3180329601064722
0.30360132216019775,-0.999707217092246,-1.0038140082695195,-0.2009613185780351,0.19153830993999077,1.2425518069554415,0.8696124412380123,0.1511976727193797,0.5058878845393946,-0.00559419121421301,0.5039847736146794
-0.8813112666136022,1.0002928686546901,-1.0038140082695195,1.267291604647991,1.1869610282365106,-1.554623157285055,0.04143207412642495,-0.5863651196551323,2.2676316557829255,1.9301183519006913,2.2395350330246133
0.30360132216019775,1.0002928686546901,0.9962004831192838,1.482157886095702,2.1934439989585472,-1.2049762867549931,0.6829802458325841,-0.9858782988579929,1.1922815616472637,2.029103652400885,1.991599281680337
1.4885139109339978,1.0002928686546901,-1.0038140082695195,-0.021906084038275812,-0.43889607831447175,-0.5056825456948688,0.5954964042362897,0.2433930217661937,-1.0270579943348466,-0.12657622515889452,-0.11585460474601128
-0.2888549722267022,1.0002928686546901,-1.0038140082695195,0.4436375257650983,1.0321174942792741,1.2425518069554415,1.4528380518799753,0.4124178283520194,-0.3406643172269774,0.335355177175344,0.9998562763032319
1.4885139109339978,1.0002928686546901,0.9962004831192838,1.482157886095702,2.104961979554412,-1.2049762867549931,-0.19769042623677985,-1.078073647904807,2.0388337634136358,0.9292669801765079,2.270527001942648
-1.473767561000502,-0.999707217092246,0.9962004831192838,-1.3827258665404463,-1.379017534483407,-1.554623157285055,0.22806426953185308,-0.9244147328267837,-1.0270579943348466,-1.3693916647724411,-1.0766056412050817
-1.473767561000502,1.0002928686546901,-1.0038140082695195,-1.45434796035635,-1.4343187966109916,0.19361119536525534,-1.7315737822251422,-0.8168534922721673,-1.0499377835717754,-1.2594079975500034,-1.1075976101231164
-0.8813112666136022,1.0002928686546901,0.9962004831192838,-0.8097491160132166,-0.6711613792503264,0.5432580658953174,-0.5184645120898594,-0.7861217092565627,-0.18050579256847454,-0.5225174271596704,-0.6117261074345638
-1.473767561000502,1.0002928686546901,0.9962004831192838,-0.30839445930189063,0.13623704781240634,1.5921986774855037,-0.3493290850036902,0.30485658779740304,-0.660981366543983,-0.4125337599372327,-0.5807341385165293
-1.473767561000502,-0.999707217092246,0.9962004831192838,0.3720154319491946,0.5012253778544636,0.8929049364253795,0.46135451378863823,0.950224031125101,-0.615221788070125,0.4563372111200255,0.16307311551629952
1.4885139109339978,-0.999707217092246,0.9962004831192838,0.4794485726730502,0.744550931215835,0.19361119536525534,0.5838318920234504,1.2575418612811478,-1.0270579943348466,0.22537150995290625,-0.36379035609028754
1.4885139109339978,-0.999707217092246,0.9962004831192838,0.9091811355684725,0.3132010866206765,0.19361119536525534,-0.8567353662621979,0.059002323672565714,-0.15762600333154558,0.9512637136209954,-0.08486263582797675
0.8960576165470977,-0.999707217092246,0.9962004831192838,-0.4516386469336981,-0.12920901039999894,-0.855329416224931,0.653818965300486,0.30485658779740304,0.5287676737763235,-0.07158439154767567,-0.5807341385165293
0.8960576165470977,1.0002928686546901,-1.0038140082695195,-1.4185369134483983,-1.312656019930306,1.2425518069554415,-1.060864329986885,-0.939780624334586,-0.9126590481502016,-1.2044161639387845,-1.324541392549358
0.8960576165470977,1.0002928686546901,-1.0038140082695195,0.5868817133969058,1.1205995136834093,0.19361119536525534,-0.2560129873009761,1.4419325593747758,-0.31778452799004836,0.918268613454264,-0.02287869799190768
0.30360132216019775,1.0002928686546901,0.9962004831192838,-1.4185369134483983,-1.3347765247813397,0.8929049364253795,-1.4166319524784823,-0.9551465158423883,-1.1185771512825624,-1.3363965646057097,-1.0456136722870473
0.8960576165470977,-0.999707217092246,0.9962004831192838,0.3003933381332909,0.5012253778544636,-0.15603567516480676,-0.9792127444970101,-0.6478286856863417,0.9634836692779739,0.8302816796763138,0.10108917768023046
1.4885139109339978,-0.999707217092246,0.9962004831192838,-0.6665049283814092,-0.8370651656330796,-1.2049762867549931,-0.6409418903246716,-0.38660853005370194,-0.4779430526485512,-0.5005206937151829,-0.9526377655329437
-0.8813112666136022,-0.999707217092246,0.9962004831192838,0.12133810359353162,0.4791048730034298,1.2425518069554415,0.5196770748528345,0.7043697670002638,-0.9584186266240595,0.2033747765084187,-0.45676626284439115
-1.473767561000502,1.0002928686546901,0.9962004831192838,0.9091811355684725,0.29108058176964274,0.5432580658953174,-0.1685291457046817,1.1807124037421362,1.6269975571489141,0.6983012790093885,1.526719747909819
0.8960576165470977,1.0002928686546901,-1.0038140082695195,-0.5232607407496018,-0.7154023889523939,0.5432580658953174,-1.7315737822251422,-0.17148604894446928,-0.2949047387531194,-0.8084749619380086,-0.2708144493361839
-0.8813112666136022,1.0002928686546901,-1.0038140082695195,1.016614276292328,0.6228881545351493,1.2425518069554415,-0.35516134111010983,0.3816860453364147,1.0778826154626189,1.6221640836778657,1.7436635303360608
0.8960576165470977,1.0002928686546901,0.9962004831192838,0.08552705668557975,-0.4941973404420562,0.19361119536525534,0.5896641481298701,1.27290775278895,-0.7067409450178409,0.5883176117869509,-0.6427180763525984
-1.473767561000502,1.0002928686546901,0.9962004831192838,-0.6306938814734574,-0.4831370880165393,0.19361119536525534,1.1553929904525742,-1.0627077563970047,0.2313304136962469,-0.8194733286602524,-0.5187502006804602
0.8960576165470977,-0.999707217092246,-1.0038140082695195,1.4105357922797983,2.1602632416819967,-1.2049762867549931,1.0037543316856636,-0.41734031306930663,1.0321230369887608,2.084095486012104,0.8448964317130593
0.30360132216019775,-0.999707217092246,0.9962004831192838,-0.9888043505529759,-0.7928241559310122,0.5432580658953174,-0.7400902441338053,-0.47880387910051597,-0.3864238957008353,-0.8194733286602524,-0.9836297344509782
-0.2888549722267022,-0.999707217092246,-1.0038140082695195,0.3720154319491946,0.9325752224496222,-1.554623157285055,-0.7167612197081268,-0.4480720960849113,-0.4779430526485512,0.8082849462318263,-0.36379035609028754
0.30360132216019775,1.0002928686546901,0.9962004831192838,0.5510706664889539,1.1095392612578923,1.5921986774855037,-0.005225974724932079,0.8580286820782871,-0.31778452799004836,0.6103143452314383,1.12382415197537
-0.8813112666136022,-0.999707217092246,0.9962004831192838,0.3720154319491946,-0.2508717870806847,-1.554623157285055,-1.7315737822251422,0.21266123875058904,0.5745272522501814,0.049397642397005864,0.6899365871228866
1.4885139109339978,1.0002928686546901,-1.0038140082695195,-1.5975921479881574,-1.4232585441854746,-1.2049762867549931,-1.469122257436259,-1.1549031054438186,-1.1414569405194912,-1.4573785985503913,-1.4795012371395309
0.8960576165470977,1.0002928686546901,-1.0038140082695195,-1.2752927258165907,-1.2352342529516875,1.2425518069554415,0.6246576847683879,-1.1549031054438186,-0.5237026311224091,-1.182419430494297,-1.0146217033690128
-1.473767561000502,1.0002928686546901,0.9962004831192838,1.4463468391877503,0.7556111836413519,0.19361119536525534,-1.2358320131794738,2.732667446030172,2.427790180441428,1.8201346846782536,0.6279526492868175
-1.473767561000502,-0.999707217092246,-1.0038140082695195,0.515259619581002,0.556526639982048,0.8929049364253795,1.4178445152414574,0.12046588970377504,1.6498773463858432,-0.09358112499216321,1.4337438411557153
-1.473767561000502,1.0002928686546901,-1.0038140082695195,0.08552705668557975,0.5344061351310142,-0.855329416224931,1.645302503391823,1.2882736442967524,-0.2949047387531194,0.47833394456451306,-0.3018064182542185
-0.2888549722267022,-0.999707217092246,-1.0038140082695195,1.3389136984638947,0.28002032934412585,0.5432580658953174,0.6246576847683879,2.363886049842916,-0.15762600333154558,1.6661575505668407,1.3097759654835772
-0.8813112666136022,-0.999707217092246,-1.0038140082695195,-0.6665049283814092,-0.6932818841013602,0.19361119536525534,1.5578186617955285,-0.3712426385458996,-0.9812984158609885,-0.5775092607708893,-0.797677920942771
0.8960576165470977,-0.999707217092246,0.9962004831192838,-0.8455601629211685,-0.5273780977186069,0.8929049364253795,0.4205287210437008,-0.2175837234678763,-0.2949047387531194,-1.0504390298273716,-0.3018064182542185
0.8960576165470977,1.0002928686546901,0.9962004831192838,1.4463468391877503,1.9722389504482094,-0.5056825456948688,-0.3260000605780117,1.2575418612811478,2.1532327095982806,0.47833394456451306,1.929615343844268
-0.8813112666136022,1.0002928686546901,0.9962004831192838,1.0524253232002798,1.4192263291723652,1.5921986774855037,1.3478574419644218,2.287056592303904,1.741396503333559,1.1492343146213833,1.7436635303360608
-0.2888549722267022,1.0002928686546901,-1.0038140082695195,-0.38001655311779436,-0.6379806219737757,-0.5056825456948688,1.6044767106468856,-0.47880387910051597,-0.2949047387531194,-0.544514160604158,-0.053870666909942216
-1.473767561000502,1.0002928686546901,0.9962004831192838,-0.5590717876575536,-0.28405254435723537,-0.15603567516480676,-0.8800643906878765,-0.9705124073501906,-0.569462209596267,-0.5225174271596704,-0.42577429392635663
0.30360132216019775,1.0002928686546901,-1.0038140082695195,-0.2009613185780351,0.13623704781240634,-0.855329416224931,-0.384322621642208,-0.8783170583033766,0.13981125674853104,-0.3245468261592825,-0.332798387172253
1.4885139109339978,1.0002928686546901,0.9962004831192838,1.4105357922797983,0.4348638633013623,0.5432580658953174,-0.34349682889727057,0.5814426349378451,-0.9584186266240595,0.34635354389758777,-0.02287869799190768
-0.8813112666136022,-0.999707217092246,-1.0038140082695195,-1.0604264443688796,-1.2131137481006538,0.19361119536525534,-1.2824900620308308,-0.7400240347331556,-0.660981366543983,-0.7754798617712773,-0.7666859520247364
-0.8813112666136022,1.0002928686546901,0.9962004831192838,-0.8813712098291203,-0.9476676898882486,1.5921986774855037,0.968760795047146,-0.8322193837799696,-1.0956973620456334,-1.0944324967163468,-1.1385895790411509
1.4885139109339978,1.0002928686546901,0.9962004831192838,-1.3111037727245427,-1.1135714762710018,-1.2049762867549931,-1.4632900013298393,-0.8322193837799696,-0.9355388373871306,-1.226412897383272,-1.1385895790411509
-0.2888549722267022,-0.999707217092246,-1.0038140082695195,0.8017479948446169,1.4966480961509834,0.5432580658953174,0.20473524510617458,-0.24831550648348097,-0.27202494951619044,0.6653061788426573,1.8056474681721297
-0.8813112666136022,-0.999707217092246,0.9962004831192838,1.1240474170161836,0.4348638633013623,-0.5056825456948688,0.11725140350988013,1.4880302338981828,1.6498773463858432,1.798137951233766,0.5039847736146794
0.8960576165470977,1.0002928686546901,0.9962004831192838,1.482157886095702,1.540889105853051,-0.15603567516480676,0.7704640874288786,1.0731511631875197,0.7575655661456132,2.2710677202902483,0.008113270926126851
-0.2888549722267022,-0.999707217092246,0.9962004831192838,0.6943148541207613,-0.029666738570346962,1.5921986774855037,-0.6059483536861539,0.3663201538286124,0.8719645123302581,-0.12657622515889452,1.6196956546639225
0.30360132216019775,1.0002928686546901,-1.0038140082695195,1.4463468391877503,1.1537802709599598,0.19361119536525534,0.5196770748528345,0.21266123875058904,2.587948705099931,1.40219674923299,1.8986233749262333
0.8960576165470977,-0.999707217092246,-1.0038140082695195,0.3003933381332909,0.5233458827054973,0.5432580658953174,-0.7575870124530643,1.0270534886641127,0.4143687275916787,0.7642914793428512,-0.5497421695984948
-0.2888549722267022,1.0002928686546901,0.9962004831192838,-1.0962374912768316,-0.9366074374627317,0.5432580658953174,0.22806426953185308,-0.4019744215615043,-1.0956973620456334,-1.127427596883078,-0.8286698898608056
-0.8813112666136022,1.0002928686546901,0.9962004831192838,1.1240474170161836,1.9058774358951083,1.2425518069554415,1.3536896980708415,2.3485201583351136,1.672757135622772,0.2803633435641251,0.8758884006310937
-0.8813112666136022,-0.999707217092246,-1.0038140082695195,-1.239481678908639,-1.0803907189944513,0.19361119536525534,0.6304899408748075,-1.0627077563970047,-0.7525005234916988,-0.984448829493909,-1.2935494236313236
1.4885139109339978,1.0002928686546901,0.9962004831192838,0.8017479948446169,0.8993944651730715,-0.855329416224931,0.134748171829139,-0.06392480838985296,1.5125986109642693,1.2372212483993335,1.7126715614180261
-0.8813112666136022,-0.999707217092246,-1.0038140082695195,-1.1678595850927351,-1.0250894568668667,0.8929049364253795,1.1962187831975115,-1.0319759733814,-0.569462209596267,-1.1164292301608343,-1.2315654857952545
-0.8813112666136022,-0.999707217092246,0.9962004831192838,-1.1678595850927351,-1.2352342529516875,0.8929049364253795,0.8637801851315926,-1.0473418648892023,-1.0956973620456334,-1.1604226970498093,-1.262557454713289
-0.8813112666136022,1.0002928686546901,0.9962004831192838,-0.5232607407496018,-0.1623897676765496,-0.15603567516480676,-0.2968387800459135,0.3663201538286124,-0.592341998833196,-0.6874929279933271,-0.2708144493361839
0.8960576165470977,-0.999707217092246,0.9962004831192838,-1.3827258665404463,-1.1688727383985862,-0.855329416224931,0.9221027461957889,-0.8629511667955743,-1.0956973620456334,-1.1384259636053218,-1.0766056412050817
-0.8813112666136022,-0.999707217092246,0.9962004831192838,-0.23677236548598696,-0.317233301633786,-0.855329416224931,-0.09270981632122652,-0.7861217092565627,0.6660464091978974,0.22537150995290625,0.5039847736146794
-1.473767561000502,1.0002928686546901,0.9962004831192838,0.26458229122533905,-0.28405254435723537,-1.554623157285055,1.5169928690505912,0.9194922481094964,-0.0661068463838297,0.6653061788426573,-0.14684657366404583
-1.473767561000502,1.0002928686546901,-1.0038140082695195,-0.2725834123939388,-0.46101658316550553,-1.2049762867549931,-1.311651342562929,-0.06392480838985296,0.5287676737763235,-0.643499461104352,-0.08486263582797675
-0.2888549722267022,-0.999707217092246,0.9962004831192838,-1.3827258665404463,-1.290535515079272,0.8929049364253795,-0.34349682889727057,-0.6785604687019463,-0.7296207342547698,-1.281404730994491,-1.2935494236313236
-0.2888549722267022,1.0002928686546901,-1.0038140082695195,-0.8813712098291203,-0.7485831462289446,-0.855329416224931,-0.6117806097925735,-0.15612015743666696,-0.27202494951619044,-1.0504390298273716,-0.9216457966149092
-0.2888549722267022,1.0002928686546901,-1.0038140082695195,1.1956695108320872,1.1869610282365106,0.8929049364253795,0.12891591572271938,0.16656356422718205,1.9244348172289907,2.0181052856786414,-0.2398224804181494
0.30360132216019775,-0.999707217092246,-1.0038140082695195,1.1240474170161836,1.7178531446613212,-0.5056825456948688,-0.7692515246659035,1.641689148976206,-0.3864238957008353,0.8962718800097765,0.9068803695491283
1.4885139109339978,-0.999707217092246,-1.0038140082695195,-1.239481678908639,-1.2352342529516875,1.2425518069554415,-0.4076516460678865,-1.1088054309204116,-0.8668994696763437,-1.083434129994103,-0.9216457966149092
-0.2888549722267022,-0.999707217092246,0.9962004831192838,0.3720154319491946,0.7887919409179026,-0.5056825456948688,0.5546706114913523,1.3343713188201594,1.3524400863057664,0.8522784131208014,0.6899365871228866
-1.473767561000502,-0.999707217092246,0.9962004831192838,1.5537799799116059,0.5344061351310142,-1.2049762867549931,-1.4516254891170002,-0.6478286856863417,-0.8211398912024858,2.425044854401661,-0.08486263582797675
0.8960576165470977,-0.999707217092246,0.9962004831192838,-0.4158276000257462,-0.317233301633786,1.2425518069554415,1.079573661069119,0.01290464914915871,0.43724851682860766,-0.22556152565908852,-0.6737100452706329
-0.2888549722267022,1.0002928686546901,0.9962004831192838,-0.021906084038275812,0.26896007691860896,1.5921986774855037,-0.7809160368787428,-0.20221783196007395,0.04829209980081515,0.14838294289719983,0.07009720876219591
0.30360132216019775,1.0002928686546901,0.9962004831192838,0.4794485726730502,0.0035140187062036978,0.5432580658953174,-0.7692515246659035,1.2268100782655431,0.940603880041045,0.35735191061983157,-0.5497421695984948
1.4885139109339978,-0.999707217092246,-1.0038140082695195,0.8017479948446169,0.22471906721654142,-1.554623157285055,-1.4807867696490982,-0.2175837234678763,0.7804453553825422,0.8852735132875328,-0.02287869799190768
0.30360132216019775,1.0002928686546901,-1.0038140082695195,1.016614276292328,1.4192263291723652,-1.2049762867549931,-1.1950062204345364,2.3485201583351136,1.8786752387551329,0.335355177175344,-0.332798387172253
-0.8813112666136022,-0.999707217092246,-1.0038140082695195,-0.738127022197313,-0.6379806219737757,-1.2049762867549931,0.134748171829139,-1.0627077563970047,-0.3406643172269774,-0.6105043609376206,-0.9216457966149092
-0.2888549722267022,1.0002928686546901,0.9962004831192838,1.5895910268195577,2.392528542617851,-0.855329416224931,-0.6176128658989931,2.548276747936544,2.0159539741767065,1.8641281515672286,0.38001689794254123
-1.473767561000502,-0.999707217092246,0.9962004831192838,0.9449921824764242,0.3242613390461934,1.2425518069554415,0.6188254286619682,-0.2175837234678763,0.025412310563886178,0.9512637136209954,0.4110088668605758
-0.2888549722267022,1.0002928686546901,-1.0038140082695195,0.19296019740943532,-0.1623897676765496,-1.554623157285055,-0.23851621898171724,-0.002461242358643623,0.9863634585149029,-0.33554519288152623,0.5349767425327139
-0.8813112666136022,1.0002928686546901,-1.0038140082695195,1.5179689330036539,1.3639250670447807,-0.855329416224931,-1.3699739036271252,0.7197356585080661,2.0159539741767065,1.116239214454652,1.8056474681721297
0.30360132216019775,1.0002928686546901,-1.0038140082695195,1.4105357922797983,0.4238036108758454,-0.5056825456948688,0.5488383553849326,1.6570550404840083,-0.11186642485768765,1.5891689835111344,0.6899365871228866
0.30360132216019775,-0.999707217092246,0.9962004831192838,0.9449921824764242,0.8772739603220377,-0.5056825456948688,1.2137155515167704,-0.709292251717551,1.100762404699548,0.5773192450647071,0.6279526492868175
1.4885139109339978,1.0002928686546901,-1.0038140082695195,-0.16515027167008323,0.11411654296137257,0.19361119536525534,1.7036250644560191,-0.24831550648348097,-0.8668994696763437,-0.4785239602706953,-0.3947823250083221
-0.2888549722267022,-0.999707217092246,0.9962004831192838,1.1956695108320872,1.927997940746142,-0.15603567516480676,-1.2533287814987326,0.9809558141407058,-0.7753803127286277,0.7092996457316324,0.6279526492868175
1.4885139109339978,-0.999707217092246,-1.0038140082695195,-1.239481678908639,-1.002968952015833,-0.5056825456948688,0.3738706721923438,-0.5556333366395276,-0.9584186266240595,-0.9624520960494214,-1.1695815479591853
0.8960576165470977,1.0002928686546901,-1.0038140082695195,1.3747247453718465,2.1823837465330302,0.5432580658953174,0.5546706114913523,1.2114441867577408,-0.5008228418854801,0.5993159785091946,1.2787839965655428
-1.473767561000502,-0.999707217092246,0.9962004831192838,0.8375590417525687,0.0035140187062036978,0.19361119536525534,0.006438537487907179,-0.20221783196007395,0.8033251446194711,0.40134537750880667,-0.2708144493361839
-0.2888549722267022,-0.999707217092246,-1.0038140082695195,-1.4185369134483983,-1.4011380393344408,1.5921986774855037,0.09392237908420162,-0.7246581432253533,-0.7525005234916988,-1.413385131661416,-1.1385895790411509
-1.473767561000502,-0.999707217092246,-1.0038140082695195,-1.1678595850927351,-1.0803907189944513,0.8929049364253795,-0.2560129873009761,-0.5556333366395276,-0.4779430526485512,-1.1054308634385905,-1.0146217033690128
0.30360132216019775,-0.999707217092246,0.9962004831192838,-1.1320485381847833,-1.0250894568668667,-0.5056825456948688,0.30388359891530825,-1.0473418648892023,-0.660981366543983,-0.984448829493909,-1.0766056412050817
-0.8813112666136022,-0.999707217092246,-1.0038140082695195,0.3362043850412427,0.5454663875565311,-0.855329416224931,-0.7167612197081268,0.9809558141407058,1.1465219831734057,0.005404175508030765,0.16307311551629952
-1.473767561000502,1.0002928686546901,0.9962004831192838,-0.16515027167008323,-0.04072699099586385,-0.855329416224931,-0.9675482322841709,0.7043697670002638,-0.08898663562075868,-0.44552886010396403,0.5349767425327139
0.8960576165470977,-0.999707217092246,-1.0038140082695195,-0.23677236548598696,-0.06284749584689762,-1.2049762867549931,-0.5826193292604753,-0.9551465158423883,0.34572935988089176,0.10438947600822474,0.22505705335236859
1.4885139109339978,-0.999707217092246,0.9962004831192838,0.6585038072128094,0.4680446205779129,-0.855329416224931,1.1787220148782527,0.3970519368442171,1.0092432477518318,0.2033747765084187,0.16307311551629952
-0.2888549722267022,-0.999707217092246,-1.0038140082695195,-1.2752927258165907,-1.1356919811220356,0.8929049364253795,-1.2358320131794738,-1.170268996951621,-0.592341998833196,-1.2594079975500034,-1.1385895790411509
0.8960576165470977,1.0002928686546901,0.9962004831192838,-0.8455601629211685,-0.9255471850372148,-0.15603567516480676,-0.839238597942939,-0.43270620457710895,-0.5465824203593381,-0.8524684288269837,-0.7047020141886674
-1.473767561000502,1.0002928686546901,-1.0038140082695195,-0.2009613185780351,0.21365881479102455,-0.5056825456948688,-1.7257415261187226,-0.017827133866445955,0.7346857769086843,0.2473682433973938,-0.2398224804181494
-0.8813112666136022,-0.999707217092246,-1.0038140082695195,-0.3442055062098425,-0.6379806219737757,-0.855329416224931,0.6654834775133253,-1.1549031054438186,-0.9126590481502016,-0.44552886010396403,-0.5807341385165293
-0.8813112666136022,1.0002928686546901,0.9962004831192838,0.0497160097776279,-0.43889607831447175,-1.554623157285055,-1.3349803669886076,0.3663201538286124,1.1922815616472637,0.17037967634168738,0.4420008357786103
-1.473767561000502,1.0002928686546901,-1.0038140082695195,1.2314805577400392,0.22471906721654142,0.19361119536525534,0.14641268404197827,-0.15612015743666696,0.7804453553825422,0.3793486440643191,0.03910523984416139
0.8960576165470977,-0.999707217092246,-1.0038140082695195,1.1240474170161836,1.1095392612578923,1.2425518069554415,0.5371738431720934,-0.2636813979912833,0.8948443015671871,1.4681869495664528,1.7126715614180261
1.4885139109339978,1.0002928686546901,0.9962004831192838,-0.8455601629211685,-0.7154023889523939,1.5921986774855037,0.5138448187464149,-0.755389926240958,-0.8668994696763437,-0.6764945612710833,-1.1385895790411509
-0.2888549722267022,-0.999707217092246,0.9962004831192838,1.1240474170161836,0.9325752224496222,-0.855329416224931,-0.6059483536861539,2.3792519413507183,1.2838007185949796,1.3252081821772836,0.3490249290245067
-1.473767561000502,-0.999707217092246,-1.0038140082695195,0.19296019740943532,-0.39465506861240424,0.19361119536525534,-0.7750837807723231,1.1499806207265315,0.5516474630132525,0.7312963791761199,0.7829124938769902
0.8960576165470977,1.0002928686546901,0.9962004831192838,0.6226927603048575,-0.14026926282551583,-0.5056825456948688,-0.699264451388868,0.6429062009690544,0.940603880041045,1.1602326813436272,1.4337438411557153
-0.2888549722267022,-0.999707217092246,0.9962004831192838,1.267291604647991,1.916937688320625,-1.2049762867549931,0.9279350023022086,2.056568219686869,-1.0041782050979176,0.3133584437308565,0.596960680368783
0.8960576165470977,-0.999707217092246,0.9962004831192838,-0.09352817785417952,-0.5826793598461912,0.5432580658953174,1.0504123805370207,-0.3558767470380973,0.9863634585149029,0.3793486440643191,-0.6427180763525984
0.8960576165470977,-0.999707217092246,0.9962004831192838,-1.4901590072643018,-1.4011380393344408,-1.2049762867549931,-0.09270981632122652,-0.9551465158423883,-0.9584186266240595,-1.468376965272635,-1.20057351687722
-1.473767561000502,1.0002928686546901,-1.0038140082695195,1.5895910268195577,2.226624756235098,-0.855329416224931,0.03559981802000532,0.3816860453364147,1.764276292570488,1.7541444843447909,0.6279526492868175
0.30360132216019775,1.0002928686546901,-1.0038140082695195,-1.0962374912768316,-1.1578124859730694,0.5432580658953174,0.4321932332565401,-1.0319759733814,-0.36354410646390634,-1.0174439296606403,-1.0766056412050817
0.8960576165470977,1.0002928686546901,0.9962004831192838,-0.057717130946227664,0.0809357856848219,-0.15603567516480676,0.403031952724442,0.5046131773988334,0.7575655661456132,-0.02759092465870056,-0.6737100452706329
-0.8813112666136022,1.0002928686546901,-1.0038140082695195,-1.45434796035635,-1.301595767504789,1.2425518069554415,-0.12187109685332466,-0.801487600764365,-1.0499377835717754,-1.325398197883466,-1.1695815479591853
-0.2888549722267022,1.0002928686546901,-1.0038140082695195,1.1956695108320872,1.0321174942792741,-0.855329416224931,-0.06354853578912836,0.535344960414438,-0.8440196804394147,0.8522784131208014,1.6816795924999917
0.8960576165470977,-0.999707217092246,0.9962004831192838,-0.3442055062098425,-0.29511279678275226,-1.554623157285055,-0.11603884074690503,0.5199790689066357,0.5058878845393946,-0.3245468261592825,-0.9216457966149092
-1.473767561000502,1.0002928686546901,0.9962004831192838,1.1240474170161836,0.4348638633013623,-1.554623157285055,0.9629285389407264,2.363886049842916,0.8948443015671871,0.5883176117869509,-0.3018064182542185
0.8960576165470977,1.0002928686546901,-1.0038140082695195,-1.6334031948961094,-1.4785598063130592,1.5921986774855037,1.0387478683241815,-1.0166100818735977,-1.0728175728087044,-1.523368798883854,-1.4795012371395309
1.4885139109339978,-0.999707217092246,0.9962004831192838,-0.5948828345655055,-0.42783582588895486,1.5921986774855037,1.5869799423276267,-0.15612015743666696,-0.24914516027926148,-0.5995059942153769,-0.797677920942771
0.8960576165470977,1.0002928686546901,0.9962004831192838,1.2314805577400392,1.5187686010020172,1.5921986774855037,-0.839238597942939,1.1807124037421362,0.18557083522238896,0.8082849462318263,1.3717599033196464
-1.473767561000502,1.0002928686546901,0.9962004831192838,-0.3442055062098425,-0.2619320395062016,-0.5056825456948688,1.1670575026654133,-0.5863651196551323,-0.9812984158609885,-0.6325010943821082,-0.7047020141886674
0.30360132216019775,-0.999707217092246,0.9962004831192838,0.4436375257650983,0.8993944651730715,-1.2049762867549931,-1.469122257436259,1.6570550404840083,1.6498773463858432,0.6543078121204134,0.9688643073851974
0.8960576165470977,1.0002928686546901,0.9962004831192838,0.6943148541207613,0.9878764845772066,-0.15603567516480676,0.4555222576822186,1.7338844980230201,0.2313304136962469,0.7092996457316324,0.4110088668605758
-0.2888549722267022,1.0002928686546901,-1.0038140082695195,1.6970241675434132,0.855153455471004,-0.15603567516480676,1.1029026854947974,-0.9551465158423883,1.2151613508841925,1.3252081821772836,2.797390473549235
0.30360132216019775,1.0002928686546901,-1.0038140082695195,1.4105357922797983,1.253322542789612,-0.5056825456948688,-0.384322621642208,1.4726643423903805,1.695636924859701,1.3911983825107463,0.3180329601064722
-0.8813112666136022,-0.999707217092246,-1.0038140082695195,-0.9888043505529759,-0.8813061753351472,-0.5056825456948688,-0.8509031101557782,-0.6939263602097486,-0.660981366543983,-0.7754798617712773,-0.48775823176242566
-1.473767561000502,-0.999707217092246,0.9962004831192838,-0.30839445930189063,-0.17345002010206648,-1.2049762867549931,1.3711864663901003,0.18192945573498437,-0.36354410646390634,-0.34654355960377003,-0.5807341385165293
-1.473767561000502,-0.999707217092246,0.9962004831192838,-0.738127022197313,-0.6158601171227419,-0.855329416224931,0.26305780617037083,-0.5556333366395276,-0.9812984158609885,-0.5115190604374267,-0.6117261074345638
-1.473767561000502,-0.999707217092246,0.9962004831192838,0.9091811355684725,0.3242613390461934,0.8929049364253795,-0.9325546956456531,0.81193100755488,0.20845062445931795,1.611165716955622,1.7436635303360608
-0.2888549722267022,-0.999707217092246,-1.0038140082695195,1.4105357922797983,2.2708657659371654,0.19361119536525534,-1.515780306287616,1.1807124037421362,0.7804453553825422,0.47833394456451306,1.2477920276475083
-0.2888549722267022,-0.999707217092246,0.9962004831192838,-0.09352817785417952,0.014574271131720584,0.19361119536525534,-0.5592903048347968,-0.6478286856863417,-0.2262653710423325,-0.34654355960377003,-0.2088305115001149
-0.8813112666136022,1.0002928686546901,-1.0038140082695195,-0.1293392247621314,-0.12920901039999894,-0.855329416224931,-0.7634192685594838,0.5814426349378451,-0.7296207342547698,-0.5005206937151829,-0.11585460474601128
-0.8813112666136022,1.0002928686546901,-1.0038140082695195,1.732835214451365,0.9104547175985884,0.8929049364253795,0.5138448187464149,3.17827829975644,-0.2949047387531194,1.5891689835111344,0.9998562763032319
0.8960576165470977,1.0002928686546901,0.9962004831192838,0.26458229122533905,0.8883342127475546,1.2425518069554415,-0.8334063418365194,1.319005427312357,-0.18050579256847454,0.8192833129540701,0.7829124938769902
0.8960576165470977,1.0002928686546901,-1.0038140082695195,-0.8455601629211685,-0.4941973404420562,-0.855329416224931,1.5053283568377518,-0.017827133866445955,-0.18050579256847454,-0.7644814950490335,-0.6737100452706329
0.8960576165470977,1.0002928686546901,-1.0038140082695195,-0.4158276000257462,-0.6822216316758433,-1.554623157285055,0.4380254893629597,0.18192945573498437,0.16269104598546,-0.12657622515889452,-0.5807341385165293
1.4885139109339978,1.0002928686546901,0.9962004831192838,0.40782647885714646,0.7777316884923857,1.5921986774855037,1.283702624793806,0.9194922481094964,0.3686091491178207,0.7202980124538761,1.1548161208934047
0.8960576165470977,-0.999707217092246,0.9962004831192838,1.6254020737275094,0.5233458827054973,-0.855329416224931,-1.6324254284160087,-0.663194577194144,2.633708283573789,1.4241934826774778,0.5039847736146794
-0.2888549722267022,1.0002928686546901,0.9962004831192838,0.26458229122533905,0.8109124457689364,-0.855329416224931,1.6861282961367603,0.673637983984659,-0.5465824203593381,0.21437314323066248,-0.053870666909942216
-0.8813112666136022,1.0002928686546901,0.9962004831192838,1.1956695108320872,1.7399736495123548,-0.5056825456948688,-1.2883223181372505,1.7031527150074155,-0.9126590481502016,1.1822294147881147,1.8986233749262333
0.8960576165470977,1.0002928686546901,0.9962004831192838,-0.021906084038275812,0.3132010866206765,0.5432580658953174,-1.702412501693044,-0.340510855530295,0.13981125674853104,-0.25855662582581984,-0.5187502006804602
1.4885139109339978,1.0002928686546901,0.9962004831192838,-0.4158276000257462,-0.7596433986544615,1.2425518069554415,0.006438537487907179,-0.5556333366395276,-1.0041782050979176,-0.5225174271596704,0.19406508443433404
-1.473767561000502,1.0002928686546901,-1.0038140082695195,0.3362043850412427,0.855153455471004,0.8929049364253795,-1.7315737822251422,0.7197356585080661,0.34572935988089176,0.2803633435641251,0.6589446182048521
-0.8813112666136022,1.0002928686546901,0.9962004831192838,-0.9529933036450241,-0.9919086995903161,0.19361119536525534,-1.5274448185004552,-0.6324627941785393,-0.660981366543983,-0.6325010943821082,-0.8286698898608056
0.30360132216019775,-0.999707217092246,-1.0038140082695195,0.9449921824764242,1.3860455718958145,-1.2049762867549931,-0.9325546956456531,0.9809558141407058,0.5745272522501814,1.31420981545504,0.38001689794254123
1.4885139109339978,1.0002928686546901,-1.0038140082695195,-0.6665049283814092,-0.8591856704841134,-1.554623157285055,1.3945154908157789,-0.8168534922721673,-0.4779430526485512,-0.544514160604158,-0.42577429392635663
0.8960576165470977,1.0002928686546901,-1.0038140082695195,0.9091811355684725,1.629371125257186,1.2425518069554415,-0.8975611590071353,-0.41734031306930663,2.0388337634136358,0.35735191061983157,0.22505705335236859
-0.8813112666136022,1.0002928686546901,0.9962004831192838,0.08552705668557975,0.4127433584503285,0.8929049364253795,-1.387470671946384,-1.1088054309204116,0.002532521326957207,-0.3575419263260138,0.16307311551629952
1.4885139109339978,-0.999707217092246,-1.0038140082695195,1.3747247453718465,2.248745261086132,0.8929049364253795,-0.6934321952824483,1.4880302338981828,1.4439592432534822,1.1052408477324083,-0.02287869799190768
-1.473767561000502,-0.999707217092246,-1.0038140082695195,1.3389136984638947,0.556526639982048,-1.2049762867549931,-0.9675482322841709,1.3036395358045547,-0.18050579256847454,1.6881542840113284,2.3015189708606822
0.8960576165470977,-0.999707217092246,-1.0038140082695195,0.22877124431738718,0.6560689118117,1.2425518069554415,-0.6409418903246716,-1.078073647904807,-0.15762600333154558,-0.29155172599255114,0.3180329601064722
-0.2888549722267022,1.0002928686546901,-1.0038140082695195,-1.1320485381847833,-1.1799329908241032,-0.855329416224931,1.2020510393039312,-0.8168534922721673,-0.4321834741746932,-1.1384259636053218,-0.8286698898608056
0.30360132216019775,1.0002928686546901,0.9962004831192838,0.40782647885714646,-0.06284749584689762,-1.554623157285055,0.37970292829876345,1.6570550404840083,0.7804453553825422,0.18137804306393115,0.5039847736146794
-0.2888549722267022,1.0002928686546901,-1.0038140082695195,-0.48744969384164993,-0.4720768355910224,0.19361119536525534,1.1029026854947974,-0.893682949811179,-0.9812984158609885,-0.3245468261592825,-0.735693983106702
-0.2888549722267022,-0.999707217092246,-1.0038140082695195,-0.16515027167008323,0.25789982449309207,1.5921986774855037,-0.011058230831351708,0.5968085264456474,0.25421020293317587,-0.11557785843665076,-0.2708144493361839
0.30360132216019775,1.0002928686546901,0.9962004831192838,1.5179689330036539,0.9215149700241053,0.8929049364253795,0.7529673191096197,-0.617096902670737,1.1236421939364767,1.3362065488995276,1.4957277789917844
0.30360132216019775,-0.999707217092246,-1.0038140082695195,1.3747247453718465,0.6781894166627338,-0.15603567516480676,-0.7692515246659035,1.7185186065152178,-0.5465824203593381,1.8311330514004973,1.1858080898114391
-0.2888549722267022,1.0002928686546901,0.9962004831192838,0.765936947936665,0.744550931215835,0.19361119536525534,0.23972878174469234,-1.1549031054438186,1.4668390324904113,-0.060586024825431885,-0.36379035609028754
-0.8813112666136022,-0.999707217092246,0.9962004831192838,-1.3111037727245427,-1.2131137481006538,-1.2049762867549931,1.645302503391823,-0.7246581432253533,-0.8668994696763437,-1.1054308634385905,-1.1385895790411509
-1.473767561000502,-0.999707217092246,-1.0038140082695195,-0.9171822567370722,-0.6932818841013602,-1.554623157285055,0.3680384160859242,-0.5402674451317253,-0.660981366543983,-0.5995059942153769,-0.6117261074345638
0.30360132216019775,-0.999707217092246,0.9962004831192838,0.765936947936665,0.5786471448330818,-0.15603567516480676,-0.23851621898171724,-1.1549031054438186,1.8786752387551329,1.3252081821772836,1.7436635303360608
1.4885139109339978,1.0002928686546901,-1.0038140082695195,1.5895910268195577,1.7178531446613212,-0.15603567516480676,1.3070316492194844,1.3497372103279617,-0.2949047387531194,1.6661575505668407,2.518462753286924
1.4885139109339978,-0.999707217092246,0.9962004831192838,-0.9888043505529759,-1.0582702141434175,-0.5056825456948688,0.25139329395753157,-0.755389926240958,-0.7067409450178409,-0.7204880281600584,-0.7666859520247364
-0.8813112666136022,1.0002928686546901,0.9962004831192838,-0.5590717876575536,-0.39465506861240424,-0.15603567516480676,1.7444508572009567,-0.6785604687019463,-0.5237026311224091,-0.6764945612710833,-0.14684657366404583
-0.8813112666136022,1.0002928686546901,0.9962004831192838,1.4105357922797983,1.629371125257186,-1.554623157285055,0.403031952724442,2.240958917780497,0.5058878845393946,1.017253913954458,-0.08486263582797675
0.8960576165470977,-0.999707217092246,0.9962004831192838,-1.705025288712013,-1.6223430878447787,0.5432580658953174,-0.8800643906878765,-1.0473418648892023,-1.1185771512825624,-1.5783606324950727,-1.5104932060575653
0.30360132216019775,1.0002928686546901,0.9962004831192838,-1.0246153974609278,-0.704342136526877,-1.554623157285055,1.6219734789661444,-0.38660853005370194,-0.8440196804394147,-0.9624520960494214,-0.5807341385165293
0.30360132216019775,-0.999707217092246,-1.0038140082695195,-0.057717130946227664,-0.2619320395062016,0.5432580658953174,0.3155481111281475,-0.03319302537424829,-0.9126590481502016,-0.2365598923813323,0.6899365871228866
0.8960576165470977,1.0002928686546901,0.9962004831192838,-1.2752927258165907,-1.1688727383985862,-0.855329416224931,-0.4368129265999846,-0.5863651196551323,-0.6838611557809119,-1.1164292301608343,-1.1075976101231164
0.30360132216019775,1.0002928686546901,-1.0038140082695195,0.3003933381332909,0.7998521933434195,-0.855329416224931,-1.3058190864565093,-0.15612015743666696,1.2609209293580506,0.3243568104531002,-0.053870666909942216
-0.8813112666136022,1.0002928686546901,-1.0038140082695195,0.8375590417525687,1.540889105853051,-0.5056825456948688,-0.011058230831351708,0.7043697670002638,-0.043227057146900734,0.12638620945271228,0.6279526492868175
0.8960576165470977,-0.999707217092246,0.9962004831192838,1.4105357922797983,1.6846723873847704,1.5921986774855037,-0.3901548777486276,2.0719341111946714,0.5516474630132525,1.6881542840113284,2.518462753286924
-1.473767561000502,1.0002928686546901,-1.0038140082695195,0.8375590417525687,1.142720018534443,-0.855329416224931,-0.792580549091582,-0.801487600764365,0.13981125674853104,1.2812147152883087,1.061840214139301
0.30360132216019775,1.0002928686546901,0.9962004831192838,-1.6334031948961094,-1.489620058738576,-1.554623157285055,1.2370445759424489,-1.078073647904807,-1.0270579943348466,-1.5123704321616103,-1.4795012371395309
-0.8813112666136022,-0.999707217092246,-1.0038140082695195,0.013904962869676045,-0.15132951525103272,0.5432580658953174,-1.4516254891170002,-0.20221783196007395,-0.638101577307054,-0.2805533592703074,-0.42577429392635663
-0.8813112666136022,-0.999707217092246,0.9962004831192838,0.7301259010287131,0.45698436815239607,0.8929049364253795,0.811289880173816,-0.04855891688205062,-1.1414569405194912,1.0062555472322143,-0.42577429392635663
0.8960576165470977,1.0002928686546901,0.9962004831192838,-1.0246153974609278,-0.7707036510799784,0.5432580658953174,0.8054576240673964,-0.2636813979912833,-0.5008228418854801,-0.7644814950490335,-1.1075976101231164
-0.8813112666136022,1.0002928686546901,-1.0038140082695195,-1.4185369134483983,-1.2684150102282383,-1.554623157285055,-0.5301290243026987,-1.124171322428214,-1.1414569405194912,-1.42438349838366,-1.1385895790411509
0.30360132216019775,1.0002928686546901,0.9962004831192838,0.3720154319491946,0.6339484069606662,1.2425518069554415,-0.7517547563466446,-1.078073647904807,0.8033251446194711,0.3133584437308565,0.7829124938769902
-0.8813112666136022,-0.999707217092246,0.9962004831192838,-0.23677236548598696,-0.05178724342138073,-0.5056825456948688,1.7211218327752782,0.5968085264456474,0.29996978140703384,-0.6325010943821082,-0.797677920942771
0.8960576165470977,1.0002928686546901,-1.0038140082695195,-0.5232607407496018,-0.3061730492082691,0.5432580658953174,-1.0025417689226885,0.44314961136762404,-0.592341998833196,-0.6654961945488395,-0.735693983106702
-0.2888549722267022,-0.999707217092246,0.9962004831192838,0.4436375257650983,0.4791048730034298,1.2425518069554415,-0.996709512816269,1.2882736442967524,0.5058878845393946,0.5223274114534882,0.47299280469664484
0.30360132216019775,-0.999707217092246,-1.0038140082695195,-0.4516386469336981,-0.37253456376137045,-1.2049762867549931,0.5546706114913523,-1.1549031054438186,-1.0270579943348466,-0.7534831283267897,0.03910523984416139
-0.8813112666136022,-0.999707217092246,-1.0038140082695195,-0.16515027167008323,-0.2729922919317185,-0.5056825456948688,-0.7634192685594838,0.44314961136762404,-1.1414569405194912,-0.07158439154767567,-0.332798387172253
0.30360132216019775,-0.999707217092246,0.9962004831192838,1.267291604647991,0.7334906787903183,1.5921986774855037,0.24556103785111197,-0.340510855530295,0.8719645123302581,0.973260447065483,1.2787839965655428
0.8960576165470977,1.0002928686546901,-1.0038140082695195,-0.2009613185780351,-0.5937396122717081,0.8929049364253795,1.7269540888816977,0.35095426232081006,0.7346857769086843,-0.1375745918811383,0.16307311551629952
1.4885139109339978,-0.999707217092246,-1.0038140082695195,1.016614276292328,0.28002032934412585,-1.554623157285055,-0.2326839628752976,1.872177521593241,-0.5008228418854801,1.512180416455428,0.13208114659826498
-0.8813112666136022,-0.999707217092246,0.9962004831192838,1.5895910268195577,1.6957326398102874,1.2425518069554415,-0.5767870731540558,-0.9551465158423883,-0.3864238957008353,0.5883176117869509,0.16307311551629952
-0.2888549722267022,1.0002928686546901,0.9962004831192838,-0.6306938814734574,-0.42783582588895486,-0.855329416224931,0.2805545744896297,-0.3712426385458996,0.2313304136962469,-0.25855662582581984,-0.17783854258208034
-0.8813112666136022,1.0002928686546901,0.9962004831192838,-1.705025288712013,-1.5670418257171943,-0.15603567516480676,-0.9792127444970101,-1.0934395394126093,-1.0270579943348466,-1.567362265772829,-1.5104932060575653
0.8960576165470977,1.0002928686546901,0.9962004831192838,-0.8097491160132166,-0.6601011268248095,1.2425518069554415,-0.9150579273263942,-0.2636813979912833,-0.043227057146900734,-0.7424847616045459,-1.1385895790411509
0.30360132216019775,1.0002928686546901,0.9962004831192838,-1.0962374912768316,-1.2131137481006538,0.8929049364253795,-0.16269688959826206,-0.893682949811179,-0.24914516027926148,-1.028442296382884,-1.1385895790411509
0.30360132216019775,1.0002928686546901,0.9962004831192838,1.5537799799116059,1.7399736495123548,1.5921986774855037,1.5986444545404659,2.3485201583351136,2.9082657544169366,0.4563372111200255,1.2477920276475083
0.30360132216019775,-0.999707217092246,-1.0038140082695195,0.40782647885714646,0.16941780508895699,-0.15603567516480676,1.6394702472854032,1.27290775278895,0.7346857769086843,0.5443241448979758,1.2787839965655428
-0.8813112666136022,-0.999707217092246,0.9962004831192838,-0.48744969384164993,-0.28405254435723537,-0.15603567516480676,-1.0200385372419476,-0.32514496402249266,-0.8897792589132726,-0.10457949171440699,-0.17783854258208034
0.8960576165470977,1.0002928686546901,0.9962004831192838,1.5179689330036539,1.3639250670447807,1.2425518069554415,-1.5216125623940355,2.148763568733683,-1.0270579943348466,2.1720824197900543,0.5039847736146794
0.30360132216019775,-0.999707217092246,0.9962004831192838,0.515259619581002,0.7998521933434195,-0.855329416224931,-0.6467741464310913,1.4265666678669735,1.5354784002011983,0.7202980124538761,0.5659687114507485
0.8960576165470977,-0.999707217092246,0.9962004831192838,0.08552705668557975,0.4459241157268792,-1.2049762867549931,0.3272126233409868,1.0270534886641127,0.43724851682860766,0.2913617102863689,-0.332798387172253
-0.8813112666136022,1.0002928686546901,-1.0038140082695195,0.40782647885714646,0.3353215914717103,1.2425518069554415,-1.6032641478839105,-0.6785604687019463,1.6041177679119851,0.44533884439778176,-0.48775823176242566
-0.8813112666136022,1.0002928686546901,0.9962004831192838,1.732835214451365,1.7399736495123548,1.5921986774855037,-0.2326839628752976,0.7043697670002638,0.25421020293317587,2.579021988513074,2.208543064106579
0.8960576165470977,-0.999707217092246,0.9962004831192838,0.5510706664889539,0.0919960381103388,0.8929049364253795,-1.2824900620308308,-0.15612015743666696,1.741396503333559,1.0502490141211893,-0.14684657366404583
0.30360132216019775,1.0002928686546901,-1.0038140082695195,1.5537799799116059,2.1934439989585472,0.8929049364253795,-0.2968387800459135,1.641689148976206,-0.13474621409461662,2.3040628204569793,-0.053870666909942216
-1.473767561000502,-0.999707217092246,-1.0038140082695195,1.3747247453718465,0.7113701739392845,-0.15603567516480676,-0.273509755620235,-0.801487600764365,1.1236421939364767,0.6103143452314383,2.1465591262705095
-0.2888549722267022,-0.999707217092246,-1.0038140082695195,-0.6306938814734574,-0.803884408356529,1.5921986774855037,1.3420251858580021,-0.41734031306930663,-0.660981366543983,-0.21456315893684474,-0.735693983106702
0.30360132216019775,1.0002928686546901,0.9962004831192838,0.5868817133969058,0.06987553325930501,-1.2049762867549931,-0.8975611590071353,0.45851550287542636,0.5974070414871104,-0.11557785843665076,1.2787839965655428
-0.8813112666136022,1.0002928686546901,-1.0038140082695195,0.6943148541207613,1.2643827952151288,0.8929049364253795,-0.8100773174108409,1.9951046536556598,-0.3864238957008353,1.3802000157885026,-0.11585460474601128
1.4885139109339978,-0.999707217092246,0.9962004831192838,-0.8813712098291203,-1.0693304665689343,-0.5056825456948688,0.44969000157579897,-0.1253883744210623,-0.9584186266240595,-0.8744651622714712,-1.1385895790411509
-0.8813112666136022,1.0002928686546901,0.9962004831192838,-0.4516386469336981,-0.44995633073998864,-0.855329416224931,0.9395995145150479,-0.8322193837799696,-0.7296207342547698,-0.7094896614378146,0.22505705335236859
0.8960576165470977,1.0002928686546901,0.9962004831192838,-0.7739380691052647,-0.6379806219737757,0.5432580658953174,1.0562446366434404,-0.709292251717551,-0.5008228418854801,-0.9294569958826902,-0.2088305115001149
-1.473767561000502,1.0002928686546901,0.9962004831192838,1.5895910268195577,1.1980212806620274,-1.554623157285055,0.7762963435352982,2.302422483811706,2.427790180441428,0.5773192450647071,1.340767934401612
-0.2888549722267022,1.0002928686546901,-1.0038140082695195,-1.1320485381847833,-0.8481254180585965,-1.554623157285055,1.69196055224318,-1.0627077563970047,-0.8897792589132726,-0.8854635289937149,-0.735693983106702
-0.8813112666136022,1.0002928686546901,0.9962004831192838,1.1598584639241354,1.4634673388744328,0.8929049364253795,0.6129931725555486,-0.939780624334586,1.5354784002011983,0.19237640978617493,1.991599281680337
1.4885139109339978,-0.999707217092246,0.9962004831192838,-0.3442055062098425,0.036694775982754356,-0.15603567516480676,1.3828509786029397,0.45851550287542636,-0.8897792589132726,0.005404175508030765,-0.42577429392635663
-1.473767561000502,-0.999707217092246,-1.0038140082695195,1.1956695108320872,1.0099969894282403,-1.2049762867549931,1.0854059171755386,0.673637983984659,1.1694017724103347,1.2592179818438212,1.0928321830573355
-0.2888549722267022,1.0002928686546901,-1.0038140082695195,-0.3442055062098425,0.11411654296137257,-0.855329416224931,-0.3085032922587528,-0.617096902670737,-0.4321834741746932,-0.00559419121421301,-0.3947823250083221
-0.2888549722267022,-0.999707217092246,0.9962004831192838,1.3389136984638947,2.127082484405446,-1.554623157285055,0.6596512214069057,0.45851550287542636,1.71851671409663,1.556173883344403,0.2870409911884377
1.4885139109339978,-0.999707217092246,0.9962004831192838,-1.5259700541722538,-1.4011380393344408,0.19361119536525534,-1.1425159154767597,-1.078073647904807,-1.1414569405194912,-1.3143998311612222,-1.2935494236313236
0.30360132216019775,-0.999707217092246,0.9962004831192838,1.482157886095702,2.027540212575794,-0.5056825456948688,-0.20352268234319948,2.0412023281790668,2.3362710234937123,1.611165716955622,1.991599281680337
0.30360132216019775,1.0002928686546901,0.9962004831192838,-1.5975921479881574,-1.5228008160151267,0.8929049364253795,-0.524296768196279,-1.0627077563970047,-1.0728175728087044,-1.4023867649391724,-1.262557454713289
0.30360132216019775,1.0002928686546901,0.9962004831192838,-0.48744969384164993,-0.2729922919317185,1.2425518069554415,-0.069380791895548,0.535344960414438,-0.4321834741746932,-0.6984912947155708,-0.2708144493361839
0.8960576165470977,1.0002928686546901,-1.0038140082695195,1.732835214451365,1.540889105853051,1.2425518069554415,1.0095865877920833,2.548276747936544,3.2972221714447287,1.2812147152883087,2.0845751884344406
1.4885139109339978,-0.999707217092246,0.9962004831192838,1.6612131206354614,0.8219726981944533,0.8929049364253795,-1.4749545135426787,2.45608139888973,1.8100358710443458,1.2812147152883087,2.4874707843688895
1.4885139109339978,-0.999707217092246,0.9962004831192838,-1.705025288712013,-1.6002225829937449,-0.15603567516480676,-0.07521304800196763,-1.1549031054438186,-1.0499377835717754,-1.5563638990505853,-1.5104932060575653
-0.8813112666136022,1.0002928686546901,0.9962004831192838,-0.8097491160132166,-0.9476676898882486,1.2425518069554415,1.1787220148782527,-0.5402674451317253,-0.020347267909971763,-0.8854635289937149,-0.3947823250083221
1.4885139109339978,1.0002928686546901,-1.0038140082695195,-1.5975921479881574,-1.5117405635896097,0.5432580658953174,-0.3260000605780117,-1.1088054309204116,-0.9355388373871306,-1.4353818651059038,-1.4485092682214962
-0.8813112666136022,-0.999707217092246,0.9962004831192838,0.0497160097776279,0.4791048730034298,0.19361119536525534,1.0445801244306012,-0.3558767470380973,-0.15762600333154558,0.5223274114534882,0.2560490222704031
1.4885139109339978,-0.999707217092246,0.9962004831192838,0.515259619581002,0.3242613390461934,-0.15603567516480676,-1.3933029280528038,1.2575418612811478,1.2838007185949796,0.5553225116202195,0.3490249290245067
-1.473767561000502,1.0002928686546901,-1.0038140082695195,-1.4185369134483983,-1.2241740005261708,1.2425518069554415,1.6802960400303406,-1.0934395394126093,-0.8440196804394147,-1.3803900314946849,-1.1385895790411509
0.8960576165470977,-0.999707217092246,0.9962004831192838,0.26458229122533905,0.06987553325930501,0.5432580658953174,-0.4134839021743061,-0.18685194045227163,-1.1185771512825624,0.6873029122871448,1.1548161208934047
-0.2888549722267022,1.0002928686546901,0.9962004831192838,1.016614276292328,0.10305629053585567,1.2425518069554415,-1.6382576845224281,1.503396125405985,-0.4779430526485512,1.6221640836778657,1.340767934401612
0.30360132216019775,-0.999707217092246,0.9962004831192838,-0.9888043505529759,-0.7928241559310122,-0.5056825456948688,-1.7432382944379816,-0.5095356621161207,-0.27202494951619044,-0.8634667955492275,-1.1695815479591853
-1.473767561000502,-0.999707217092246,-1.0038140082695195,-0.7739380691052647,-0.8149446607820459,-0.5056825456948688,-1.3524771353078664,-1.0473418648892023,-0.2949047387531194,-0.8194733286602524,-0.42577429392635663
0.8960576165470977,1.0002928686546901,-1.0038140082695195,0.8375590417525687,0.02563452355723747,-0.855329416224931,0.4555222576822186,2.2255930262726946,1.9473146064659197,1.512180416455428,0.7519205249589557
0.8960576165470977,-0.999707217092246,-1.0038140082695195,0.26458229122533905,0.36850234874826093,0.8929049364253795,-0.950051463964912,-0.939780624334586,0.11693146751160206,0.21437314323066248,0.47299280469664484
-0.2888549722267022,1.0002928686546901,-1.0038140082695195,-0.6306938814734574,-0.9476676898882486,-0.855329416224931,-1.5624383551389731,-0.18685194045227163,-0.6838611557809119,-0.6874929279933271,-0.7047020141886674
-0.2888549722267022,1.0002928686546901,-1.0038140082695195,0.0497160097776279,0.18047805751447388,1.2425518069554415,-1.340812623095027,-0.32514496402249266,0.8262049338564001,0.2033747765084187,0.5659687114507485
0.8960576165470977,-0.999707217092246,0.9962004831192838,-1.705025288712013,-1.5559815732916773,-1.2049762867549931,-0.8275740857300997,-1.0473418648892023,-1.1185771512825624,-1.5453655323283415,-1.4175172993034617
1.4885139109339978,-0.999707217092246,-1.0038140082695195,0.3003933381332909,-0.15132951525103272,0.5432580658953174,-1.1775094521152776,0.7504674415236707,-1.0041782050979176,0.5773192450647071,-0.6117261074345638
-0.8813112666136022,1.0002928686546901,0.9962004831192838,-1.4185369134483983,-1.2573547578027213,-0.5056825456948688,1.0504123805370207,-1.0627077563970047,-0.7296207342547698,-1.226412897383272,-1.0456136722870473
-0.2888549722267022,1.0002928686546901,-1.0038140082695195,1.3747247453718465,0.8772739603220377,-1.2049762867549931,-0.46597420713208276,2.3485201583351136,-1.0270579943348466,1.1052408477324083,-0.08486263582797675
-0.8813112666136022,-0.999707217092246,-1.0038140082695195,-0.8455601629211685,-0.7817639035054953,0.8929049364253795,0.5371738431720934,-0.8475852752877719,-0.31778452799004836,-0.7754798617712773,-0.8906538276968746
0.30360132216019775,-0.999707217092246,0.9962004831192838,0.9449921824764242,0.7887919409179026,1.5921986774855037,1.7269540888816977,2.2563248092882993,1.9015550279920617,0.9622620803432391,1.2787839965655428
1.4885139109339978,1.0002928686546901,0.9962004831192838,1.1956695108320872,0.7556111836413519,-1.554623157285055,1.3478574419644218,-0.57099922814733,-0.24914516027926148,0.5223274114534882,0.13208114659826498
1.4885139109339978,-0.999707217092246,-1.0038140082695195,1.5537799799116059,2.392528542617851,-0.15603567516480676,-0.524296768196279,2.0258364366712645,0.5516474630132525,0.7972865795095826,0.4110088668605758
-0.2888549722267022,1.0002928686546901,0.9962004831192838,-1.2752927258165907,-1.1246317286965188,-1.2049762867549931,0.08225786687136236,-0.47880387910051597,-0.8440196804394147,-1.0944324967163468,-0.8906538276968746
-1.473767561000502,1.0002928686546901,-1.0038140082695195,0.013904962869676045,0.5233458827054973,0.19361119536525534,1.5636509179019482,-0.8783170583033766,0.4830080953024656,0.34635354389758777,0.22505705335236859
-0.8813112666136022,-0.999707217092246,-1.0038140082695195,-1.0604264443688796,-0.7817639035054953,-0.855329416224931,1.2720381125809668,-0.4480720960849113,-0.4779430526485512,-1.127427596883078,-0.6427180763525984
0.30360132216019775,-0.999707217092246,0.9962004831192838,-1.4901590072643018,-1.4232585441854746,1.5921986774855037,0.0705933546585231,-1.0627077563970047,-0.7982601019655567,-1.4573785985503913,-1.3865253303854272
1.4885139109339978,1.0002928686546901,0.9962004831192838,1.267291604647991,1.2312020379385782,-0.15603567516480676,1.423676771347877,2.4253496158741252,1.100762404699548,0.3243568104531002,1.9606073127623025
0.30360132216019775,-0.999707217092246,-1.0038140082695195,-0.2009613185780351,-0.29511279678275226,0.19361119536525534,-0.7575870124530643,-0.524901553623923,0.5974070414871104,-0.10457949171440699,-0.48775823176242566
-0.8813112666136022,1.0002928686546901,-1.0038140082695195,1.1598584639241354,1.5519493582785677,-0.855329416224931,1.6219734789661444,0.950224031125101,1.1236421939364767,1.798137951233766,1.4027518722376808
0.30360132216019775,-0.999707217092246,-1.0038140082695195,1.3031026515559427,1.7620941543633886,0.8929049364253795,0.9395995145150479,-1.0934395394126093,-0.7296207342547698,0.4563372111200255,-0.053870666909942216
-0.2888549722267022,1.0002928686546901,0.9962004831192838,1.2314805577400392,1.7399736495123548,-0.855329416224931,0.37970292829876345,-0.27904728949908564,1.1236421939364767,0.5113290447312444,0.7519205249589557
-0.8813112666136022,1.0002928686546901,-1.0038140082695195,-0.16515027167008323,0.0035140187062036978,-1.2049762867549931,-0.03438725525703022,0.9655899226329034,-0.27202494951619044,-0.37953865977050133,-0.332798387172253
0.8960576165470977,1.0002928686546901,0.9962004831192838,1.016614276292328,1.3418045621937469,-0.15603567516480676,-0.22685170676887798,2.3946178328585206,2.1532327095982806,1.4681869495664528,1.8366394370901644
0.8960576165470977,-0.999707217092246,0.9962004831192838,-0.1293392247621314,-0.29511279678275226,-0.5056825456948688,0.46135451378863823,0.950224031125101,-1.0956973620456334,-0.5885076274931331,0.6279526492868175
-1.473767561000502,-0.999707217092246,0.9962004831192838,0.765936947936665,0.744550931215835,-1.2049762867549931,-0.8917289029007157,1.5648596914371944,1.3524400863057664,1.0282522806767018,0.8139044627950247
0.30360132216019775,1.0002928686546901,-1.0038140082695195,0.6585038072128094,0.21365881479102455,-1.2049762867549931,0.5546706114913523,-0.5095356621161207,0.25421020293317587,1.3032114487327962,0.3180329601064722
1.4885139109339978,1.0002928686546901,-1.0038140082695195,1.732835214451365,2.2819260183626824,1.5921986774855037,-0.7517547563466446,0.30485658779740304,3.068424279075439,2.6340138221242926,3.0143342559754767
-1.473767561000502,1.0002928686546901,-1.0038140082695195,-0.09352817785417952,0.4238036108758454,0.19361119536525534,0.2980513428088886,-0.07929069989765529,-0.9126590481502016,0.049397642397005864,-0.053870666909942216
0.8960576165470977,-0.999707217092246,0.9962004831192838,1.0524253232002798,1.7731544067889056,-0.855329416224931,-0.681767683069609,1.8875434131010433,1.4897188217273403,0.775289846065095,0.22505705335236859
-1.473767561000502,-0.999707217092246,-1.0038140082695195,-1.740836335619965,-1.6002225829937449,-0.5056825456948688,-0.5709548170476361,-1.078073647904807,-1.0956973620456334,-1.5893589992173165,-1.5104932060575653
0.30360132216019775,-0.999707217092246,-1.0038140082695195,-1.4901590072643018,-1.3679572820578902,-0.15603567516480676,-0.22685170676887798,-0.7400240347331556,-1.0728175728087044,-1.4573785985503913,-1.1385895790411509
-0.2888549722267022,1.0002928686546901,-1.0038140082695195,0.515259619581002,-0.11814875797448206,-1.554623157285055,0.6421544530876467,-1.0012441903657954,1.764276292570488,0.632311078675926,-0.3018064182542185
0.30360132216019775,1.0002928686546901,-1.0038140082695195,0.9091811355684725,1.2643827952151288,-1.2049762867549931,0.5255093309592541,-0.340510855530295,-1.0041782050979176,1.0062555472322143,1.12382415197537
-0.2888549722267022,-0.999707217092246,-1.0038140082695195,-0.6306938814734574,-0.37253456376137045,-1.2049762867549931,-1.200838476540956,-0.27904728949908564,-0.2949047387531194,-0.9184586291604463,-0.735693983106702
0.8960576165470977,1.0002928686546901,-1.0038140082695195,-0.8455601629211685,-0.7817639035054953,-1.2049762867549931,-1.5974318917774908,-0.38660853005370194,-0.9584186266240595,-0.5775092607708893,-0.48775823176242566
0.8960576165470977,-0.999707217092246,-1.0038140082695195,-0.4516386469336981,-0.7375228938034277,-0.15603567516480676,-1.0666965860933046,-0.20221783196007395,-0.043227057146900734,-0.02759092465870056,-0.2708144493361839
-0.8813112666136022,-0.999707217092246,0.9962004831192838,-0.6306938814734574,-0.5052575928675731,0.5432580658953174,0.8346189045994945,-1.1088054309204116,-1.0041782050979176,-0.7424847616045459,-0.14684657366404583
-0.2888549722267022,1.0002928686546901,0.9962004831192838,-1.5259700541722538,-1.4453790490365084,-0.855329416224931,0.7413028068967804,-0.8475852752877719,-1.1414569405194912,-1.3803900314946849,-1.3555333614673926
1.4885139109339978,-0.999707217092246,-1.0038140082695195,-0.2009613185780351,0.19153830993999077,1.2425518069554415,-0.839238597942939,-0.7400240347331556,-0.569462209596267,-0.4895223269929391,0.19406508443433404
-0.2888549722267022,1.0002928686546901,-1.0038140082695195,0.26458229122533905,0.3795626011737778,1.2425518069554415,-0.3901548777486276,0.5199790689066357,-0.9355388373871306,-0.3135484594370387,0.5349767425327139
0.30360132216019775,-0.999707217092246,-1.0038140082695195,0.08552705668557975,-0.018606486144830077,-0.855329416224931,0.6888125019390038,-0.07929069989765529,-0.20338558180540353,0.21437314323066248,0.10108917768023046
1.4885139109339978,-0.999707217092246,0.9962004831192838,0.8375590417525687,0.8993944651730715,1.5921986774855037,-0.681767683069609,1.2575418612811478,-0.31778452799004836,1.5341771498999155,0.5659687114507485
0.30360132216019775,1.0002928686546901,-1.0038140082695195,0.6226927603048575,0.30214083419515964,-0.855329416224931,1.0737414049626992,1.918275196116648,1.100762404699548,0.9292669801765079,0.16307311551629952
-0.2888549722267022,-0.999707217092246,0.9962004831192838,1.0524253232002798,1.7731544067889056,-0.5056825456948688,-0.26767749951381536,-0.11002248291325996,-0.3406643172269774,0.6433094453981697,1.6506876235819572
-1.473767561000502,1.0002928686546901,0.9962004831192838,-0.5232607407496018,-0.5826793598461912,0.19361119536525534,0.24556103785111197,0.4277837198598217,-0.592341998833196,-0.6654961945488395,-0.7047020141886674
0.30360132216019775,-0.999707217092246,0.9962004831192838,0.12133810359353162,-0.0849680006979314,-0.5056825456948688,0.4555222576822186,0.535344960414438,0.6660464091978974,0.6213127119536822,-0.5807341385165293
-0.2888549722267022,1.0002928686546901,-1.0038140082695195,-1.5617811010802056,-1.4232585441854746,-0.5056825456948688,0.3738706721923438,-1.0473418648892023,-1.0270579943348466,-1.3583932980501974,-1.2315654857952545
0.8960576165470977,-0.999707217092246,-1.0038140082695195,0.9808032293843761,1.4855878437254666,-1.554623157285055,0.607160916449129,-1.078073647904807,1.695636924859701,1.5781706167888905,1.7126715614180261
0.8960576165470977,1.0002928686546901,-1.0038140082695195,1.016614276292328,0.22471906721654142,0.5432580658953174,-1.6382576845224281,1.0270534886641127,1.0321230369887608,0.8852735132875328,1.2477920276475083
-0.2888549722267022,-0.999707217092246,0.9962004831192838,0.4794485726730502,0.9878764845772066,-0.855329416224931,-0.04021951136344985,-0.7707558177487603,0.29996978140703384,0.5553225116202195,0.3180329601064722
1.4885139109339978,-0.999707217092246,-1.0038140082695195,1.2314805577400392,1.131659766108926,-1.2049762867549931,-1.533277074606875,0.1511976727193797,-0.8668994696763437,1.6991526507335721,1.2477920276475083
-0.8813112666136022,-0.999707217092246,-1.0038140082695195,0.4436375257650983,0.22471906721654142,0.19361119536525534,0.6713157336197448,0.3970519368442171,-0.18050579256847454,1.0502490141211893,1.0928321830573355
0.8960576165470977,-0.999707217092246,0.9962004831192838,1.1240474170161836,0.4238036108758454,-0.855329416224931,-1.544941586819714,2.6097403139677535,0.4143687275916787,1.4791853162886965,1.6196956546639225
1.4885139109339978,1.0002928686546901,0.9962004831192838,-0.3442055062098425,-0.6822216316758433,-0.855329416224931,-0.10437432853406577,-0.1407542659288646,-0.7982601019655567,-0.4235321266594764,-0.48775823176242566
1.4885139109339978,-0.999707217092246,0.9962004831192838,0.3003933381332909,0.04775502840827124,-1.554623157285055,0.7646318313224589,0.7811992245392754,-0.0661068463838297,0.08239274256373719,0.2870409911884377
-0.8813112666136022,-0.999707217092246,0.9962004831192838,-1.5975921479881574,-1.4564393014620254,-0.15603567516480676,-1.591599635671071,-1.0934395394126093,-0.9126590481502016,-1.4023867649391724,-1.324541392549358
1.4885139109339978,1.0002928686546901,0.9962004831192838,0.40782647885714646,0.9325752224496222,-0.15603567516480676,-1.5624383551389731,1.6877868234996132,1.2151613508841925,0.9512637136209954,1.1548161208934047
0.30360132216019775,1.0002928686546901,-1.0038140082695195,-1.2752927258165907,-1.0693304665689343,0.8929049364253795,0.6888125019390038,-0.8322193837799696,-0.9584186266240595,-1.182419430494297,-1.1385895790411509
0.30360132216019775,1.0002928686546901,0.9962004831192838,1.0524253232002798,1.5077083485765004,-0.15603567516480676,-0.1335356090661639,1.7338844980230201,0.5745272522501814,0.12638620945271228,2.1465591262705095
-1.473767561000502,-0.999707217092246,0.9962004831192838,0.8375590417525687,0.12517679538688944,0.8929049364253795,0.18140622068049606,0.5660767434300428,1.8786752387551329,1.457188582844209,0.10108917768023046
-1.473767561000502,1.0002928686546901,-1.0038140082695195,1.4463468391877503,1.242262290364095,-0.855329416224931,-0.4718064632385024,1.27290775278895,-0.8897792589132726,2.2160758866790293,0.22505705335236859
0.30360132216019775,-0.999707217092246,-1.0038140082695195,-0.7023159752893611,-0.46101658316550553,-1.554623157285055,-0.3260000605780117,-0.24831550648348097,-0.638101577307054,-0.6764945612710833,-0.797677920942771
1.4885139109339978,1.0002928686546901,0.9962004831192838,-0.5948828345655055,-0.6379806219737757,0.8929049364253795,-0.3726581094293687,-0.6785604687019463,0.13981125674853104,-0.24755825910357607,-0.5497421695984948
0.30360132216019775,1.0002928686546901,0.9962004831192838,1.1240474170161836,0.14729730023792323,1.2425518069554415,-1.3291481108821879,1.7646162810386248,-0.8668994696763437,0.3683502773420753,0.9998562763032319
-1.473767561000502,-0.999707217092246,-1.0038140082695195,1.0882363701082318,0.6781894166627338,-1.554623157285055,-1.2066707326473756,1.0270534886641127,0.3686091491178207,1.798137951233766,1.8676314060081989
0.30360132216019775,-0.999707217092246,-1.0038140082695195,1.6254020737275094,2.5031310668730202,-0.15603567516480676,-1.0550320738804653,-0.1253883744210623,0.11693146751160206,2.1720824197900543,1.9606073127623025
-0.2888549722267022,1.0002928686546901,0.9962004831192838,-1.0604264443688796,-1.0582702141434175,0.8929049364253795,-1.0083740250291082,-1.0934395394126093,-1.0728175728087044,-0.8854635289937149,-1.1695815479591853
-0.8813112666136022,-0.999707217092246,-1.0038140082695195,-0.057717130946227664,0.3242613390461934,-0.5056825456948688,-1.264993293711572,0.9348581396172987,-1.0499377835717754,0.03839927567476209,-0.797677920942771
-0.8813112666136022,1.0002928686546901,-1.0038140082695195,-1.239481678908639,-1.1135714762710018,0.19361119536525534,-0.2968387800459135,-0.8168534922721673,-0.5237026311224091,-1.2704063642722472,-1.2935494236313236
0.30360132216019775,1.0002928686546901,-1.0038140082695195,-0.3442055062098425,-0.11814875797448206,-0.15603567516480676,-1.7432382944379816,0.01290464914915871,-0.660981366543983,-0.7424847616045459,-0.85966185877884
0.8960576165470977,1.0002928686546901,-1.0038140082695195,-0.9529933036450241,-1.1246317286965188,-1.2049762867549931,0.6829802458325841,-0.9244147328267837,-0.5008228418854801,-0.9074602624382025,-1.1075976101231164
-0.8813112666136022,-0.999707217092246,0.9962004831192838,0.6943148541207613,1.1537802709599598,-0.855329416224931,-1.0433675616676261,1.1653465122343338,1.4897188217273403,0.016402542230274538,1.1548161208934047
-0.2888549722267022,1.0002928686546901,-1.0038140082695195,1.732835214451365,1.8173954164909731,0.8929049364253795,1.7094573205624388,-0.5095356621161207,2.8625061759430785,1.7871395845115223,2.394494877614786
0.8960576165470977,-0.999707217092246,-1.0038140082695195,0.26458229122533905,-0.18451027252758337,0.5432580658953174,1.266205856474547,0.9655899226329034,0.9863634585149029,0.5773192450647071,0.9068803695491283
-0.2888549722267022,-0.999707217092246,-1.0038140082695195,0.6943148541207613,0.9657559797261728,1.2425518069554415,0.1697417084676568,0.904126356601694,0.3686091491178207,1.1052408477324083,0.6899365871228866
-0.8813112666136022,-0.999707217092246,-1.0038140082695195,1.1598584639241354,1.839515921342007,0.8929049364253795,1.2778703686873862,2.4407155073819276,0.5516474630132525,1.8751265182894723,1.0928321830573355
0.8960576165470977,-0.999707217092246,0.9962004831192838,0.515259619581002,1.1648405233854768,1.2425518069554415,-1.6790834772673655,0.8580286820782871,-0.7525005234916988,0.47833394456451306,1.0928321830573355
1.4885139109339978,-0.999707217092246,-1.0038140082695195,-1.4901590072643018,-1.3237162723558227,-0.15603567516480676,1.1903865270910918,-0.9090488413189813,-0.7525005234916988,-1.413385131661416,-1.2935494236313236
-0.2888549722267022,-0.999707217092246,-1.0038140082695195,-0.8455601629211685,-0.6490408743992926,0.8929049364253795,0.3330448794474064,0.028270540656961045,-0.569462209596267,-0.9624520960494214,-0.42577429392635663
1.4885139109339978,-0.999707217092246,-1.0038140082695195,1.4105357922797983,0.9989367370027235,-1.2049762867549931,0.2747223183832101,0.7504674415236707,0.11693146751160206,0.3243568104531002,2.1465591262705095
0.30360132216019775,-0.999707217092246,-1.0038140082695195,1.3747247453718465,1.131659766108926,-0.5056825456948688,-0.06354853578912836,1.826079847069834,1.6269975571489141,0.40134537750880667,-0.14684657366404583
1.4885139109339978,-0.999707217092246,-1.0038140082695195,0.4436375257650983,-0.06284749584689762,-0.5056825456948688,-0.7575870124530643,0.8887604650938917,1.1694017724103347,1.0282522806767018,-0.36379035609028754
0.30360132216019775,1.0002928686546901,0.9962004831192838,-0.8455601629211685,-0.9366074374627317,0.5432580658953174,1.7502831133073762,-0.7861217092565627,-0.18050579256847454,-1.0064455629383966,-0.9216457966149092
-0.8813112666136022,-0.999707217092246,-1.0038140082695195,0.40782647885714646,-0.09602825312344829,1.5921986774855037,1.283702624793806,-0.002461242358643623,1.5354784002011983,0.17037967634168738,-0.2088305115001149
-0.2888549722267022,1.0002928686546901,0.9962004831192838,0.013904962869676045,-0.20663077737861715,0.5432580658953174,-1.6674189650545264,-0.24831550648348097,0.6660464091978974,0.3133584437308565,-0.332798387172253
-0.8813112666136022,1.0002928686546901,-1.0038140082695195,-0.9888043505529759,-0.7707036510799784,-0.5056825456948688,1.079573661069119,-0.8475852752877719,-1.1414569405194912,-0.8304716953824961,-1.20057351687722
-0.2888549722267022,-0.999707217092246,0.9962004831192838,-0.30839445930189063,0.05881528083378813,-1.554623157285055,-1.5566060990325534,-0.07929069989765529,-0.9812984158609885,-0.20356479221460097,-0.6117261074345638
-1.473767561000502,-0.999707217092246,-1.0038140082695195,-1.740836335619965,-1.6334033402702954,-1.2049762867549931,-0.028554999150610594,-1.078073647904807,-1.1414569405194912,-1.622354099384048,-1.5104932060575653
-0.2888549722267022,1.0002928686546901,0.9962004831192838,-1.6692142418040612,-1.5338610684406435,-1.554623157285055,1.6686315278175015,-1.124171322428214,-1.0728175728087044,-1.5453655323283415,-1.3865253303854272
1.4885139109339978,1.0002928686546901,-1.0038140082695195,0.0497160097776279,-0.38359481618688734,-0.855329416224931,0.34470939166024567,0.08973410668817038,0.025412310563886178,-0.4125337599372327,0.19406508443433404
-1.473767561000502,1.0002928686546901,-1.0038140082695195,-0.8813712098291203,-0.7485831462289446,1.2425518069554415,1.5286573812634303,-1.1549031054438186,-0.3406643172269774,-0.984448829493909,-0.36379035609028754
-0.8813112666136022,1.0002928686546901,0.9962004831192838,-1.0604264443688796,-1.2131137481006538,1.2425518069554415,-0.26184524340739573,-0.6324627941785393,-0.9584186266240595,-0.9624520960494214,-1.0766056412050817
0.8960576165470977,-0.999707217092246,-1.0038140082695195,1.5537799799116059,1.5740698631296015,0.19361119536525534,-0.2151871945560387,2.824862795076986,2.3362710234937123,2.3370579206237108,0.6589446182048521
0.30360132216019775,1.0002928686546901,0.9962004831192838,-1.5975921479881574,-1.489620058738576,0.5432580658953174,-0.4543096949192435,-1.1549031054438186,-0.9126590481502016,-1.4793753319948788,-1.3555333614673926
-1.473767561000502,-0.999707217092246,0.9962004831192838,0.8733700886605206,1.5187686010020172,-0.15603567516480676,0.19307073289333532,2.1794953517492877,1.3066805078319086,1.0502490141211893,1.526719747909819
1.4885139109339978,-0.999707217092246,0.9962004831192838,0.8733700886605206,1.441346834023399,-1.554623157285055,-0.9267224395392335,0.10509999819597271,0.18557083522238896,1.017253913954458,0.3180329601064722
-0.2888549722267022,1.0002928686546901,-1.0038140082695195,0.7301259010287131,0.7003099215137676,0.8929049364253795,0.06476109855210346,-0.2636813979912833,1.6269975571489141,-0.10457949171440699,1.340767934401612
-1.473767561000502,1.0002928686546901,0.9962004831192838,0.7301259010287131,0.3795626011737778,1.5921986774855037,0.9979220755792441,1.7953480640542294,1.8557954495182039,0.8742751465652889,0.03910523984416139
1.4885139109339978,-0.999707217092246,0.9962004831192838,-0.9888043505529759,-0.6711613792503264,0.8929049364253795,0.26305780617037083,-0.5402674451317253,-0.5465824203593381,-0.9404553626049339,-0.5807341385165293
-0.2888549722267022,1.0002928686546901,0.9962004831192838,-0.9529933036450241,-1.0803907189944513,0.19361119536525534,0.8171221362802357,-1.1088054309204116,-0.569462209596267,-1.1164292301608343,-0.6117261074345638
1.4885139109339978,-0.999707217092246,0.9962004831192838,0.9449921824764242,0.18047805751447388,1.5921986774855037,-0.08687756021480689,0.16656356422718205,-0.043227057146900734,0.9072702467320203,0.9378723384671629
-0.2888549722267022,-0.999707217092246,0.9962004831192838,-0.38001655311779436,-0.2398115346551678,-0.15603567516480676,-0.273509755620235,-0.5863651196551323,-0.7753803127286277,0.049397642397005864,-0.48775823176242566
-0.2888549722267022,1.0002928686546901,0.9962004831192838,0.19296019740943532,0.5344061351310142,-0.15603567516480676,-1.3524771353078664,0.950224031125101,0.002532521326957207,0.43434047767553796,0.3180329601064722
0.30360132216019775,-0.999707217092246,0.9962004831192838,-1.2036706320006871,-1.0361497092923837,-0.15603567516480676,-0.4368129265999846,-0.524901553623923,-0.4779430526485512,-0.9404553626049339,-1.2935494236313236
-0.2888549722267022,-0.999707217092246,0.9962004831192838,-0.4516386469336981,-0.6711613792503264,0.5432580658953174,1.4586703079863947,-0.18685194045227163,-0.592341998833196,-0.6215027276598644,-0.7666859520247364
0.8960576165470977,1.0002928686546901,0.9962004831192838,-1.3111037727245427,-1.202053495675137,0.8929049364253795,-0.885896646794296,-0.6017310111629346,-0.8668994696763437,-1.083434129994103,-1.2315654857952545
-0.2888549722267022,-0.999707217092246,0.9962004831192838,-0.30839445930189063,0.18047805751447388,-1.554623157285055,-0.9675482322841709,-0.6478286856863417,-1.1414569405194912,-0.11557785843665076,-0.3947823250083221
1.4885139109339978,1.0002928686546901,-1.0038140082695195,0.40782647885714646,0.9989367370027235,1.2425518069554415,0.06476109855210346,0.4124178283520194,0.6431666199609684,0.48933231128675686,1.0308482452212664
1.4885139109339978,1.0002928686546901,-1.0038140082695195,0.8375590417525687,0.3132010866206765,-1.554623157285055,1.126231709920476,-0.340510855530295,1.0092432477518318,0.5223274114534882,0.10108917768023046
-1.473767561000502,-0.999707217092246,-1.0038140082695195,0.4794485726730502,-0.12920901039999894,-0.5056825456948688,-0.6584386586439306,-0.3712426385458996,1.764276292570488,0.9622620803432391,-0.3947823250083221
0.30360132216019775,-0.999707217092246,0.9962004831192838,1.0882363701082318,1.2754430476406458,-0.15603567516480676,1.7269540888816977,-0.3712426385458996,1.100762404699548,0.21437314323066248,1.526719747909819
1.4885139109339978,1.0002928686546901,-1.0038140082695195,0.08552705668557975,-0.06284749584689762,0.8929049364253795,1.4936638446249126,-0.5095356621161207,-0.7753803127286277,-0.43453049338172023,0.7519205249589557
-0.8813112666136022,-0.999707217092246,-1.0038140082695195,1.0882363701082318,1.5961903679806353,-1.2049762867549931,0.42636097715012045,0.10509999819597271,0.025412310563886178,0.6543078121204134,0.13208114659826498
1.4885139109339978,1.0002928686546901,-1.0038140082695195,-0.3442055062098425,-0.317233301633786,-0.855329416224931,-0.09854207242764615,0.5199790689066357,0.25421020293317587,-0.11557785843665076,-0.45676626284439115
0.30360132216019775,-0.999707217092246,0.9962004831192838,1.1956695108320872,0.4901651254289467,-1.554623157285055,0.8287866484930748,2.148763568733683,-1.0956973620456334,0.39034701078656286,1.0308482452212664
0.8960576165470977,-0.999707217092246,-1.0038140082695195,-1.3111037727245427,-1.379017534483407,1.2425518069554415,0.607160916449129,-1.0627077563970047,-0.8440196804394147,-1.072435763271859,-1.262557454713289
1.4885139109339978,1.0002928686546901,-1.0038140082695195,-1.0246153974609278,-1.0803907189944513,0.19361119536525534,1.3653542102836806,-0.4019744215615043,-0.3864238957008353,-0.8964618957159588,-1.0456136722870473
-0.2888549722267022,-0.999707217092246,0.9962004831192838,1.1598584639241354,1.6514916301082199,0.8929049364253795,0.2163997573190138,-0.3558767470380973,0.025412310563886178,1.9741118187896662,0.6899365871228866
1.4885139109339978,1.0002928686546901,0.9962004831192838,0.15714915050148345,0.2357793196420583,0.8929049364253795,1.6044767106468856,-1.0012441903657954,-0.4779430526485512,-0.15957132532562585,0.9068803695491283
0.8960576165470977,1.0002928686546901,0.9962004831192838,0.8733700886605206,0.3132010866206765,1.5921986774855037,-1.1891739643281167,-1.124171322428214,1.7871560818074168,0.918268613454264,1.46473581007375
0.30360132216019775,-0.999707217092246,-1.0038140082695195,0.15714915050148345,-0.39465506861240424,-0.855329416224931,0.8521156729187533,0.2894906962896007,0.6889261984348263,-0.25855662582581984,0.13208114659826498
-1.473767561000502,-0.999707217092246,-1.0038140082695195,-0.7023159752893611,-0.6490408743992926,-0.855329416224931,0.3738706721923438,-0.9551465158423883,-0.8211398912024858,-0.7754798617712773,-0.36379035609028754
1.4885139109339978,-0.999707217092246,0.9962004831192838,-0.5948828345655055,-0.39465506861240424,0.8929049364253795,-0.699264451388868,0.258758913273996,0.16269104598546,-0.43453049338172023,-0.797677920942771
0.8960576165470977,1.0002928686546901,-1.0038140082695195,-0.9888043505529759,-1.0693304665689343,-0.855329416224931,-1.4924512818619375,-1.170268996951621,-0.20338558180540353,-1.1384259636053218,-0.5497421695984948
0.8960576165470977,-0.999707217092246,0.9962004831192838,-1.0962374912768316,-0.8813061753351472,-0.15603567516480676,1.3945154908157789,-0.7707558177487603,-1.0728175728087044,-0.8304716953824961,-1.2315654857952545
0.8960576165470977,1.0002928686546901,-1.0038140082695195,-1.0962374912768316,-1.01402920444135,0.19361119536525534,1.3886832347093592,-0.9551465158423883,-0.7067409450178409,-0.9734504627716652,-0.8286698898608056
-0.2888549722267022,1.0002928686546901,0.9962004831192838,0.22877124431738718,0.3242613390461934,1.5921986774855037,-0.6292773781118324,-0.11002248291325996,-1.1185771512825624,0.2803633435641251,-0.332798387172253
-1.473767561000502,1.0002928686546901,0.9962004831192838,-1.5259700541722538,-1.3237162723558227,-0.5056825456948688,-0.7692515246659035,-1.0166100818735977,-1.0499377835717754,-1.325398197883466,-1.2935494236313236
-1.473767561000502,1.0002928686546901,-1.0038140082695195,-1.6334031948961094,-1.4674995538875422,-1.554623157285055,1.5053283568377518,-0.9858782988579929,-1.0270579943348466,-1.468376965272635,-1.4485092682214962
0.30360132216019775,1.0002928686546901,-1.0038140082695195,0.9808032293843761,0.28002032934412585,-0.855329416224931,-1.1425159154767597,0.7811992245392754,-0.2949047387531194,1.0502490141211893,1.5577117168278536
-0.8813112666136022,-0.999707217092246,-1.0038140082695195,-1.4901590072643018,-1.3568970296323732,1.5921986774855037,1.0679091488562797,-1.1549031054438186,-0.7982601019655567,-1.281404730994491,-1.2935494236313236
0.30360132216019775,-0.999707217092246,0.9962004831192838,-0.4516386469336981,-0.007546233719313188,1.5921986774855037,-0.34349682889727057,0.2894906962896007,-0.9126590481502016,-0.643499461104352,-0.42577429392635663
-0.2888549722267022,-0.999707217092246,-1.0038140082695195,-0.7023159752893611,-0.8702459229096303,0.5432580658953174,-0.5534580487283772,-0.663194577194144,-1.1414569405194912,-0.8744651622714712,-1.0766056412050817
0.30360132216019775,-0.999707217092246,-1.0038140082695195,-0.5590717876575536,-0.7375228938034277,1.2425518069554415,0.05892884244568384,-0.03319302537424829,-1.1414569405194912,-0.2695549925480636,-0.7666859520247364
-1.473767561000502,1.0002928686546901,-1.0038140082695195,-1.1320485381847833,-0.9144869326116979,-1.2049762867549931,0.8754446973444319,-0.8322193837799696,-0.2949047387531194,-1.1934177972165407,-0.85966185877884
0.8960576165470977,1.0002928686546901,0.9962004831192838,-1.5259700541722538,-1.4121982917599578,-1.554623157285055,-0.8042450613044213,-0.9551465158423883,-0.8440196804394147,-1.413385131661416,-1.4485092682214962
0.8960576165470977,-0.999707217092246,-1.0038140082695195,-1.0962374912768316,-0.8481254180585965,0.5432580658953174,1.5053283568377518,-0.4941697706083183,-0.7982601019655567,-1.2044161639387845,-0.8906538276968746
1.4885139109339978,1.0002928686546901,0.9962004831192838,1.6970241675434132,0.9989367370027235,1.5921986774855037,-1.264993293711572,0.7504674415236707,0.7346857769086843,1.5671722500666467,0.008113270926126851
-1.473767561000502,-0.999707217092246,-1.0038140082695195,-0.1293392247621314,-0.0849680006979314,0.5432580658953174,1.645302503391823,0.535344960414438,0.25421020293317587,0.2693649768418814,-0.797677920942771
1.4885139109339978,-0.999707217092246,-1.0038140082695195,1.4105357922797983,1.9501184455971756,-1.2049762867549931,1.015418843898503,0.47388139438322874,-0.20338558180540353,0.4123437442310504,2.0225912505983716
0.8960576165470977,-0.999707217092246,0.9962004831192838,1.267291604647991,1.4081660767468482,-0.5056825456948688,-0.8217418296236801,2.287056592303904,-0.7296207342547698,2.0730971192898604,2.0845751884344406
-0.8813112666136022,1.0002928686546901,-1.0038140082695195,0.8375590417525687,0.5122856302799805,1.2425518069554415,-0.8217418296236801,0.7811992245392754,0.2770899921701048,1.3802000157885026,-0.3018064182542185
-0.2888549722267022,-0.999707217092246,0.9962004831192838,0.9808032293843761,1.5187686010020172,0.5432580658953174,0.2747223183832101,-0.8783170583033766,-0.7296207342547698,0.2803633435641251,1.8676314060081989
0.8960576165470977,1.0002928686546901,-1.0038140082695195,1.482157886095702,0.7224304263648014,-0.855329416224931,0.3155481111281475,2.3331542668273113,-0.08898663562075868,1.5671722500666467,1.12382415197537
1.4885139109339978,-0.999707217092246,-1.0038140082695195,1.267291604647991,0.6450086593861831,-0.5056825456948688,-0.7809160368787428,0.6429062009690544,2.2676316557829255,0.47833394456451306,1.526719747909819
-0.8813112666136022,1.0002928686546901,-1.0038140082695195,0.4794485726730502,-0.11814875797448206,1.5921986774855037,-0.26767749951381536,0.6429062009690544,-0.11186642485768765,0.5333257781757319,-0.42577429392635663
0.30360132216019775,-0.999707217092246,-1.0038140082695195,-0.4516386469336981,-0.3393538064848198,1.5921986774855037,-1.3699739036271252,-0.524901553623923,0.025412310563886178,-0.39053702649274513,-0.6117261074345638
0.30360132216019775,1.0002928686546901,0.9962004831192838,0.8733700886605206,0.7113701739392845,0.5432580658953174,0.46135451378863823,0.19729534724278672,1.6269975571489141,0.5443241448979758,1.929615343844268
0.8960576165470977,-0.999707217092246,-1.0038140082695195,0.9091811355684725,1.618310872831669,1.5921986774855037,-1.387470671946384,0.9655899226329034,0.18557083522238896,0.016402542230274538,0.2870409911884377
1.4885139109339978,-0.999707217092246,0.9962004831192838,-0.4158276000257462,-0.2729922919317185,-0.5056825456948688,1.6744637839239211,-0.617096902670737,0.18557083522238896,-0.02759092465870056,0.13208114659826498
-1.473767561000502,1.0002928686546901,0.9962004831192838,1.6254020737275094,0.4901651254289467,0.19361119536525534,-0.5767870731540558,2.148763568733683,-0.9812984158609885,2.469038321290636,1.8366394370901644
-0.2888549722267022,1.0002928686546901,0.9962004831192838,-0.4516386469336981,-0.5716191074206745,0.19361119536525534,-0.48347097545134166,-0.7861217092565627,-0.18050579256847454,-0.10457949171440699,0.03910523984416139
-1.473767561000502,-0.999707217092246,-1.0038140082695195,1.5537799799116059,1.4524070864489158,1.5921986774855037,0.9454317706214674,2.302422483811706,2.2447518665459962,1.7211493841780596,1.588703685745888
-1.473767561000502,1.0002928686546901,0.9962004831192838,0.12133810359353162,-0.4720768355910224,1.5921986774855037,-1.358309391414286,-0.5863651196551323,-1.0270579943348466,0.6433094453981697,-0.053870666909942216
1.4885139109339978,-0.999707217092246,-1.0038140082695195,-1.6334031948961094,-1.5449213208661605,0.19361119536525534,-0.8450708540493587,-0.939780624334586,-1.0270579943348466,-1.5563638990505853,-1.4485092682214962
0.8960576165470977,1.0002928686546901,0.9962004831192838,0.0497160097776279,-0.41677557346343796,-0.15603567516480676,-1.1250191471575008,1.1038829462031243,-0.6838611557809119,-0.2365598923813323,-0.17783854258208034
0.8960576165470977,-0.999707217092246,-1.0038140082695195,-0.16515027167008323,-0.6379806219737757,1.2425518069554415,-0.3143355483651724,-1.0319759733814,-0.592341998833196,-0.4015353932149889,0.4110088668605758
0.8960576165470977,-0.999707217092246,0.9962004831192838,1.267291604647991,0.4459241157268792,-1.2049762867549931,1.5694831740083677,1.9797387621478575,-0.7982601019655567,1.941116718622935,1.340767934401612
-0.2888549722267022,1.0002928686546901,0.9962004831192838,-1.0604264443688796,-1.1799329908241032,-1.554623157285055,1.0970704293883777,-0.41734031306930663,-0.5008228418854801,-1.0064455629383966,-0.8906538276968746
1.4885139109339978,-0.999707217092246,-1.0038140082695195,-0.30839445930189063,-0.29511279678275226,1.2425518069554415,0.7238060385775216,-0.9705124073501906,-1.0728175728087044,-0.24755825910357607,0.3490249290245067
-0.2888549722267022,1.0002928686546901,-1.0038140082695195,-1.0246153974609278,-0.7154023889523939,1.2425518069554415,0.7587995752160394,-0.5556333366395276,-0.3864238957008353,-0.8304716953824961,-1.1385895790411509
0.8960576165470977,1.0002928686546901,-1.0038140082695195,-1.740836335619965,-1.6223430878447787,0.8929049364253795,0.968760795047146,-1.0627077563970047,-1.1185771512825624,-1.6003573659395605,-1.5104932060575653
-0.8813112666136022,-0.999707217092246,-1.0038140082695195,0.7301259010287131,-0.09602825312344829,0.19361119536525534,0.7063092702582626,-0.4480720960849113,-1.0270579943348466,1.3362065488995276,1.061840214139301
0.8960576165470977,-0.999707217092246,-1.0038140082695195,0.8017479948446169,1.131659766108926,0.8929049364253795,-0.5651225609412165,-1.078073647904807,-0.7296207342547698,0.5883176117869509,1.7126715614180261
1.4885139109339978,1.0002928686546901,0.9962004831192838,-1.0604264443688796,-1.1356919811220356,0.19361119536525534,0.30388359891530825,-0.7707558177487603,-0.660981366543983,-0.9954471962161527,-0.9836297344509782
-0.2888549722267022,1.0002928686546901,0.9962004831192838,1.732835214451365,1.9943594552992432,-1.2049762867549931,-0.7809160368787428,2.8863263611081953,2.7481072297584337,1.017253913954458,0.008113270926126851
0.30360132216019775,1.0002928686546901,-1.0038140082695195,1.0882363701082318,0.7113701739392845,-1.2049762867549931,0.8229543923866552,2.287056592303904,-0.2949047387531194,0.19237640978617493,1.526719747909819
-0.8813112666136022,1.0002928686546901,0.9962004831192838,-0.38001655311779436,-0.6379806219737757,-0.5056825456948688,-0.524296768196279,-1.0012441903657954,-0.20338558180540353,-0.4785239602706953,0.16307311551629952
1.4885139109339978,-0.999707217092246,0.9962004831192838,-1.45434796035635,-1.290535515079272,1.2425518069554415,1.6511347594982426,-1.0166100818735977,-1.0270579943348466,-1.3473949313279536,-1.3555333614673926
-1.473767561000502,1.0002928686546901,-1.0038140082695195,-1.6334031948961094,-1.4785598063130592,-1.554623157285055,0.30388359891530825,-1.0473418648892023,-1.1414569405194912,-1.4793753319948788,-1.4795012371395309
-1.473767561000502,-0.999707217092246,-1.0038140082695195,-1.705025288712013,-1.6223430878447787,1.2425518069554415,0.6013286603427094,-1.1088054309204116,-1.0499377835717754,-1.5343671656060978,-1.5104932060575653
0.8960576165470977,1.0002928686546901,0.9962004831192838,0.6943148541207613,0.5122856302799805,0.8929049364253795,0.48468353821431676,0.2741248047817984,0.07117188903774412,-0.07158439154767567,0.7209285560409211
0.30360132216019775,-0.999707217092246,0.9962004831192838,1.4105357922797983,0.5122856302799805,1.5921986774855037,-1.4632900013298393,0.16656356422718205,0.9634836692779739,1.116239214454652,0.3180329601064722
-0.8813112666136022,1.0002928686546901,-1.0038140082695195,0.013904962869676045,0.014574271131720584,-1.2049762867549931,0.7121415263646823,-0.07929069989765529,0.25421020293317587,0.016402542230274538,0.2870409911884377
1.4885139109339978,-0.999707217092246,0.9962004831192838,-0.09352817785417952,-0.5384383501441238,-0.5056825456948688,1.06207689274986,-0.41734031306930663,0.4143687275916787,-0.44552886010396403,-0.2088305115001149
-1.473767561000502,-0.999707217092246,0.9962004831192838,1.6970241675434132,0.8883342127475546,-0.15603567516480676,-0.1510323773854228,2.517544964920939,-0.3864238957008353,0.9292669801765079,2.983342287057442
-1.473767561000502,-0.999707217092246,-1.0038140082695195,-1.4185369134483983,-1.312656019930306,-0.15603567516480676,-0.681767683069609,-0.7246581432253533,-1.0728175728087044,-1.3473949313279536,-1.0456136722870473
-1.473767561000502,-0.999707217092246,0.9962004831192838,0.7301259010287131,0.5454663875565311,0.8929049364253795,0.9162704900893693,0.07436821518036804,0.002532521326957207,0.2693649768418814,0.13208114659826498
-0.8813112666136022,-0.999707217092246,-1.0038140082695195,1.3389136984638947,0.36850234874826093,-0.15603567516480676,0.6129931725555486,1.0577852716797174,-0.40930368493776426,1.2592179818438212,1.9606073127623025
1.4885139109339978,-0.999707217092246,0.9962004831192838,0.12133810359353162,0.6892496690882507,0.19361119536525534,-1.1658449399024382,-0.5402674451317253,1.0778826154626189,-0.30255009271479494,0.5659687114507485
0.8960576165470977,1.0002928686546901,-1.0038140082695195,-1.5975921479881574,-1.5449213208661605,0.5432580658953174,-1.5216125623940355,-1.078073647904807,-1.0270579943348466,-1.413385131661416,-1.3865253303854272
-1.473767561000502,-0.999707217092246,0.9962004831192838,1.4105357922797983,1.3971058243213315,-0.5056825456948688,0.6596512214069057,-1.0166100818735977,0.3914889383547497,1.017253913954458,0.2560490222704031
0.30360132216019775,1.0002928686546901,-1.0038140082695195,-0.5948828345655055,-0.18451027252758337,-0.15603567516480676,-1.4632900013298393,0.059002323672565714,-0.2949047387531194,-0.7644814950490335,-0.08486263582797675
-0.2888549722267022,-0.999707217092246,-1.0038140082695195,-0.9171822567370722,-0.7154023889523939,-1.2049762867549931,0.496348050427156,-1.1549031054438186,-1.0041782050979176,-0.5995059942153769,-0.735693983106702
-1.473767561000502,-0.999707217092246,0.9962004831192838,-1.45434796035635,-1.3237162723558227,-0.5056825456948688,-1.719909270012303,-1.078073647904807,-1.0041782050979176,-1.2594079975500034,-1.324541392549358
-0.8813112666136022,1.0002928686546901,0.9962004831192838,-0.021906084038275812,0.18047805751447388,-0.855329416224931,0.653818965300486,-0.18685194045227163,0.5974070414871104,0.09339110928598096,-0.5497421695984948
-0.8813112666136022,-0.999707217092246,0.9962004831192838,-0.6665049283814092,-0.6490408743992926,-0.855329416224931,-0.6759354269631894,-0.1253883744210623,-0.7067409450178409,-0.8084749619380086,-0.42577429392635663
-0.8813112666136022,1.0002928686546901,-1.0038140082695195,0.4436375257650983,0.29108058176964274,0.19361119536525534,0.9979220755792441,-0.23294961497567862,-0.4550632634116222,0.2033747765084187,-0.5497421695984948
0.8960576165470977,1.0002928686546901,-1.0038140082695195,-1.1320485381847833,-1.0582702141434175,-1.554623157285055,1.3595219541772612,-0.7400240347331556,-0.3864238957008353,-0.8854635289937149,-0.797677920942771
1.4885139109339978,-0.999707217092246,-1.0038140082695195,-1.45434796035635,-1.3458367772068565,-1.2049762867549931,1.7327863449881173,-0.7246581432253533,-0.8897792589132726,-1.4463802318281476,-1.20057351687722
-0.8813112666136022,1.0002928686546901,-1.0038140082695195,0.26458229122533905,0.3906228535992947,1.5921986774855037,-0.07521304800196763,1.0116875971563104,-0.4550632634116222,0.049397642397005864,0.3180329601064722
-1.473767561000502,1.0002928686546901,0.9962004831192838,-0.6306938814734574,-0.2287512822296509,0.19361119536525534,1.2428768320488686,-0.41734031306930663,-0.020347267909971763,-0.8414700621047398,-0.2088305115001149
-0.2888549722267022,-0.999707217092246,-1.0038140082695195,0.8733700886605206,0.5233458827054973,-0.15603567516480676,1.1145671977076368,-0.617096902670737,1.8329156602812748,0.5223274114534882,0.2870409911884377
-0.2888549722267022,-0.999707217092246,0.9962004831192838,-1.1320485381847833,-1.1246317286965188,0.5432580658953174,0.24556103785111197,-1.0012441903657954,-0.9355388373871306,-1.0614373965496153,-0.797677920942771
0.8960576165470977,-0.999707217092246,-1.0038140082695195,0.08552705668557975,0.02563452355723747,-0.5056825456948688,-0.08687756021480689,-0.3712426385458996,-0.7525005234916988,-0.12657622515889452,0.008113270926126851
-1.473767561000502,-0.999707217092246,0.9962004831192838,0.15714915050148345,0.3353215914717103,-1.2049762867549931,-1.5566060990325534,0.08973410668817038,-0.2262653710423325,0.13738457617495606,0.19406508443433404
1.4885139109339978,1.0002928686546901,-1.0038140082695195,-1.4185369134483983,-1.279475262653755,0.19361119536525534,-1.655754452841687,-0.9551465158423883,-0.9812984158609885,-1.325398197883466,-1.1075976101231164
0.8960576165470977,-0.999707217092246,0.9962004831192838,-0.16515027167008323,-0.46101658316550553,-1.554623157285055,-0.6292773781118324,0.2280271302583914,-0.2262653710423325,0.10438947600822474,-0.45676626284439115
0.8960576165470977,1.0002928686546901,-1.0038140082695195,-1.1320485381847833,-1.2573547578027213,1.5921986774855037,1.0854059171755386,-1.0012441903657954,-1.0041782050979176,-0.9954471962161527,-1.0766056412050817
-0.2888549722267022,-0.999707217092246,-1.0038140082695195,-0.4158276000257462,-0.05178724342138073,0.8929049364253795,-1.3933029280528038,-0.755389926240958,-1.0956973620456334,-0.7534831283267897,-0.6427180763525984
-1.473767561000502,1.0002928686546901,0.9962004831192838,1.1956695108320872,1.33074430976823,-0.15603567516480676,-0.4951354876641809,-0.7707558177487603,0.3228495706439628,0.5443241448979758,0.6899365871228866
-0.8813112666136022,-0.999707217092246,0.9962004831192838,0.8733700886605206,0.5233458827054973,-0.15603567516480676,0.4088642088308616,-0.8783170583033766,0.8719645123302581,0.3243568104531002,0.7209285560409211
1.4885139109339978,1.0002928686546901,-1.0038140082695195,-1.0246153974609278,-0.7817639035054953,-1.2049762867549931,-1.107522378838242,-1.1088054309204116,-1.1414569405194912,-1.127427596883078,-0.797677920942771
0.8960576165470977,-0.999707217092246,-1.0038140082695195,-0.1293392247621314,0.05881528083378813,-1.2049762867549931,1.5694831740083677,-0.6478286856863417,-0.569462209596267,-0.14857295860338207,-0.053870666909942216
-0.2888549722267022,-0.999707217092246,-1.0038140082695195,1.0524253232002798,1.319684057342713,0.19361119536525534,0.4380254893629597,1.0577852716797174,-1.0499377835717754,1.116239214454652,0.4420008357786103
1.4885139109339978,1.0002928686546901,-1.0038140082695195,-1.1678595850927351,-0.903426680186181,1.2425518069554415,-0.7750837807723231,-0.755389926240958,-0.660981366543983,-1.0064455629383966,-0.9526377655329437
1.4885139109339978,-0.999707217092246,0.9962004831192838,-1.5617811010802056,-1.390077786908924,-1.554623157285055,1.5753154301147874,-0.9858782988579929,-1.0270579943348466,-1.5123704321616103,-1.3865253303854272
0.8960576165470977,-0.999707217092246,-1.0038140082695195,0.9808032293843761,1.131659766108926,1.2425518069554415,-1.014206281135528,-0.6939263602097486,2.0617135526505646,1.6881542840113284,0.6899365871228866
-0.2888549722267022,1.0002928686546901,-1.0038140082695195,-0.09352817785417952,-0.5052575928675731,-0.5056825456948688,-0.06354853578912836,-0.5863651196551323,0.04829209980081515,-0.016592557936456784,-0.14684657366404583
-0.8813112666136022,-0.999707217092246,-1.0038140082695195,-1.6334031948961094,-1.5338610684406435,-0.855329416224931,0.4146964649372812,-1.0012441903657954,-1.0270579943348466,-1.5123704321616103,-1.324541392549358
0.30360132216019775,1.0002928686546901,0.9962004831192838,1.1956695108320872,1.3086238049171963,-0.5056825456948688,0.857947929025173,1.1499806207265315,0.7804453553825422,1.3032114487327962,2.3325109397787167
0.8960576165470977,1.0002928686546901,-1.0038140082695195,0.4794485726730502,1.0763585039813417,-1.554623157285055,0.23972878174469234,0.3816860453364147,0.16269104598546,0.39034701078656286,0.4110088668605758
-0.2888549722267022,1.0002928686546901,0.9962004831192838,1.1240474170161836,1.33074430976823,-0.15603567516480676,1.4003477469221985,0.258758913273996,0.3228495706439628,1.1382359478991395,0.3180329601064722
0.8960576165470977,1.0002928686546901,-1.0038140082695195,-0.8455601629211685,-1.002968952015833,0.8929049364253795,0.4555222576822186,-1.1395372139360163,-0.3864238957008353,-0.9514537293271776,-0.36379035609028754
-0.2888549722267022,-0.999707217092246,0.9962004831192838,1.3389136984638947,1.728913397086838,1.5921986774855037,1.2895348809002256,-1.0473418648892023,-0.043227057146900734,1.1822294147881147,2.394494877614786
0.30360132216019775,1.0002928686546901,0.9962004831192838,0.3003933381332909,0.4127433584503285,-1.2049762867549931,0.8346189045994945,0.5046131773988334,-0.11186642485768765,0.8852735132875328,0.9378723384671629
0.8960576165470977,-0.999707217092246,0.9962004831192838,1.016614276292328,1.7178531446613212,-0.15603567516480676,-1.6149286600967496,0.47388139438322874,1.8786752387551329,1.6661575505668407,0.4110088668605758
-1.473767561000502,1.0002928686546901,0.9962004831192838,1.3389136984638947,1.0874187564068585,-1.2049762867549931,-1.1600126837960185,0.5814426349378451,-0.2262653710423325,0.9292669801765079,1.3717599033196464
-0.8813112666136022,-0.999707217092246,-1.0038140082695195,0.765936947936665,-0.007546233719313188,-0.5056825456948688,-1.2824900620308308,-0.755389926240958,0.7575655661456132,0.7202980124538761,0.9998562763032319
-0.2888549722267022,-0.999707217092246,0.9962004831192838,-1.3827258665404463,-1.1688727383985862,1.5921986774855037,0.03559981802000532,-0.6017310111629346,-0.7982601019655567,-1.1604226970498093,-1.3555333614673926
-0.2888549722267022,-0.999707217092246,0.9962004831192838,1.1598584639241354,1.4081660767468482,1.2425518069554415,1.4061800030286182,0.7811992245392754,-0.3406643172269774,0.43434047767553796,1.3097759654835772
0.8960576165470977,1.0002928686546901,0.9962004831192838,1.1956695108320872,0.5012253778544636,0.5432580658953174,1.69196055224318,2.287056592303904,0.18557083522238896,0.7532931126206075,2.208543064106579
0.30360132216019775,1.0002928686546901,0.9962004831192838,1.5895910268195577,0.8440932030454871,-0.855329416224931,-1.6324254284160087,-1.124171322428214,3.159943436023155,2.084095486012104,1.3717599033196464
-0.2888549722267022,1.0002928686546901,0.9962004831192838,1.5895910268195577,2.414649047468885,-0.5056825456948688,1.6802960400303406,2.19486124325709,3.0455444898385102,0.44533884439778176,2.0845751884344406
1.4885139109339978,1.0002928686546901,-1.0038140082695195,0.4794485726730502,0.3463818438972272,-0.5056825456948688,0.5721673798106112,0.3816860453364147,-0.31778452799004836,0.8082849462318263,-0.42577429392635663
0.30360132216019775,-0.999707217092246,0.9962004831192838,-1.6334031948961094,-1.578102078142711,0.19361119536525534,-0.35516134111010983,-1.1549031054438186,-0.9812984158609885,-1.5013720654393663,-1.4485092682214962
-0.8813112666136022,1.0002928686546901,-1.0038140082695195,0.5868817133969058,1.0874187564068585,1.5921986774855037,-0.005225974724932079,-0.340510855530295,1.8100358710443458,-0.17056969204786962,0.6279526492868175
-0.2888549722267022,1.0002928686546901,-1.0038140082695195,-1.6692142418040612,-1.5670418257171943,-0.855329416224931,-1.014206281135528,-1.0319759733814,-1.0728175728087044,-1.5783606324950727,-1.4795012371395309
-0.2888549722267022,1.0002928686546901,0.9962004831192838,-0.9171822567370722,-0.6379806219737757,-0.15603567516480676,0.7471350630032001,-0.1407542659288646,-0.20338558180540353,-0.6215027276598644,-0.5187502006804602
1.4885139109339978,-0.999707217092246,0.9962004831192838,-1.5617811010802056,-1.4785598063130592,0.5432580658953174,-0.16269688959826206,-1.124171322428214,-1.0499377835717754,-1.4573785985503913,-1.4175172993034617
-0.2888549722267022,-0.999707217092246,0.9962004831192838,-0.1293392247621314,-0.007546233719313188,-0.5056825456948688,1.1670575026654133,0.33558837081300774,-0.569462209596267,-0.4895223269929391,-0.08486263582797675
1.4885139109339978,1.0002928686546901,0.9962004831192838,-0.9171822567370722,-0.6158601171227419,-0.855329416224931,-1.4807867696490982,-0.8629511667955743,-0.7067409450178409,-0.9184586291604463,-0.735693983106702
-1.473767561000502,1.0002928686546901,-1.0038140082695195,-0.9529933036450241,-0.8149446607820459,0.5432580658953174,0.3855351844051831,-0.3558767470380973,-0.4779430526485512,-0.984448829493909,-0.6427180763525984
-0.2888549722267022,-0.999707217092246,-1.0038140082695195,0.3362043850412427,-0.14026926282551583,-1.2049762867549931,-0.384322621642208,-0.6939263602097486,1.0550028262256899,-0.060586024825431885,-0.2708144493361839
0.30360132216019775,1.0002928686546901,0.9962004831192838,1.5537799799116059,1.8726966786185575,-0.15603567516480676,0.10558689129704087,2.3331542668273113,0.18557083522238896,1.5671722500666467,1.991599281680337
-1.473767561000502,-0.999707217092246,-1.0038140082695195,-0.4158276000257462,-0.0739077482724145,-0.5056825456948688,-0.3143355483651724,-0.24831550648348097,-0.4550632634116222,-0.5335157938819142,-0.48775823176242566
0.30360132216019775,-0.999707217092246,0.9962004831192838,-1.705025288712013,-1.5670418257171943,-0.5056825456948688,0.24556103785111197,-1.0473418648892023,-1.0956973620456334,-1.5453655323283415,-1.4795012371395309
-0.8813112666136022,-0.999707217092246,-1.0038140082695195,-0.3442055062098425,-0.6711613792503264,1.5921986774855037,-0.28517426783307426,0.3663201538286124,0.04829209980081515,-0.4785239602706953,-0.053870666909942216
0.8960576165470977,-0.999707217092246,0.9962004831192838,-1.0962374912768316,-0.8591856704841134,1.5921986774855037,-0.016890486937771336,-1.0627077563970047,-0.615221788070125,-1.127427596883078,-0.7666859520247364
-0.2888549722267022,1.0002928686546901,-1.0038140082695195,0.6585038072128094,0.3906228535992947,-0.15603567516480676,0.5838318920234504,0.81193100755488,0.16269104598546,0.6653061788426573,0.07009720876219591
-0.2888549722267022,1.0002928686546901,0.9962004831192838,0.5510706664889539,0.20259856236550766,-1.554623157285055,-0.8275740857300997,-1.1395372139360163,-0.7296207342547698,0.8962718800097765,0.5349767425327139
-0.8813112666136022,1.0002928686546901,0.9962004831192838,-0.6306938814734574,-0.4831370880165393,-1.554623157285055,-0.28517426783307426,-0.23294961497567862,-0.27202494951619044,-0.4565272268262078,-0.08486263582797675
0.30360132216019775,-0.999707217092246,-1.0038140082695195,0.9808032293843761,0.0809357856848219,-1.554623157285055,0.3855351844051831,1.0577852716797174,-0.9355388373871306,1.3252081821772836,0.13208114659826498
-0.2888549722267022,-0.999707217092246,0.9962004831192838,0.19296019740943532,0.06987553325930501,0.8929049364253795,0.8696124412380123,0.4277837198598217,-1.1185771512825624,0.7202980124538761,0.4110088668605758
-0.2888549722267022,-0.999707217092246,-1.0038140082695195,-1.1678595850927351,-1.0472099617179005,0.5432580658953174,-0.5651225609412165,-0.939780624334586,-0.8897792589132726,-1.182419430494297,-1.1385895790411509
-1.473767561000502,1.0002928686546901,-1.0038140082695195,-1.705025288712013,-1.5559815732916773,-0.5056825456948688,1.0445801244306012,-1.0319759733814,-1.0956973620456334,-1.567362265772829,-1.5104932060575653
-1.473767561000502,1.0002928686546901,-1.0038140082695195,0.8733700886605206,0.3353215914717103,-0.855329416224931,1.0679091488562797,-0.017827133866445955,1.6041177679119851,0.5113290447312444,-0.2708144493361839
-0.8813112666136022,1.0002928686546901,0.9962004831192838,1.5895910268195577,1.6957326398102874,0.19361119536525534,-0.9850450006034298,-0.32514496402249266,0.6889261984348263,1.7211493841780596,1.7126715614180261
-1.473767561000502,1.0002928686546901,-1.0038140082695195,-1.0962374912768316,-0.9144869326116979,-1.554623157285055,-0.8800643906878765,-0.7400240347331556,-0.27202494951619044,-0.8854635289937149,-1.0456136722870473
-0.2888549722267022,-0.999707217092246,-1.0038140082695195,0.7301259010287131,0.14729730023792323,0.5432580658953174,1.5053283568377518,-0.5863651196551323,1.3066805078319086,0.3683502773420753,0.9998562763032319
-0.2888549722267022,-0.999707217092246,0.9962004831192838,-1.1320485381847833,-0.9587279423137655,0.8929049364253795,1.6802960400303406,-0.8475852752877719,-0.8668994696763437,-1.1714210637720532,-1.0146217033690128
-1.473767561000502,1.0002928686546901,0.9962004831192838,-1.0962374912768316,-1.102511223845485,1.2425518069554415,-1.1600126837960185,-0.8629511667955743,-0.7982601019655567,-1.1164292301608343,-1.0766056412050817
-0.8813112666136022,1.0002928686546901,0.9962004831192838,-1.45434796035635,-1.4453790490365084,-0.5056825456948688,1.1320639660268956,-0.709292251717551,-0.8440196804394147,-1.42438349838366,-1.1075976101231164
1.4885139109339978,1.0002928686546901,0.9962004831192838,1.6970241675434132,0.8883342127475546,-0.15603567516480676,-1.0666965860933046,0.535344960414438,2.8167465974692205,0.7092996457316324,1.0928321830573355
-1.473767561000502,1.0002928686546901,0.9962004831192838,1.5179689330036539,1.5740698631296015,-0.15603567516480676,-1.4457932330105805,2.563642639444346,0.4143687275916787,2.2710677202902483,0.3490249290245067
-1.473767561000502,1.0002928686546901,-1.0038140082695195,0.22877124431738718,0.6892496690882507,-0.5056825456948688,-1.5099480501811964,-0.663194577194144,-0.7067409450178409,0.22537150995290625,-0.36379035609028754
-0.2888549722267022,1.0002928686546901,-1.0038140082695195,1.1598584639241354,0.6228881545351493,-0.855329416224931,0.39719969661802235,1.8107139555620317,-0.20338558180540353,1.1272375811768958,0.5659687114507485
-1.473767561000502,-0.999707217092246,-1.0038140082695195,1.016614276292328,1.4855878437254666,1.2425518069554415,-0.33766457279085094,-1.0934395394126093,-0.24914516027926148,0.7862882127873387,0.5349767425327139
-0.2888549722267022,1.0002928686546901,-1.0038140082695195,-1.3827258665404463,-1.2241740005261708,-0.5056825456948688,-0.5942838414733146,-0.7400240347331556,-0.9812984158609885,-1.2594079975500034,-1.1385895790411509
-0.2888549722267022,1.0002928686546901,-1.0038140082695195,1.267291604647991,2.00541970772476,0.8929049364253795,-1.3058190864565093,1.8568116300854387,1.4210794540165534,1.1382359478991395,1.929615343844268
1.4885139109339978,1.0002928686546901,0.9962004831192838,1.6970241675434132,2.514191319298537,1.2425518069554415,-1.737406038331562,-0.1253883744210623,-0.020347267909971763,2.1060922194565914,0.38001689794254123
0.8960576165470977,-0.999707217092246,-1.0038140082695195,-0.8455601629211685,-0.5494986025696407,-1.2049762867549931,-0.4134839021743061,0.04363643216476338,-0.638101577307054,-0.5665108940486455,-1.0456136722870473
0.30360132216019775,-0.999707217092246,-1.0038140082695195,1.6254020737275094,2.1381427368309627,1.5921986774855037,-0.44264518270640424,2.8555945780925907,-0.5465824203593381,1.0062555472322143,0.10108917768023046
-0.8813112666136022,-0.999707217092246,0.9962004831192838,-0.6306938814734574,-0.8481254180585965,0.19361119536525534,0.28638683059604936,-0.17148604894446928,-0.7525005234916988,-0.7094896614378146,-1.0456136722870473
-1.473767561000502,1.0002928686546901,-1.0038140082695195,0.0497160097776279,0.35744209632274404,0.5432580658953174,0.006438537487907179,-0.03319302537424829,1.0778826154626189,0.14838294289719983,-0.42577429392635663
0.30360132216019775,-0.999707217092246,0.9962004831192838,0.8375590417525687,0.4901651254289467,-1.554623157285055,0.6829802458325841,-0.524901553623923,0.8948443015671871,1.5341771498999155,-0.2398224804181494
-0.2888549722267022,-0.999707217092246,-1.0038140082695195,1.016614276292328,0.28002032934412585,-1.2049762867549931,-1.1483481715831794,2.056568219686869,1.558358189438127,1.1492343146213833,1.061840214139301
-0.8813112666136022,1.0002928686546901,0.9962004831192838,-0.16515027167008323,-0.4720768355910224,0.19361119536525534,-0.792580549091582,-0.9705124073501906,-0.8668994696763437,-0.4675255935484516,0.5039847736146794
0.30360132216019775,-0.999707217092246,-1.0038140082695195,-1.239481678908639,-1.290535515079272,-0.15603567516480676,1.4295090274542968,-0.46343798759271365,-0.638101577307054,-1.0944324967163468,-1.0456136722870473
-0.8813112666136022,1.0002928686546901,0.9962004831192838,1.6612131206354614,0.9215149700241053,-1.2049762867549931,0.3913674405116027,1.1653465122343338,1.0092432477518318,0.8962718800097765,0.9378723384671629
1.4885139109339978,-0.999707217092246,-1.0038140082695195,-1.0962374912768316,-1.002968952015833,-1.554623157285055,-1.1191868910510812,-0.8629511667955743,-0.7067409450178409,-1.1604226970498093,-0.9216457966149092
0.8960576165470977,1.0002928686546901,0.9962004831192838,1.6970241675434132,0.6671291642372169,1.5921986774855037,-1.422464208584902,2.2255930262726946,0.8948443015671871,1.8311330514004973,2.921358349221373
1.4885139109339978,-0.999707217092246,0.9962004831192838,1.482157886095702,1.5740698631296015,-0.5056825456948688,-1.6382576845224281,1.6109573659606014,0.20845062445931795,2.0511003858453725,0.13208114659826498
0.30360132216019775,-0.999707217092246,0.9962004831192838,1.5537799799116059,1.0431777467047911,-0.15603567516480676,-1.0783610983061438,0.19729534724278672,1.9244348172289907,0.9512637136209954,0.19406508443433404
-1.473767561000502,-0.999707217092246,-1.0038140082695195,0.08552705668557975,0.4791048730034298,0.19361119536525534,1.1845542709846721,0.35095426232081006,-0.3864238957008353,0.005404175508030765,-0.5497421695984948
-1.473767561000502,-0.999707217092246,-1.0038140082695195,0.9091811355684725,1.4966480961509834,-0.855329416224931,-1.1775094521152776,0.535344960414438,1.8786752387551329,1.0392506473989456,-0.36379035609028754
1.4885139109339978,-0.999707217092246,0.9962004831192838,0.6585038072128094,0.9657559797261728,-0.855329416224931,-1.264993293711572,1.4726643423903805,0.43724851682860766,0.6983012790093885,1.2168000587294736
-0.8813112666136022,-0.999707217092246,-1.0038140082695195,-0.021906084038275812,0.4016831060248116,0.5432580658953174,-1.5974318917774908,0.8580286820782871,0.16269104598546,-0.25855662582581984,-0.2088305115001149
0.30360132216019775,1.0002928686546901,0.9962004831192838,0.6943148541207613,0.4459241157268792,-1.2049762867549931,0.9862575633664049,0.16656356422718205,1.9930741849397777,0.44533884439778176,0.8448964317130593
0.30360132216019775,1.0002928686546901,0.9962004831192838,-0.057717130946227664,0.25789982449309207,1.5921986774855037,1.3070316492194844,0.7811992245392754,0.8490847230933292,-0.09358112499216321,-0.053870666909942216
-0.2888549722267022,1.0002928686546901,-1.0038140082695195,-1.2036706320006871,-1.2131137481006538,0.5432580658953174,1.3420251858580021,-1.124171322428214,-0.7753803127286277,-1.1604226970498093,-1.0456136722870473
-0.8813112666136022,-0.999707217092246,0.9962004831192838,-0.057717130946227664,0.28002032934412585,-0.5056825456948688,0.7179737824711019,0.258758913273996,0.5287676737763235,0.13738457617495606,-0.6117261074345638
-1.473767561000502,1.0002928686546901,0.9962004831192838,-0.8097491160132166,-0.9808484471647992,0.19361119536525534,0.2805545744896297,-0.524901553623923,-1.1414569405194912,-0.7094896614378146,-0.8286698898608056
0.8960576165470977,1.0002928686546901,0.9962004831192838,-0.6665049283814092,-0.2619320395062016,-0.5056825456948688,0.22806426953185308,-0.4941697706083183,-0.5465824203593381,-0.786478228493521,-0.36379035609028754
0.8960576165470977,-0.999707217092246,-1.0038140082695195,1.0524253232002798,1.6514916301082199,-1.2049762867549931,-0.9792127444970101,0.673637983984659,2.0159539741767065,0.40134537750880667,2.0225912505983716
-1.473767561000502,1.0002928686546901,-1.0038140082695195,0.5510706664889539,-0.11814875797448206,1.5921986774855037,-1.3933029280528038,-0.11002248291325996,0.025412310563886178,1.1272375811768958,0.8758884006310937
-0.2888549722267022,-0.999707217092246,-1.0038140082695195,1.016614276292328,0.36850234874826093,1.2425518069554415,0.7471350630032001,1.9490069791322528,1.695636924859701,0.48933231128675686,0.6589446182048521
-1.473767561000502,-0.999707217092246,0.9962004831192838,0.6585038072128094,1.2865033000661625,1.5921986774855037,-0.4893032315577613,0.5046131773988334,-0.569462209596267,0.17037967634168738,1.0308482452212664
0.30360132216019775,-0.999707217092246,0.9962004831192838,-0.7023159752893611,-0.43889607831447175,0.5432580658953174,1.0095865877920833,-0.6324627941785393,0.18557083522238896,-0.7534831283267897,-0.8906538276968746
0.8960576165470977,-0.999707217092246,-1.0038140082695195,-0.5948828345655055,-0.2729922919317185,-1.554623157285055,0.8287866484930748,-0.6478286856863417,0.25421020293317587,-0.8194733286602524,-0.3947823250083221
0.8960576165470977,1.0002928686546901,0.9962004831192838,0.3720154319491946,0.6671291642372169,-0.855329416224931,1.21954780762319,-1.0473418648892023,0.5058878845393946,0.7862882127873387,0.3490249290245067
-0.8813112666136022,1.0002928686546901,0.9962004831192838,1.482157886095702,1.8063351640654561,1.2425518069554415,0.5779996359170309,-0.340510855530295,0.25421020293317587,0.5773192450647071,1.0308482452212664
0.30360132216019775,-0.999707217092246,-1.0038140082695195,-0.9529933036450241,-1.0250894568668667,-1.554623157285055,-1.014206281135528,-0.9858782988579929,-1.0270579943348466,-0.8524684288269837,-0.7666859520247364
-1.473767561000502,1.0002928686546901,-1.0038140082695195,-0.48744969384164993,-0.2729922919317185,0.5432580658953174,1.1553929904525742,-0.9551465158423883,-0.8897792589132726,-0.3135484594370387,-0.3947823250083221
0.30360132216019775,1.0002928686546901,0.9962004831192838,1.1956695108320872,1.5851301155551185,1.5921986774855037,0.36220615997950456,1.088517054695322,-0.36354410646390634,1.512180416455428,1.8366394370901644
1.4885139109339978,-0.999707217092246,0.9962004831192838,1.0882363701082318,0.8109124457689364,-1.554623157285055,1.21954780762319,-0.41734031306930663,0.25421020293317587,0.19237640978617493,0.3180329601064722
-0.2888549722267022,-0.999707217092246,-1.0038140082695195,1.0882363701082318,0.6228881545351493,1.2425518069554415,1.0445801244306012,-0.524901553623923,2.404910391204499,0.17037967634168738,1.7436635303360608
-0.8813112666136022,1.0002928686546901,-1.0038140082695195,0.4436375257650983,0.9657559797261728,-1.2049762867549931,0.8346189045994945,-0.9244147328267837,0.4830080953024656,0.7312963791761199,-0.2088305115001149
0.30360132216019775,-0.999707217092246,-1.0038140082695195,-0.6665049283814092,-0.9144869326116979,1.5921986774855037,0.7937931118545571,-0.9244147328267837,-0.2949047387531194,-0.6544978278265957,-0.5807341385165293
-0.2888549722267022,-0.999707217092246,-1.0038140082695195,0.013904962869676045,0.14729730023792323,0.19361119536525534,1.4353412835607162,0.7043697670002638,0.917724090804116,-0.4125337599372327,0.22505705335236859
1.4885139109339978,-0.999707217092246,-1.0038140082695195,-0.30839445930189063,-0.6601011268248095,0.19361119536525534,1.581147686221207,-0.663194577194144,-0.592341998833196,-0.3135484594370387,0.22505705335236859
1.4885139109339978,-0.999707217092246,0.9962004831192838,-1.0962374912768316,-0.9808484471647992,-1.2049762867549931,-1.358309391414286,-0.340510855530295,-0.638101577307054,-1.072435763271859,-0.6737100452706329
-0.8813112666136022,1.0002928686546901,0.9962004831192838,1.1598584639241354,1.2312020379385782,1.5921986774855037,-0.4018193899614669,2.3485201583351136,1.3753198755426954,1.98511018551191,0.9378723384671629
-1.473767561000502,1.0002928686546901,0.9962004831192838,-1.4901590072643018,-1.4453790490365084,-0.855329416224931,-0.4543096949192435,-1.1395372139360163,-0.7525005234916988,-1.4353818651059038,-1.324541392549358
0.8960576165470977,1.0002928686546901,-1.0038140082695195,-1.705025288712013,-1.5670418257171943,-0.15603567516480676,1.283702624793806,-1.0473418648892023,-1.0728175728087044,-1.567362265772829,-1.4795012371395309
-0.2888549722267022,1.0002928686546901,-1.0038140082695195,0.9808032293843761,0.4680446205779129,0.8929049364253795,-0.2910065239394939,1.7031527150074155,1.9015550279920617,0.9842588137877267,0.596960680368783
0.8960576165470977,1.0002928686546901,0.9962004831192838,-1.6334031948961094,-1.5338610684406435,1.2425518069554415,0.9512640267278871,-0.939780624334586,-1.1414569405194912,-1.4903736987171226,-1.4485092682214962
0.8960576165470977,1.0002928686546901,-1.0038140082695195,1.267291604647991,0.6339484069606662,-0.15603567516480676,1.5636509179019482,2.579008530952149,0.5058878845393946,0.9402653468987516,1.526719747909819
-1.473767561000502,-0.999707217092246,-1.0038140082695195,-1.2752927258165907,-1.0582702141434175,1.2425518069554415,0.029767561913585695,-0.8475852752877719,-0.592341998833196,-1.182419430494297,-0.9836297344509782
-1.473767561000502,-0.999707217092246,0.9962004831192838,1.2314805577400392,1.1205995136834093,1.5921986774855037,-0.24434847508813687,0.8426627905704848,0.025412310563886178,0.9622620803432391,0.6589446182048521
-0.8813112666136022,1.0002928686546901,0.9962004831192838,-1.6692142418040612,-1.578102078142711,-0.5056825456948688,1.3361929297515827,-1.0627077563970047,-1.0270579943348466,-1.5013720654393663,-1.4485092682214962
0.8960576165470977,-0.999707217092246,0.9962004831192838,0.5510706664889539,0.5897073972585987,-0.5056825456948688,1.499496100731332,1.7338844980230201,0.09405167827467309,-0.00559419121421301,1.3717599033196464
0.30360132216019775,1.0002928686546901,-1.0038140082695195,0.19296019740943532,0.3906228535992947,-1.554623157285055,0.9920898194728245,0.07436821518036804,0.7346857769086843,0.23636987667515003,-0.053870666909942216
0.8960576165470977,1.0002928686546901,-1.0038140082695195,-0.5590717876575536,-0.6269203695482588,-1.554623157285055,0.3272126233409868,0.3663201538286124,0.3686091491178207,-0.6325010943821082,-0.5807341385165293
-0.8813112666136022,1.0002928686546901,0.9962004831192838,0.19296019740943532,0.6450086593861831,-1.554623157285055,-0.273509755620235,-0.663194577194144,0.29996978140703384,0.7642914793428512,0.3490249290245067
0.8960576165470977,1.0002928686546901,-1.0038140082695195,0.9449921824764242,0.22471906721654142,-0.855329416224931,-0.22101945066245834,-0.23294961497567862,0.002532521326957207,0.027400908952518316,0.5659687114507485
1.4885139109339978,-0.999707217092246,0.9962004831192838,1.3031026515559427,1.430286581597882,-0.15603567516480676,0.35637390387308493,2.7633992290457767,-0.9584186266240595,1.1822294147881147,1.588703685745888
-1.473767561000502,1.0002928686546901,-1.0038140082695195,1.016614276292328,1.728913397086838,-1.2049762867549931,0.7413028068967804,-0.38660853005370194,2.198992288072138,0.9512637136209954,0.16307311551629952
-1.473767561000502,-0.999707217092246,-1.0038140082695195,0.0497160097776279,-0.3282935540593029,0.8929049364253795,1.0737414049626992,-0.38660853005370194,-0.6838611557809119,-0.4125337599372327,0.03910523984416139
-1.473767561000502,1.0002928686546901,-1.0038140082695195,-0.09352817785417952,0.05881528083378813,-0.15603567516480676,-1.171677196008858,-0.4019744215615043,0.5516474630132525,0.21437314323066248,0.4420008357786103
-1.473767561000502,-0.999707217092246,-1.0038140082695195,0.3362043850412427,0.9325752224496222,-0.855329416224931,1.0329156122177618,0.9655899226329034,-0.5237026311224091,0.9072702467320203,1.1858080898114391
-1.473767561000502,-0.999707217092246,0.9962004831192838,-1.6692142418040612,-1.5449213208661605,0.5432580658953174,1.69196055224318,-0.9858782988579929,-1.0956973620456334,-1.5893589992173165,-1.4795012371395309
-0.2888549722267022,1.0002928686546901,-1.0038140082695195,-0.8455601629211685,-0.9366074374627317,-0.5056825456948688,-1.0841933544125635,0.01290464914915871,-0.9584186266240595,-0.6544978278265957,-0.8286698898608056
0.30360132216019775,-0.999707217092246,0.9962004831192838,-0.09352817785417952,-0.10708850554896517,0.19361119536525534,-0.30267103615233315,0.44314961136762404,-0.9812984158609885,-0.5885076274931331,-0.797677920942771
-0.8813112666136022,1.0002928686546901,0.9962004831192838,0.0497160097776279,0.45698436815239607,-0.5056825456948688,-0.6875999391760287,1.042419380171915,1.0321230369887608,0.40134537750880667,-0.2398224804181494
-0.8813112666136022,-0.999707217092246,0.9962004831192838,1.5179689330036539,0.4238036108758454,0.5432580658953174,0.5255093309592541,2.5329108564287415,1.4897188217273403,2.194079153234542,1.2477920276475083
0.30360132216019775,1.0002928686546901,-1.0038140082695195,-0.48744969384164993,-0.4720768355910224,0.8929049364253795,-1.737406038331562,0.04363643216476338,-0.615221788070125,-0.6105043609376206,-0.48775823176242566
-0.2888549722267022,-0.999707217092246,0.9962004831192838,0.6943148541207613,0.4238036108758454,-0.855329416224931,-0.44264518270640424,-0.340510855530295,0.9863634585149029,1.171231048065871,1.4027518722376808
-0.2888549722267022,1.0002928686546901,-1.0038140082695195,-1.705025288712013,-1.6112828354192616,-1.554623157285055,-1.2591610376051523,-1.0627077563970047,-1.0728175728087044,-1.5453655323283415,-1.4175172993034617
1.4885139109339978,1.0002928686546901,0.9962004831192838,-1.2036706320006871,-1.1688727383985862,0.19361119536525534,-0.5592903048347968,-1.0166100818735977,-0.638101577307054,-1.1384259636053218,-1.1695815479591853
1.4885139109339978,-0.999707217092246,-1.0038140082695195,0.515259619581002,1.065298251555825,-0.5056825456948688,1.0504123805370207,-0.07929069989765529,1.0550028262256899,0.06039600911924964,1.1858080898114391
-0.8813112666136022,-0.999707217092246,-1.0038140082695195,-1.1320485381847833,-1.2131137481006538,0.19361119536525534,1.2953671370066453,-0.3558767470380973,-0.7982601019655567,-1.1164292301608343,-0.7047020141886674
-0.2888549722267022,1.0002928686546901,0.9962004831192838,0.3362043850412427,-0.28405254435723537,0.8929049364253795,0.292219086702469,-0.41734031306930663,0.07117188903774412,0.9622620803432391,0.03910523984416139
-0.2888549722267022,-0.999707217092246,-1.0038140082695195,1.5537799799116059,1.0984790088323755,1.5921986774855037,1.3595219541772612,1.826079847069834,-0.660981366543983,0.7862882127873387,0.2870409911884377
-0.2888549722267022,1.0002928686546901,-1.0038140082695195,-0.8097491160132166,-1.0250894568668667,-0.855329416224931,1.7269540888816977,-1.0012441903657954,-0.24914516027926148,-0.4675255935484516,-1.0766056412050817
-0.2888549722267022,1.0002928686546901,0.9962004831192838,-1.0604264443688796,-1.1799329908241032,1.2425518069554415,-0.046051767469869484,-0.7707558177487603,-1.0270579943348466,-1.0614373965496153,-1.0766056412050817
0.30360132216019775,1.0002928686546901,0.9962004831192838,1.0882363701082318,1.5630096107040847,-1.554623157285055,-1.0841933544125635,0.08973410668817038,2.313391234256783,1.1382359478991395,0.4420008357786103
-0.8813112666136022,-0.999707217092246,0.9962004831192838,1.6612131206354614,1.142720018534443,1.2425518069554415,0.8287866484930748,2.2102271347648923,0.2770899921701048,2.1610840530678104,-0.02287869799190768
0.30360132216019775,1.0002928686546901,0.9962004831192838,-0.2009613185780351,-0.2287512822296509,0.19361119536525534,-0.1685291457046817,0.45851550287542636,-0.6838611557809119,-0.5555125273264018,0.2560490222704031
0.8960576165470977,-0.999707217092246,-1.0038140082695195,-1.5975921479881574,-1.5228008160151267,-1.2049762867549931,-0.5359612804091183,-1.124171322428214,-1.0728175728087044,-1.4793753319948788,-1.4175172993034617
-0.8813112666136022,-0.999707217092246,0.9962004831192838,0.4794485726730502,0.2357793196420583,-0.15603567516480676,1.6336379911789838,0.3816860453364147,-0.8897792589132726,0.027400908952518316,0.9998562763032319
0.30360132216019775,1.0002928686546901,0.9962004831192838,0.3003933381332909,0.4459241157268792,-0.15603567516480676,-0.9150579273263942,0.30485658779740304,-1.0270579943348466,0.34635354389758777,-0.08486263582797675
-1.473767561000502,-0.999707217092246,-1.0038140082695195,1.6970241675434132,2.613733591128189,-0.5056825456948688,0.3097158550217279,2.409983724366323,3.205703014497013,1.6001673502333782,0.13208114659826498
0.8960576165470977,1.0002928686546901,-1.0038140082695195,-1.4901590072643018,-1.4674995538875422,1.5921986774855037,-1.060864329986885,-1.0012441903657954,-0.9584186266240595,-1.3583932980501974,-1.262557454713289
-1.473767561000502,-0.999707217092246,0.9962004831192838,-1.1678595850927351,-1.01402920444135,0.19361119536525534,0.34470939166024567,-0.709292251717551,-0.615221788070125,-1.1714210637720532,-0.797677920942771
0.8960576165470977,-0.999707217092246,-1.0038140082695195,1.1956695108320872,0.9104547175985884,0.19361119536525534,-1.4516254891170002,1.7185186065152178,0.940603880041045,1.358203282344015,0.5349767425327139
0.30360132216019775,1.0002928686546901,-1.0038140082695195,-1.1678595850927351,-1.0582702141434175,1.5921986774855037,1.5228251251570106,-0.8629511667955743,-0.7525005234916988,-1.1934177972165407,-1.262557454713289
1.4885139109339978,1.0002928686546901,-1.0038140082695195,0.9091811355684725,1.3971058243213315,-1.554623157285055,0.8987737217701104,1.6724209319918109,1.6498773463858432,0.19237640978617493,0.9378723384671629
0.8960576165470977,1.0002928686546901,-1.0038140082695195,-0.8813712098291203,-0.8813061753351472,0.8929049364253795,0.07642561076494273,-0.9551465158423883,-0.9126590481502016,-1.028442296382884,-1.1075976101231164
0.8960576165470977,1.0002928686546901,0.9962004831192838,1.6612131206354614,1.8948171834695913,1.2425518069554415,-1.2358320131794738,0.627540309461252,2.1303529203613514,0.5333257781757319,0.13208114659826498
0.30360132216019775,1.0002928686546901,0.9962004831192838,1.2314805577400392,1.2090815330875444,-1.554623157285055,0.4905157943207364,-0.1407542659288646,1.2380411401211215,0.9842588137877267,0.22505705335236859
-1.473767561000502,1.0002928686546901,-1.0038140082695195,-1.3827258665404463,-1.3568970296323732,1.2425518069554415,-1.4632900013298393,-1.0934395394126093,-0.8668994696763437,-1.3473949313279536,-1.3555333614673926
-0.2888549722267022,1.0002928686546901,0.9962004831192838,0.5510706664889539,0.8440932030454871,-0.5056825456948688,-0.6351096342182521,-0.2175837234678763,1.1465219831734057,0.3133584437308565,0.4420008357786103
0.8960576165470977,-0.999707217092246,-1.0038140082695195,1.0524253232002798,1.3971058243213315,0.8929049364253795,-1.5624383551389731,0.8426627905704848,0.29996978140703384,0.6873029122871448,1.8366394370901644
0.30360132216019775,-0.999707217092246,-1.0038140082695195,0.8375590417525687,0.25789982449309207,1.5921986774855037,-1.6440899406288478,1.5648596914371944,2.0617135526505646,1.3032114487327962,1.4027518722376808
1.4885139109339978,-0.999707217092246,-1.0038140082695195,-0.8455601629211685,-0.8370651656330796,-0.5056825456948688,0.857947929025173,-1.0166100818735977,-0.638101577307054,-0.8744651622714712,-0.48775823176242566
1.4885139109339978,1.0002928686546901,0.9962004831192838,-1.5975921479881574,-1.5449213208661605,-0.5056825456948688,-1.4924512818619375,-1.1395372139360163,-0.9812984158609885,-1.4903736987171226,-1.3555333614673926
-0.2888549722267022,-0.999707217092246,-1.0038140082695195,-1.1678595850927351,-1.2573547578027213,-1.2049762867549931,1.0387478683241815,-0.3712426385458996,-0.5237026311224091,-1.1604226970498093,-1.1075976101231164
0.30360132216019775,1.0002928686546901,-1.0038140082695195,0.0497160097776279,0.22471906721654142,1.2425518069554415,0.9862575633664049,0.258758913273996,0.11693146751160206,-0.37953865977050133,-0.36379035609028754
-1.473767561000502,-0.999707217092246,0.9962004831192838,1.3389136984638947,0.9325752224496222,-0.5056825456948688,0.6596512214069057,-1.0934395394126093,1.4439592432534822,0.4563372111200255,1.8986233749262333
-1.473767561000502,-0.999707217092246,0.9962004831192838,-1.5259700541722538,-1.489620058738576,-1.2049762867549931,0.8929414656636908,-0.801487600764365,-0.8897792589132726,-1.3143998311612222,-1.4175172993034617
-1.473767561000502,-0.999707217092246,0.9962004831192838,-0.5590717876575536,-0.14026926282551583,0.8929049364253795,-1.737406038331562,0.4277837198598217,-1.1185771512825624,-0.7094896614378146,-0.7047020141886674
-0.2888549722267022,-0.999707217092246,0.9962004831192838,-1.6334031948961094,-1.5338610684406435,-1.2049762867549931,-1.0025417689226885,-0.939780624334586,-1.0270579943348466,-1.468376965272635,-1.3555333614673926
1.4885139109339978,-0.999707217092246,-1.0038140082695195,0.19296019740943532,0.35744209632274404,-0.5056825456948688,-1.2416642692858935,0.5814426349378451,0.3914889383547497,-0.4235321266594764,0.19406508443433404
1.4885139109339978,-0.999707217092246,-1.0038140082695195,-1.3111037727245427,-1.3568970296323732,-1.2049762867549931,1.3420251858580021,-1.0319759733814,-1.0041782050979176,-1.072435763271859,-1.0456136722870473
-0.8813112666136022,-0.999707217092246,0.9962004831192838,-1.740836335619965,-1.6334033402702954,1.5921986774855037,1.6511347594982426,-1.0934395394126093,-1.1185771512825624,-1.6333524661062917,-1.5414851749755998
0.8960576165470977,1.0002928686546901,-1.0038140082695195,-0.8097491160132166,-0.4831370880165393,-1.554623157285055,1.4120122591350377,-1.0473418648892023,-0.5465824203593381,-0.8854635289937149,-0.2708144493361839
1.4885139109339978,1.0002928686546901,0.9962004831192838,-1.2036706320006871,-1.01402920444135,1.2425518069554415,-1.0433675616676261,-1.078073647904807,-0.7753803127286277,-1.2594079975500034,-0.8286698898608056
-0.8813112666136022,1.0002928686546901,-1.0038140082695195,-0.5590717876575536,-0.4720768355910224,-1.2049762867549931,-0.4368129265999846,0.19729534724278672,0.2770899921701048,-0.17056969204786962,-0.6737100452706329
0.30360132216019775,-0.999707217092246,0.9962004831192838,0.9808032293843761,1.1537802709599598,-0.855329416224931,-0.44264518270640424,0.9348581396172987,0.4830080953024656,0.6213127119536822,1.3097759654835772
-0.2888549722267022,1.0002928686546901,-1.0038140082695195,-0.9888043505529759,-1.1246317286965188,0.8929049364253795,-0.06354853578912836,-0.8475852752877719,-0.3406643172269774,-0.8964618957159588,-1.0766056412050817
1.4885139109339978,1.0002928686546901,-1.0038140082695195,0.9449921824764242,0.4238036108758454,-1.554623157285055,-0.3493290850036902,-0.5402674451317253,2.1761124988352094,1.556173883344403,-0.2708144493361839
-0.8813112666136022,1.0002928686546901,0.9962004831192838,-0.9171822567370722,-0.9366074374627317,-1.554623157285055,-0.5651225609412165,-0.6324627941785393,-0.5465824203593381,-0.6325010943821082,-1.1075976101231164
0.8960576165470977,-0.999707217092246,-1.0038140082695195,1.5537799799116059,1.927997940746142,-1.2049762867549931,1.7444508572009567,1.641689148976206,-0.2262653710423325,0.7532931126206075,1.6196956546639225
-0.8813112666136022,1.0002928686546901,-1.0038140082695195,0.013904962869676045,0.5344061351310142,-1.2049762867549931,-0.541793536515538,0.059002323672565714,0.8948443015671871,0.5663208783424633,0.5349767425327139
1.4885139109339978,-0.999707217092246,0.9962004831192838,0.765936947936665,1.319684057342713,0.19361119536525534,-0.3726581094293687,0.13583178121157738,1.7871560818074168,1.4241934826774778,-0.053870666909942216
-0.8813112666136022,1.0002928686546901,0.9962004831192838,-1.705025288712013,-1.5449213208661605,-1.2049762867549931,-1.422464208584902,-1.0473418648892023,-1.0728175728087044,-1.5783606324950727,-1.4795012371395309
0.8960576165470977,1.0002928686546901,-1.0038140082695195,1.016614276292328,1.1648405233854768,1.2425518069554415,-0.05771627968270874,-0.4941697706083183,-1.0728175728087044,1.116239214454652,1.4957277789917844
1.4885139109339978,-0.999707217092246,0.9962004831192838,-0.9529933036450241,-0.7707036510799784,-0.15603567516480676,0.6421544530876467,-0.8322193837799696,-0.2949047387531194,-0.6984912947155708,-0.6737100452706329
-0.2888549722267022,-0.999707217092246,-1.0038140082695195,-0.6665049283814092,-0.5273780977186069,-0.15603567516480676,-0.25018073119455647,0.10509999819597271,0.13981125674853104,-0.4015353932149889,-0.14684657366404583
-0.8813112666136022,1.0002928686546901,0.9962004831192838,-0.4158276000257462,-0.40571532103792113,-1.554623157285055,-0.7867482929851624,0.2741248047817984,0.16269104598546,-0.30255009271479494,0.03910523984416139
1.4885139109339978,-0.999707217092246,0.9962004831192838,1.3747247453718465,1.5077083485765004,-0.855329416224931,1.0095865877920833,0.9348581396172987,0.11693146751160206,0.5773192450647071,1.061840214139301
1.4885139109339978,-0.999707217092246,-1.0038140082695195,-0.3442055062098425,-0.5494986025696407,0.19361119536525534,-0.9792127444970101,-0.20221783196007395,-0.638101577307054,-0.15957132532562585,-0.2088305115001149
-0.2888549722267022,-0.999707217092246,-1.0038140082695195,0.9449921824764242,0.02563452355723747,1.2425518069554415,-0.4368129265999846,0.8272968990626824,0.025412310563886178,0.6433094453981697,0.5039847736146794
0.30360132216019775,-0.999707217092246,0.9962004831192838,-0.6306938814734574,-0.5937396122717081,-0.855329416224931,-1.3933029280528038,-0.46343798759271365,-1.0041782050979176,-0.4565272268262078,-0.17783854258208034
0.8960576165470977,-0.999707217092246,-1.0038140082695195,0.8733700886605206,0.11411654296137257,-1.2049762867549931,-1.6849157333737852,0.5046131773988334,2.1303529203613514,-0.02759092465870056,0.2560490222704031
-0.8813112666136022,-0.999707217092246,0.9962004831192838,0.8733700886605206,1.618310872831669,1.2425518069554415,0.9979220755792441,-0.939780624334586,0.04829209980081515,1.4131951159552338,1.1548161208934047
0.8960576165470977,-0.999707217092246,-1.0038140082695195,1.482157886095702,1.6736121349592537,-0.15603567516480676,0.047264330232844584,2.5329108564287415,2.6565880728107176,1.5891689835111344,1.2168000587294736
-0.8813112666136022,1.0002928686546901,-1.0038140082695195,0.22877124431738718,0.22471906721654142,-1.2049762867549931,-0.5067999998770202,-0.4941697706083183,0.4601283060655366,0.6873029122871448,-0.6117261074345638
-1.473767561000502,-0.999707217092246,-1.0038140082695195,-0.38001655311779436,-0.40571532103792113,-0.5056825456948688,-0.9617159761777513,-0.46343798759271365,-0.5008228418854801,-0.7424847616045459,0.2870409911884377
-0.8813112666136022,-0.999707217092246,-1.0038140082695195,-0.23677236548598696,-0.4941973404420562,1.2425518069554415,-1.6032641478839105,-0.8168534922721673,-0.3864238957008353,-0.2695549925480636,0.13208114659826498
1.4885139109339978,-0.999707217092246,0.9962004831192838,-0.738127022197313,-0.44995633073998864,0.19361119536525534,-0.9208901834328138,0.1511976727193797,-0.569462209596267,-0.8634667955492275,-0.9216457966149092
1.4885139109339978,1.0002928686546901,-1.0038140082695195,-1.6692142418040612,-1.5891623305682279,1.2425518069554415,-1.719909270012303,-1.0166100818735977,-1.0270579943348466,-1.5123704321616103,-1.4175172993034617
-0.8813112666136022,-0.999707217092246,-1.0038140082695195,-0.9529933036450241,-1.0361497092923837,1.5921986774855037,-1.2533287814987326,-0.893682949811179,-0.569462209596267,-0.7424847616045459,-0.5807341385165293
-1.473767561000502,-0.999707217092246,-1.0038140082695195,-0.23677236548598696,-0.11814875797448206,-1.554623157285055,-1.4574577452234196,-0.6478286856863417,-0.8440196804394147,-0.6984912947155708,0.38001689794254123
-0.2888549722267022,1.0002928686546901,-1.0038140082695195,-0.7023159752893611,-0.5273780977186069,-0.15603567516480676,-1.0433675616676261,-0.09465659140545762,0.20845062445931795,-0.5665108940486455,-0.45676626284439115
-1.473767561000502,-0.999707217092246,0.9962004831192838,-1.5259700541722538,-1.4343187966109916,1.5921986774855037,1.0679091488562797,-0.9551465158423883,-0.9584186266240595,-1.3583932980501974,-1.3555333614673926
-0.8813112666136022,1.0002928686546901,0.9962004831192838,0.9808032293843761,0.22471906721654142,-1.2049762867549931,-0.011058230831351708,-0.5863651196551323,1.764276292570488,0.2473682433973938,1.0928321830573355
0.8960576165470977,1.0002928686546901,0.9962004831192838,-0.1293392247621314,-0.1623897676765496,0.5432580658953174,0.006438537487907179,0.7043697670002638,0.7804453553825422,0.2803633435641251,0.008113270926126851
-1.473767561000502,1.0002928686546901,-1.0038140082695195,-0.5590717876575536,-0.36147431133585356,0.19361119536525534,0.5080125626399953,-0.47880387910051597,-0.043227057146900734,-0.5555125273264018,-0.7666859520247364
-1.473767561000502,1.0002928686546901,-1.0038140082695195,-0.09352817785417952,0.4016831060248116,0.8929049364253795,-0.2793420117266546,0.059002323672565714,1.0092432477518318,0.23636987667515003,0.16307311551629952
0.8960576165470977,1.0002928686546901,-1.0038140082695195,-0.5590717876575536,-0.5494986025696407,0.19361119536525534,-1.5507738429261337,0.01290464914915871,0.3228495706439628,-0.7754798617712773,-0.48775823176242566
0.8960576165470977,-0.999707217092246,0.9962004831192838,-0.8813712098291203,-1.0250894568668667,-0.855329416224931,-0.745922500240225,-0.617096902670737,-0.7067409450178409,-0.8634667955492275,-0.48775823176242566
0.8960576165470977,1.0002928686546901,-1.0038140082695195,-0.8455601629211685,-0.903426680186181,-1.2049762867549931,-1.4457932330105805,-0.9858782988579929,-0.615221788070125,-0.7534831283267897,-0.7047020141886674
-0.2888549722267022,-0.999707217092246,0.9962004831192838,-0.09352817785417952,-0.21769102980413405,1.5921986774855037,-1.6849157333737852,0.6582720924768567,-0.08898663562075868,-0.24755825910357607,-0.2398224804181494
-0.2888549722267022,-0.999707217092246,0.9962004831192838,1.4463468391877503,2.1713234941075132,1.5921986774855037,1.3828509786029397,2.1180317857180784,1.3524400863057664,1.6991526507335721,1.526719747909819
-0.2888549722267022,1.0002928686546901,-1.0038140082695195,-1.4901590072643018,-1.4564393014620254,0.5432580658953174,-1.5274448185004552,-0.893682949811179,-1.1414569405194912,-1.4353818651059038,-1.3555333614673926
-0.8813112666136022,-0.999707217092246,0.9962004831192838,-1.0604264443688796,-0.9808484471647992,0.8929049364253795,1.7502831133073762,-0.7861217092565627,-0.638101577307054,-1.182419430494297,-0.85966185877884
-1.473767561000502,1.0002928686546901,-1.0038140082695195,-0.8097491160132166,-0.5826793598461912,-0.5056825456948688,0.8346189045994945,-0.4019744215615043,-0.8440196804394147,-0.9294569958826902,-1.0146217033690128
1.4885139109339978,1.0002928686546901,0.9962004831192838,-1.6334031948961094,-1.4785598063130592,1.2425518069554415,-1.0958578666254026,-1.0012441903657954,-1.0270579943348466,-1.523368798883854,-1.4795012371395309
0.30360132216019775,1.0002928686546901,-1.0038140082695195,-1.3469148196324945,-1.1246317286965188,-0.855329416224931,0.5080125626399953,-0.7400240347331556,-0.6838611557809119,-1.2154145306610282,-1.262557454713289
-1.473767561000502,-0.999707217092246,0.9962004831192838,0.7301259010287131,0.45698436815239607,-0.855329416224931,1.0737414049626992,-0.5556333366395276,-0.043227057146900734,0.7312963791761199,0.008113270926126851
0.8960576165470977,1.0002928686546901,-1.0038140082695195,1.1956695108320872,1.529828853427534,-1.554623157285055,-0.792580549091582,0.7965651160470777,-0.8897792589132726,0.5443241448979758,0.5349767425327139
-0.8813112666136022,1.0002928686546901,0.9962004831192838,-0.5232607407496018,-0.2287512822296509,-0.5056825456948688,-0.3260000605780117,-0.709292251717551,-1.1185771512825624,-0.5775092607708893,-0.7047020141886674
0.30360132216019775,-0.999707217092246,0.9962004831192838,1.3031026515559427,2.038600465001311,0.5432580658953174,-1.6615867089481067,0.028270540656961045,1.1465219831734057,0.7202980124538761,0.38001689794254123
-0.8813112666136022,-0.999707217092246,-1.0038140082695195,1.1240474170161836,1.1537802709599598,-1.2049762867549931,0.5080125626399953,-0.8475852752877719,0.20845062445931795,0.23636987667515003,-0.17783854258208034
0.30360132216019775,1.0002928686546901,-1.0038140082695195,-0.5948828345655055,-0.7817639035054953,0.19361119536525534,-1.2474965253923131,-0.2175837234678763,-0.2262653710423325,-0.4895223269929391,-0.3018064182542185
0.30360132216019775,-0.999707217092246,0.9962004831192838,-0.9529933036450241,-0.6601011268248095,0.5432580658953174,0.15807719625481753,-1.1088054309204116,-0.31778452799004836,-0.7314863948823022,-0.9216457966149092
-0.2888549722267022,-0.999707217092246,-1.0038140082695195,-0.057717130946227664,0.36850234874826093,-0.5056825456948688,-0.6234451220054128,0.8272968990626824,0.002532521326957207,-0.544514160604158,0.2560490222704031
-0.8813112666136022,1.0002928686546901,0.9962004831192838,0.26458229122533905,-0.14026926282551583,-0.855329416224931,-1.4807867696490982,-0.5402674451317253,0.9863634585149029,0.632311078675926,0.16307311551629952
-0.8813112666136022,1.0002928686546901,0.9962004831192838,-1.3827258665404463,-1.1467522335475524,-0.855329416224931,-1.4866190257555179,-0.709292251717551,-0.7525005234916988,-1.3143998311612222,-1.1385895790411509
1.4885139109339978,1.0002928686546901,0.9962004831192838,-1.740836335619965,-1.6444635926958124,-0.5056825456948688,-1.0900256105189832,-1.170268996951621,-1.1185771512825624,-1.6113557326618042,-1.5104932060575653
0.8960576165470977,-0.999707217092246,-1.0038140082695195,1.0524253232002798,1.8063351640654561,1.2425518069554415,0.4905157943207364,0.4277837198598217,0.6660464091978974,1.6441608171223532,1.4337438411557153
1.4885139109339978,1.0002928686546901,-1.0038140082695195,0.0497160097776279,-0.14026926282551583,-1.2049762867549931,-1.0317030494547867,0.04363643216476338,-0.11186642485768765,-0.34654355960377003,0.6279526492868175
-1.473767561000502,-0.999707217092246,-1.0038140082695195,1.482157886095702,1.441346834023399,0.19361119536525534,-0.839238597942939,1.7953480640542294,0.3228495706439628,2.150085686345567,0.2870409911884377
0.30360132216019775,-0.999707217092246,-1.0038140082695195,0.515259619581002,0.18047805751447388,-0.15603567516480676,-1.229999757073054,0.30485658779740304,-0.9584186266240595,-0.02759092465870056,0.6899365871228866
-1.473767561000502,-0.999707217092246,-1.0038140082695195,0.08552705668557975,0.30214083419515964,-0.855329416224931,0.46135451378863823,-0.43270620457710895,-0.24914516027926148,-0.08258275826991944,-0.42577429392635663
1.4885139109339978,1.0002928686546901,-1.0038140082695195,-0.057717130946227664,-0.11814875797448206,-1.554623157285055,1.1845542709846721,-0.6478286856863417,0.5745272522501814,0.10438947600822474,-0.7047020141886674
0.30360132216019775,-0.999707217092246,-1.0038140082695195,0.013904962869676045,-0.46101658316550553,-0.855329416224931,-1.533277074606875,-1.170268996951621,0.18557083522238896,-0.39053702649274513,0.7829124938769902
-1.473767561000502,1.0002928686546901,-1.0038140082695195,1.5895910268195577,1.065298251555825,-1.554623157285055,-0.20352268234319948,1.5187620169137874,2.519309337389144,0.48933231128675686,2.1775510951885444
0.8960576165470977,-0.999707217092246,-1.0038140082695195,1.016614276292328,1.8063351640654561,1.5921986774855037,-0.37849036553578835,0.7504674415236707,0.8033251446194711,0.7092996457316324,0.4420008357786103
-1.473767561000502,1.0002928686546901,-1.0038140082695195,0.8733700886605206,1.4966480961509834,-1.554623157285055,1.7269540888816977,-0.8475852752877719,-0.20338558180540353,0.6983012790093885,0.6899365871228866
0.8960576165470977,1.0002928686546901,-1.0038140082695195,1.732835214451365,0.8330329506199702,0.19361119536525534,-0.1860259140239406,3.193644191264242,1.1236421939364767,1.6001673502333782,0.13208114659826498
1.4885139109339978,1.0002928686546901,-1.0038140082695195,0.3003933381332909,0.13623704781240634,0.19361119536525534,1.7036250644560191,0.4124178283520194,1.2380411401211215,0.48933231128675686,-0.08486263582797675
-1.473767561000502,-0.999707217092246,0.9962004831192838,-1.45434796035635,-1.2573547578027213,-0.5056825456948688,-0.26767749951381536,-0.7707558177487603,-0.9126590481502016,-1.4353818651059038,-1.1385895790411509
1.4885139109339978,-0.999707217092246,0.9962004831192838,1.6612131206354614,1.6514916301082199,0.19361119536525534,-0.9617159761777513,1.8568116300854387,2.954025332890794,0.6433094453981697,0.596960680368783
1.4885139109339978,1.0002928686546901,0.9962004831192838,-1.5259700541722538,-1.4453790490365084,0.19361119536525534,-1.375806159733545,-0.9705124073501906,-0.9126590481502016,-1.325398197883466,-1.262557454713289
-1.473767561000502,1.0002928686546901,0.9962004831192838,-0.4158276000257462,-0.7264626413779108,-1.554623157285055,0.39719969661802235,-0.4941697706083183,0.3686091491178207,-0.1815680587701134,-0.9216457966149092
1.4885139109339978,1.0002928686546901,-1.0038140082695195,0.4436375257650983,-0.04072699099586385,-0.855329416224931,0.05309658633926421,1.319005427312357,1.2609209293580506,0.7312963791761199,0.13208114659826498
-0.8813112666136022,1.0002928686546901,-1.0038140082695195,-0.9529933036450241,-0.8370651656330796,0.19361119536525534,-1.3233158547757682,-0.27904728949908564,-0.13474621409461662,-0.9404553626049339,-1.1075976101231164
-1.473767561000502,-0.999707217092246,-1.0038140082695195,-1.6334031948961094,-1.500680311164093,1.2425518069554415,1.5519864056891088,-0.939780624334586,-1.0499377835717754,-1.5563638990505853,-1.4795012371395309
-0.8813112666136022,1.0002928686546901,-1.0038140082695195,-0.7739380691052647,-0.40571532103792113,1.5921986774855037,-0.9792127444970101,-0.6017310111629346,-0.27202494951619044,-1.0174439296606403,-0.5807341385165293
0.30360132216019775,-0.999707217092246,0.9962004831192838,-0.38001655311779436,-0.5052575928675731,-0.15603567516480676,-1.6382576845224281,-0.9244147328267837,0.025412310563886178,-0.786478228493521,-0.02287869799190768
-0.2888549722267022,1.0002928686546901,-1.0038140082695195,1.0882363701082318,1.065298251555825,-0.855329416224931,-1.702412501693044,-1.124171322428214,-0.2262653710423325,1.7541444843447909,1.7126715614180261
0.30360132216019775,1.0002928686546901,0.9962004831192838,-0.30839445930189063,-0.06284749584689762,-0.855329416224931,0.46718676989505786,-0.7861217092565627,0.43724851682860766,-0.7094896614378146,-0.02287869799190768
1.4885139109339978,1.0002928686546901,0.9962004831192838,-0.6665049283814092,-0.37253456376137045,0.8929049364253795,-0.19769042623677985,0.08973410668817038,-0.5237026311224091,-0.6544978278265957,-0.9836297344509782
1.4885139109339978,1.0002928686546901,0.9962004831192838,0.5868817133969058,0.9325752224496222,0.5432580658953174,1.487831588518493,-0.6939263602097486,-0.3864238957008353,0.4673355778422693,0.7829124938769902
0.30360132216019775,1.0002928686546901,-1.0038140082695195,-1.239481678908639,-1.2462945053772045,1.5921986774855037,1.1962187831975115,-1.0166100818735977,-0.569462209596267,-1.3143998311612222,-1.2935494236313236
0.30360132216019775,1.0002928686546901,0.9962004831192838,-1.4901590072643018,-1.4564393014620254,1.2425518069554415,1.0095865877920833,-0.801487600764365,-0.9812984158609885,-1.281404730994491,-1.2935494236313236
-0.8813112666136022,-0.999707217092246,0.9962004831192838,0.3362043850412427,0.8993944651730715,0.19361119536525534,0.42636097715012045,-0.8475852752877719,1.4439592432534822,0.48933231128675686,0.4420008357786103
-0.8813112666136022,1.0002928686546901,-1.0038140082695195,-0.8097491160132166,-0.9366074374627317,0.19361119536525534,-1.6149286600967496,-0.8629511667955743,-0.6838611557809119,-0.7204880281600584,-0.8906538276968746
0.8960576165470977,-0.999707217092246,0.9962004831192838,1.1240474170161836,1.5961903679806353,-0.15603567516480676,-0.8275740857300997,-0.1253883744210623,0.3914889383547497,0.6873029122871448,1.8676314060081989
0.8960576165470977,1.0002928686546901,-1.0038140082695195,-1.705025288712013,-1.6112828354192616,-0.855329416224931,-1.3641416475207055,-1.170268996951621,-1.0499377835717754,-1.6003573659395605,-1.4795012371395309
0.30360132216019775,1.0002928686546901,0.9962004831192838,1.1956695108320872,0.5897073972585987,0.19361119536525534,1.1495607343461545,2.363886049842916,1.2609209293580506,0.2693649768418814,1.929615343844268
-0.8813112666136022,-0.999707217092246,0.9962004831192838,-1.1320485381847833,-1.2131137481006538,-1.2049762867549931,0.12308365961629976,-0.43270620457710895,-0.5008228418854801,-0.8414700621047398,-1.262557454713289
0.30360132216019775,-0.999707217092246,-1.0038140082695195,0.765936947936665,0.28002032934412585,-1.2049762867549931,0.3680384160859242,0.8580286820782871,1.4897188217273403,0.12638620945271228,0.10108917768023046
0.30360132216019775,-0.999707217092246,0.9962004831192838,0.5868817133969058,0.13623704781240634,-1.554623157285055,-0.5301290243026987,-0.47880387910051597,1.3524400863057664,1.116239214454652,1.3097759654835772
-0.2888549722267022,1.0002928686546901,0.9962004831192838,0.9808032293843761,1.33074430976823,1.2425518069554415,0.134748171829139,-0.23294961497567862,0.2313304136962469,1.2372212483993335,-0.2088305115001149
-0.2888549722267022,-0.999707217092246,0.9962004831192838,-0.057717130946227664,-0.2287512822296509,1.2425518069554415,0.9046059778765301,0.10509999819597271,-0.3864238957008353,0.14838294289719983,0.6899365871228866
1.4885139109339978,1.0002928686546901,0.9962004831192838,0.9091811355684725,0.02563452355723747,0.5432580658953174,-0.1335356090661639,-0.801487600764365,-0.5008228418854801,1.0282522806767018,-0.08486263582797675
0.30360132216019775,1.0002928686546901,0.9962004831192838,-1.4185369134483983,-1.290535515079272,0.19361119536525534,-0.5592903048347968,-0.6939263602097486,-1.0499377835717754,-1.42438349838366,-1.1695815479591853
-1.473767561000502,-0.999707217092246,0.9962004831192838,-0.23677236548598696,0.18047805751447388,0.5432580658953174,1.1437284782397348,0.18192945573498437,0.8490847230933292,-0.2805533592703074,-0.48775823176242566
-0.2888549722267022,1.0002928686546901,0.9962004831192838,1.5179689330036539,1.529828853427534,0.19361119536525534,0.3272126233409868,0.059002323672565714,0.4143687275916787,1.6221640836778657,-0.02287869799190768
0.8960576165470977,1.0002928686546901,0.9962004831192838,-0.48744969384164993,-0.8591856704841134,0.19361119536525534,-1.375806159733545,-0.41734031306930663,0.4143687275916787,-0.5115190604374267,-0.17783854258208034
-1.473767561000502,1.0002928686546901,0.9962004831192838,-0.2009613185780351,-0.3061730492082691,1.2425518069554415,0.700477014151843,0.4277837198598217,-1.0956973620456334,-0.6544978278265957,-0.5807341385165293
-0.2888549722267022,1.0002928686546901,0.9962004831192838,-0.2009613185780351,-0.29511279678275226,0.19361119536525534,-1.0550320738804653,-1.0934395394126093,-0.15762600333154558,-0.30255009271479494,-0.2088305115001149
-0.2888549722267022,-0.999707217092246,0.9962004831192838,0.22877124431738718,-0.007546233719313188,1.2425518069554415,-1.5682706112453926,-0.24831550648348097,-0.27202494951619044,0.1593813096194436,0.38001689794254123
1.4885139109339978,1.0002928686546901,-1.0038140082695195,0.3362043850412427,0.5012253778544636,1.5921986774855037,-1.2999868303500897,1.1038829462031243,1.3066805078319086,0.21437314323066248,0.16307311551629952
1.4885139109339978,1.0002928686546901,-1.0038140082695195,1.1598584639241354,0.28002032934412585,0.19361119536525534,-1.544941586819714,1.8568116300854387,1.8786752387551329,0.8082849462318263,1.4957277789917844
1.4885139109339978,-0.999707217092246,0.9962004831192838,-0.2725834123939388,-0.15132951525103272,1.2425518069554415,0.1114191474034605,0.32022247930520537,-0.9584186266240595,-0.12657622515889452,-0.797677920942771
-0.8813112666136022,1.0002928686546901,0.9962004831192838,-0.9529933036450241,-0.704342136526877,1.2425518069554415,-1.0783610983061438,-0.6017310111629346,-0.638101577307054,-0.8854635289937149,-0.7666859520247364
-1.473767561000502,-0.999707217092246,0.9962004831192838,-0.4516386469336981,-0.43889607831447175,1.5921986774855037,-0.699264451388868,-0.9858782988579929,0.3228495706439628,-0.34654355960377003,0.13208114659826498
1.4885139109339978,-0.999707217092246,-1.0038140082695195,-0.6306938814734574,-0.37253456376137045,0.8929049364253795,1.4353412835607162,-0.23294961497567862,-0.7982601019655567,-0.6544978278265957,-0.735693983106702
-0.8813112666136022,-0.999707217092246,0.9962004831192838,0.26458229122533905,0.16941780508895699,0.19361119536525534,0.7121415263646823,-0.9858782988579929,1.0778826154626189,0.22537150995290625,0.7829124938769902
0.30360132216019775,1.0002928686546901,-1.0038140082695195,0.765936947936665,0.6228881545351493,0.8929049364253795,-0.22685170676887798,-0.8322193837799696,1.3066805078319086,0.6543078121204134,-0.42577429392635663
-0.8813112666136022,-0.999707217092246,0.9962004831192838,-0.4516386469336981,-0.51631784529309,0.19361119536525534,0.6479867091940664,-0.8783170583033766,0.2770899921701048,-0.29155172599255114,-0.7666859520247364
-0.2888549722267022,1.0002928686546901,0.9962004831192838,0.6943148541207613,0.954695727300656,-0.15603567516480676,0.5255093309592541,0.13583178121157738,0.09405167827467309,0.06039600911924964,0.8758884006310937
1.4885139109339978,-0.999707217092246,0.9962004831192838,0.22877124431738718,0.5897073972585987,0.8929049364253795,-0.9908772567098494,-0.7246581432253533,-0.7067409450178409,0.7972865795095826,-0.332798387172253
1.4885139109339978,-0.999707217092246,0.9962004831192838,-0.30839445930189063,-0.7375228938034277,-1.2049762867549931,-1.2416642692858935,0.18192945573498437,-0.08898663562075868,-0.5115190604374267,0.3180329601064722
-0.2888549722267022,1.0002928686546901,0.9962004831192838,-0.2009613185780351,0.15835755266344012,-1.2049762867549931,0.46718676989505786,0.4277837198598217,-0.4321834741746932,-0.37953865977050133,0.008113270926126851
-0.2888549722267022,1.0002928686546901,0.9962004831192838,-1.3827258665404463,-1.3568970296323732,0.19361119536525534,-1.5682706112453926,-1.0934395394126093,-0.7753803127286277,-1.2484096308277595,-1.3555333614673926
-0.2888549722267022,1.0002928686546901,0.9962004831192838,-1.0962374912768316,-1.091450971419968,-0.15603567516480676,0.4788512821078971,-0.4019744215615043,-0.8211398912024858,-1.1934177972165407,-0.6427180763525984
1.4885139109339978,1.0002928686546901,-1.0038140082695195,0.013904962869676045,-0.18451027252758337,1.5921986774855037,1.4061800030286182,-0.939780624334586,0.07117188903774412,-0.04958765810318811,-0.14684657366404583
0.8960576165470977,-0.999707217092246,0.9962004831192838,1.6970241675434132,1.3086238049171963,-1.554623157285055,-1.1891739643281167,1.7185186065152178,-0.4550632634116222,0.8632767798430452,1.46473581007375
-0.8813112666136022,1.0002928686546901,-1.0038140082695195,-0.057717130946227664,0.36850234874826093,-1.2049762867549931,0.07642561076494273,-0.2175837234678763,0.20845062445931795,0.13738457617495606,-0.6427180763525984
-0.2888549722267022,1.0002928686546901,-1.0038140082695195,-0.5590717876575536,-0.12920901039999894,-1.554623157285055,-1.422464208584902,0.18192945573498437,-0.7753803127286277,-0.3685402930482576,-0.6427180763525984
-0.8813112666136022,-0.999707217092246,0.9962004831192838,0.6943148541207613,0.0919960381103388,-1.2049762867549931,-0.26184524340739573,0.8426627905704848,0.8262049338564001,1.2592179818438212,0.9068803695491283
-1.473767561000502,-0.999707217092246,-1.0038140082695195,-0.7023159752893611,-0.5273780977186069,1.2425518069554415,0.134748171829139,-0.9551465158423883,0.002532521326957207,-0.8744651622714712,-1.0456136722870473
0.30360132216019775,1.0002928686546901,0.9962004831192838,-1.1678595850927351,-1.0472099617179005,0.5432580658953174,0.4146964649372812,-0.340510855530295,-0.4321834741746932,-1.281404730994491,-0.7047020141886674
0.8960576165470977,1.0002928686546901,-1.0038140082695195,-1.45434796035635,-1.2573547578027213,-1.554623157285055,0.0705933546585231,-0.893682949811179,-0.7296207342547698,-1.3913883982169286,-1.3555333614673926
-1.473767561000502,-0.999707217092246,-1.0038140082695195,-0.5948828345655055,-0.6379806219737757,-0.855329416224931,0.607160916449129,-1.0627077563970047,0.2313304136962469,-0.7204880281600584,-0.735693983106702
0.8960576165470977,1.0002928686546901,0.9962004831192838,0.7301259010287131,0.4680446205779129,0.8929049364253795,-1.375806159733545,1.595591474452799,-0.5465824203593381,0.8192833129540701,-0.3018064182542185
1.4885139109339978,1.0002928686546901,0.9962004831192838,-1.4185369134483983,-1.379017534483407,-1.2049762867549931,1.69196055224318,-0.8629511667955743,-0.9126590481502016,-1.42438349838366,-1.3865253303854272
-1.473767561000502,-0.999707217092246,0.9962004831192838,1.6970241675434132,2.093901727128895,1.5921986774855037,0.9395995145150479,2.148763568733683,1.0092432477518318,2.0071069189563975,2.6734225978770967
-0.2888549722267022,-0.999707217092246,-1.0038140082695195,0.4794485726730502,0.19153830993999077,0.8929049364253795,-0.7400902441338053,0.5507108519222403,0.2313304136962469,0.12638620945271228,-0.14684657366404583
-0.2888549722267022,1.0002928686546901,0.9962004831192838,1.732835214451365,0.6671291642372169,0.8929049364253795,-1.375806159733545,2.7633992290457767,1.4668390324904113,1.2592179818438212,0.5659687114507485
0.8960576165470977,-0.999707217092246,-1.0038140082695195,0.9808032293843761,1.4745275912999496,-1.2049762867549931,1.1903865270910918,1.2268100782655431,1.4439592432534822,0.6543078121204134,1.4957277789917844
-0.8813112666136022,-0.999707217092246,-1.0038140082695195,0.6943148541207613,1.319684057342713,-0.855329416224931,-0.046051767469869484,-0.1253883744210623,1.6498773463858432,0.6983012790093885,-0.02287869799190768
0.8960576165470977,-0.999707217092246,0.9962004831192838,-0.1293392247621314,-0.35041405891033667,-1.554623157285055,-1.0666965860933046,-0.2636813979912833,0.7346857769086843,-0.2365598923813323,0.5659687114507485
0.30360132216019775,-0.999707217092246,-1.0038140082695195,1.1598584639241354,0.4127433584503285,-1.2049762867549931,-1.6499221967352675,1.9490069791322528,1.0778826154626189,0.676304545564901,0.9998562763032319
-0.8813112666136022,1.0002928686546901,-1.0038140082695195,1.0882363701082318,1.131659766108926,-0.855329416224931,-0.7109289636017072,-0.46343798759271365,1.8786752387551329,0.8852735132875328,-0.17783854258208034
-0.8813112666136022,-0.999707217092246,-1.0038140082695195,0.4436375257650983,0.3353215914717103,1.2425518069554415,1.4586703079863947,-0.4941697706083183,0.18557083522238896,0.03839927567476209,0.07009720876219591
0.30360132216019775,1.0002928686546901,-1.0038140082695195,-0.16515027167008323,0.30214083419515964,-0.5056825456948688,-1.183341708221697,0.48924728589103106,-0.2262653710423325,-0.3135484594370387,-0.735693983106702
-0.8813112666136022,-0.999707217092246,0.9962004831192838,1.6970241675434132,0.6671291642372169,-1.2049762867549931,1.6686315278175015,1.6109573659606014,2.61082849433686,2.4360432211239047,1.8056474681721297
-0.8813112666136022,1.0002928686546901,0.9962004831192838,1.4105357922797983,1.8837569310440745,0.8929049364253795,-0.7634192685594838,-0.46343798759271365,2.61082849433686,1.4791853162886965,1.8366394370901644
-1.473767561000502,-0.999707217092246,0.9962004831192838,0.08552705668557975,-0.1623897676765496,-0.855329416224931,-1.5741028673518123,0.19729534724278672,0.5974070414871104,-0.43453049338172023,-0.6737100452706329
-1.473767561000502,1.0002928686546901,-1.0038140082695195,-0.4516386469336981,-0.20663077737861715,-0.855329416224931,0.3272126233409868,0.32022247930520537,-1.1414569405194912,-0.7204880281600584,-0.735693983106702
0.30360132216019775,1.0002928686546901,0.9962004831192838,0.6943148541207613,0.0035140187062036978,-1.554623157285055,0.6421544530876467,0.4277837198598217,1.71851671409663,0.6103143452314383,-0.3018064182542185
-0.8813112666136022,1.0002928686546901,0.9962004831192838,-0.16515027167008323,0.35744209632274404,-0.15603567516480676,-1.1425159154767597,-1.124171322428214,0.8719645123302581,0.23636987667515003,-0.6427180763525984
1.4885139109339978,-0.999707217092246,0.9962004831192838,-1.3111037727245427,-1.379017534483407,0.8929049364253795,-1.626593172309589,-1.0166100818735977,-0.569462209596267,-1.3693916647724411,-0.9216457966149092
0.8960576165470977,-0.999707217092246,0.9962004831192838,-1.6334031948961094,-1.5449213208661605,-1.2049762867549931,0.16390945236123716,-1.1549031054438186,-1.0270579943348466,-1.468376965272635,-1.324541392549358
0.30360132216019775,1.0002928686546901,-1.0038140082695195,0.26458229122533905,0.5454663875565311,1.2425518069554415,1.1203994538140563,-0.939780624334586,1.3295602970688374,0.12638620945271228,0.19406508443433404
1.4885139109339978,1.0002928686546901,0.9962004831192838,1.6612131206354614,2.3482875329157835,0.8929049364253795,-0.32016780447159204,-0.617096902670737,2.2905114450198543,1.7761412177892786,0.07009720876219591
-0.8813112666136022,1.0002928686546901,0.9962004831192838,-0.09352817785417952,-0.05178724342138073,-1.554623157285055,-1.4166319524784823,-0.06392480838985296,0.8719645123302581,-0.1925664254923572,0.16307311551629952
-1.473767561000502,-0.999707217092246,-1.0038140082695195,-0.738127022197313,-0.903426680186181,-0.15603567516480676,1.06207689274986,-0.04855891688205062,-1.0041782050979176,-0.37953865977050133,-0.7047020141886674
0.8960576165470977,1.0002928686546901,-1.0038140082695195,1.6970241675434132,1.8837569310440745,1.2425518069554415,-0.03438725525703022,0.30485658779740304,-1.0499377835717754,2.0730971192898604,2.8903663803033384
-1.473767561000502,-0.999707217092246,-1.0038140082695195,-1.2752927258165907,-1.202053495675137,0.19361119536525534,1.1787220148782527,-0.47880387910051597,-0.638101577307054,-1.3034014644389784,-1.20057351687722
-0.2888549722267022,-0.999707217092246,0.9962004831192838,-0.057717130946227664,-0.3282935540593029,1.2425518069554415,-1.4341287207977411,-0.07929069989765529,-1.0956973620456334,-0.08258275826991944,-0.42577429392635663
-0.8813112666136022,-0.999707217092246,-1.0038140082695195,1.1240474170161836,0.25789982449309207,-1.2049762867549931,0.05892884244568384,-0.46343798759271365,0.13981125674853104,0.9842588137877267,0.8448964317130593
0.30360132216019775,1.0002928686546901,-1.0038140082695195,-1.705025288712013,-1.6112828354192616,-0.855329416224931,1.7327863449881173,-1.1088054309204116,-1.0499377835717754,-1.6003573659395605,-1.4175172993034617
1.4885139109339978,-0.999707217092246,-1.0038140082695195,0.26458229122533905,-0.1623897676765496,-0.855329416224931,-1.340812623095027,0.45851550287542636,-0.5237026311224091,-0.33554519288152623,-0.6117261074345638
1.4885139109339978,1.0002928686546901,-1.0038140082695195,1.1598584639241354,0.6118279021096324,-1.554623157285055,-0.36099359721652946,0.13583178121157738,2.1303529203613514,0.5003306780090007,0.8758884006310937
0.8960576165470977,-0.999707217092246,0.9962004831192838,-1.3469148196324945,-1.2462945053772045,0.8929049364253795,-0.19185817013036022,-1.0473418648892023,-1.0956973620456334,-1.2924030977167347,-1.0456136722870473
-0.8813112666136022,-0.999707217092246,0.9962004831192838,0.6226927603048575,1.33074430976823,-1.554623157285055,0.6013286603427094,-0.4480720960849113,-0.592341998833196,1.31420981545504,0.4110088668605758
1.4885139109339978,-0.999707217092246,0.9962004831192838,-0.021906084038275812,-0.06284749584689762,1.2425518069554415,-0.524296768196279,0.6582720924768567,-0.569462209596267,0.5113290447312444,-0.02287869799190768
0.8960576165470977,-0.999707217092246,0.9962004831192838,-0.9529933036450241,-0.8591856704841134,1.2425518069554415,1.6861282961367603,-0.7400240347331556,-0.7753803127286277,-0.8304716953824961,-0.5497421695984948
1.4885139109339978,1.0002928686546901,0.9962004831192838,-0.5232607407496018,-0.3061730492082691,-0.5056825456948688,-1.5507738429261337,0.19729534724278672,-0.9126590481502016,-0.4895223269929391,-0.3018064182542185
-1.473767561000502,-0.999707217092246,0.9962004831192838,-0.9888043505529759,-0.803884408356529,-0.15603567516480676,-0.9850450006034298,-0.1407542659288646,-0.5008228418854801,-0.7754798617712773,-0.9526377655329437
-0.8813112666136022,1.0002928686546901,0.9962004831192838,-0.48744969384164993,-0.5494986025696407,-1.2049762867549931,-0.885896646794296,-1.1088054309204116,-0.6838611557809119,-0.07158439154767567,-0.5497421695984948
-0.8813112666136022,1.0002928686546901,-1.0038140082695195,-1.0604264443688796,-1.091450971419968,1.5921986774855037,-0.8042450613044213,-0.9244147328267837,-0.27202494951619044,-0.7754798617712773,-1.0146217033690128
0.8960576165470977,-0.999707217092246,0.9962004831192838,1.482157886095702,0.3795626011737778,-1.554623157285055,1.69196055224318,2.978521710155009,-0.18050579256847454,1.9961085522341537,1.46473581007375
0.8960576165470977,-0.999707217092246,-1.0038140082695195,1.5537799799116059,2.00541970772476,1.2425518069554415,-1.340812623095027,2.010470545163462,0.13981125674853104,1.8751265182894723,0.6899365871228866
0.8960576165470977,1.0002928686546901,0.9962004831192838,0.7301259010287131,1.4081660767468482,-0.15603567516480676,-1.579935123458232,0.2280271302583914,1.9244348172289907,1.2482196151215774,0.8448964317130593
-0.2888549722267022,-0.999707217092246,-1.0038140082695195,0.515259619581002,0.11411654296137257,-0.15603567516480676,1.2253800637296097,0.9963217056485081,-0.0661068463838297,-0.21456315893684474,1.12382415197537
-1.473767561000502,-0.999707217092246,-1.0038140082695195,1.267291604647991,0.6339484069606662,-0.15603567516480676,1.2487090881552882,0.5814426349378451,1.581237978675056,1.1932277815103585,-0.053870666909942216
-1.473767561000502,-0.999707217092246,-1.0038140082695195,0.8017479948446169,0.10305629053585567,-1.554623157285055,-0.6351096342182521,0.01290464914915871,-0.8211398912024858,0.7312963791761199,1.7746554992540953
-0.2888549722267022,-0.999707217092246,-1.0038140082695195,-1.740836335619965,-1.6002225829937449,-0.5056825456948688,1.4703348201992341,-1.0934395394126093,-1.0956973620456334,-1.5783606324950727,-1.4795012371395309
0.8960576165470977,-0.999707217092246,-1.0038140082695195,-0.6665049283814092,-0.39465506861240424,-0.855329416224931,0.21056750121259418,-0.6478286856863417,-0.08898663562075868,-0.9514537293271776,-0.332798387172253
-1.473767561000502,1.0002928686546901,-1.0038140082695195,-0.30839445930189063,-0.04072699099586385,1.5921986774855037,-0.5184645120898594,0.258758913273996,0.16269104598546,-0.3575419263260138,-0.735693983106702
-0.8813112666136022,-0.999707217092246,-1.0038140082695195,-1.0962374912768316,-1.1246317286965188,-0.855329416224931,1.6161412228597247,-1.078073647904807,-0.4779430526485512,-1.028442296382884,-1.0766056412050817
0.30360132216019775,1.0002928686546901,0.9962004831192838,0.013904962869676045,0.3132010866206765,-0.855329416224931,-0.5184645120898594,0.904126356601694,0.3686091491178207,0.22537150995290625,0.8139044627950247
-1.473767561000502,-0.999707217092246,-1.0038140082695195,0.6226927603048575,0.35744209632274404,-1.554623157285055,1.1203994538140563,-0.5402674451317253,-0.9355388373871306,0.5553225116202195,1.526719747909819
-0.8813112666136022,1.0002928686546901,0.9962004831192838,-1.5259700541722538,-1.390077786908924,-1.554623157285055,-0.9325546956456531,-1.0627077563970047,-1.1414569405194912,-1.468376965272635,-1.4175172993034617
-1.473767561000502,-0.999707217092246,0.9962004831192838,-1.45434796035635,-1.3237162723558227,-0.15603567516480676,1.487831588518493,-0.755389926240958,-0.9584186266240595,-1.3473949313279536,-1.1695815479591853
-1.473767561000502,1.0002928686546901,0.9962004831192838,0.9808032293843761,0.4238036108758454,0.19361119536525534,-1.5507738429261337,1.2114441867577408,2.2676316557829255,1.6991526507335721,1.4337438411557153
0.8960576165470977,1.0002928686546901,-1.0038140082695195,-0.5232607407496018,-0.8481254180585965,-0.855329416224931,1.7211218327752782,-0.9858782988579929,0.34572935988089176,-0.8524684288269837,-0.6737100452706329
-0.8813112666136022,-0.999707217092246,-1.0038140082695195,-0.8813712098291203,-0.9476676898882486,-0.855329416224931,-0.541793536515538,-0.801487600764365,-0.7067409450178409,-0.6105043609376206,-0.8906538276968746
1.4885139109339978,1.0002928686546901,0.9962004831192838,1.1956695108320872,0.26896007691860896,0.19361119536525534,-1.1775094521152776,0.904126356601694,2.1761124988352094,1.0282522806767018,0.9068803695491283
0.8960576165470977,1.0002928686546901,0.9962004831192838,0.5510706664889539,0.7666714360668688,-0.855329416224931,1.6802960400303406,-0.6017310111629346,-0.3406643172269774,0.5113290447312444,-0.08486263582797675
1.4885139109339978,1.0002928686546901,0.9962004831192838,0.5868817133969058,0.26896007691860896,0.5432580658953174,1.423676771347877,0.7965651160470777,-1.0956973620456334,0.47833394456451306,0.19406508443433404
0.30360132216019775,1.0002928686546901,0.9962004831192838,0.013904962869676045,-0.5273780977186069,1.2425518069554415,-1.1658449399024382,0.07436821518036804,-0.15762600333154558,0.5443241448979758,-0.11585460474601128
1.4885139109339978,-0.999707217092246,-1.0038140082695195,-1.2036706320006871,-1.202053495675137,-1.554623157285055,-0.477638719344922,-1.1395372139360163,-1.0956973620456334,-0.984448829493909,-1.0456136722870473
0.30360132216019775,1.0002928686546901,0.9962004831192838,0.6226927603048575,0.19153830993999077,1.2425518069554415,0.1697417084676568,-0.6017310111629346,-0.9355388373871306,0.049397642397005864,-0.02287869799190768
1.4885139109339978,-0.999707217092246,-1.0038140082695195,-1.3469148196324945,-1.3568970296323732,-1.2049762867549931,-1.3233158547757682,-0.893682949811179,-1.1185771512825624,-1.3583932980501974,-1.3555333614673926
0.8960576165470977,-0.999707217092246,-1.0038140082695195,0.4436375257650983,-0.018606486144830077,1.2425518069554415,0.8812769534508516,-1.0319759733814,0.34572935988089176,0.027400908952518316,0.8448964317130593
0.8960576165470977,1.0002928686546901,-1.0038140082695195,-1.239481678908639,-1.1135714762710018,-0.5056825456948688,0.6188254286619682,-0.7861217092565627,-0.9584186266240595,-1.1054308634385905,-0.9526377655329437
-0.8813112666136022,-0.999707217092246,0.9962004831192838,-0.5948828345655055,-0.317233301633786,-0.5056825456948688,-0.44264518270640424,-0.2175837234678763,-0.0661068463838297,-0.7534831283267897,-0.735693983106702
-0.2888549722267022,1.0002928686546901,-1.0038140082695195,-0.38001655311779436,-0.7817639035054953,0.8929049364253795,-1.673251221160946,-0.617096902670737,-0.660981366543983,-0.00559419121421301,-0.5807341385165293
-0.2888549722267022,-0.999707217092246,0.9962004831192838,1.0882363701082318,1.4745275912999496,1.5921986774855037,-1.0433675616676261,-0.9244147328267837,-0.8211398912024858,1.8311330514004973,1.5577117168278536
0.30360132216019775,1.0002928686546901,-1.0038140082695195,1.3389136984638947,1.7178531446613212,0.19361119536525534,0.6304899408748075,1.1499806207265315,-1.1185771512825624,1.941116718622935,0.9378723384671629
-0.2888549722267022,-0.999707217092246,-1.0038140082695195,-1.3111037727245427,-1.1578124859730694,1.5921986774855037,-0.20935493844961908,-1.0934395394126093,-0.615221788070125,-1.3583932980501974,-1.1075976101231164
-1.473767561000502,-0.999707217092246,0.9962004831192838,1.016614276292328,0.9215149700241053,1.5921986774855037,0.8812769534508516,1.4265666678669735,2.359150812730641,0.6653061788426573,-0.3018064182542185
1.4885139109339978,1.0002928686546901,-1.0038140082695195,-1.705025288712013,-1.6112828354192616,-1.2049762867549931,-1.0550320738804653,-1.078073647904807,-1.0956973620456334,-1.5893589992173165,-1.4795012371395309
0.30360132216019775,1.0002928686546901,-1.0038140082695195,1.4463468391877503,0.45698436815239607,0.19361119536525534,0.5663351237041916,2.870960469600393,0.6202868307240395,1.6441608171223532,2.5804466911229933
1.4885139109339978,1.0002928686546901,0.9962004831192838,-1.6692142418040612,-1.5228008160151267,-1.2049762867549931,-0.6759354269631894,-0.9858782988579929,-0.9812984158609885,-1.5783606324950727,-1.5104932060575653
-1.473767561000502,-0.999707217092246,-1.0038140082695195,-1.1320485381847833,-1.1246317286965188,0.19361119536525534,-1.673251221160946,-0.5402674451317253,-0.5008228418854801,-1.127427596883078,-0.797677920942771
-0.8813112666136022,-0.999707217092246,-1.0038140082695195,-1.239481678908639,-1.2352342529516875,-0.15603567516480676,0.09392237908420162,-0.8168534922721673,-0.5237026311224091,-1.0614373965496153,-1.1075976101231164
-0.2888549722267022,1.0002928686546901,0.9962004831192838,0.5868817133969058,0.0035140187062036978,-0.15603567516480676,0.5255093309592541,-1.1549031054438186,0.7346857769086843,-0.016592557936456784,0.5659687114507485
-1.473767561000502,1.0002928686546901,0.9962004831192838,-1.0246153974609278,-0.7928241559310122,0.5432580658953174,-1.5391093307132946,-0.7246581432253533,-0.2949047387531194,-0.9074602624382025,-0.6427180763525984
-0.8813112666136022,1.0002928686546901,0.9962004831192838,-0.38001655311779436,0.04775502840827124,0.19361119536525534,-0.950051463964912,0.44314961136762404,-0.5008228418854801,-0.038589291380944336,-0.5497421695984948
-0.8813112666136022,1.0002928686546901,0.9962004831192838,1.5537799799116059,1.618310872831669,-0.15603567516480676,-1.2941545742436702,2.548276747936544,3.0913040683123683,1.7321477509003034,2.0845751884344406
0.30360132216019775,1.0002928686546901,0.9962004831192838,-0.021906084038275812,-0.39465506861240424,0.8929049364253795,-1.6790834772673655,-0.17148604894446928,1.0550028262256899,-0.060586024825431885,-0.2088305115001149
1.4885139109339978,1.0002928686546901,0.9962004831192838,0.0497160097776279,-0.37253456376137045,1.2425518069554415,0.653818965300486,1.042419380171915,0.025412310563886178,0.03839927567476209,-0.14684657366404583
-1.473767561000502,-0.999707217092246,0.9962004831192838,0.15714915050148345,0.16941780508895699,1.2425518069554415,1.3420251858580021,-0.3097790725146903,-0.8440196804394147,-0.25855662582581984,0.2870409911884377
0.30360132216019775,1.0002928686546901,-1.0038140082695195,-1.1320485381847833,-0.8591856704841134,1.2425518069554415,-0.04021951136344985,-0.801487600764365,-0.4550632634116222,-1.0064455629383966,-0.9836297344509782
0.8960576165470977,1.0002928686546901,0.9962004831192838,1.267291604647991,0.6892496690882507,0.5432580658953174,-0.7167612197081268,-0.20221783196007395,-0.5237026311224091,1.4131951159552338,2.4254868465328205
1.4885139109339978,-0.999707217092246,-1.0038140082695195,0.4436375257650983,0.3242613390461934,-1.2049762867549931,-0.05188402357628911,-0.32514496402249266,1.3524400863057664,0.7972865795095826,1.12382415197537
0.8960576165470977,-0.999707217092246,0.9962004831192838,1.3747247453718465,0.6118279021096324,-0.855329416224931,0.496348050427156,-0.9858782988579929,0.9634836692779739,0.5773192450647071,0.5349767425327139
0.8960576165470977,1.0002928686546901,-1.0038140082695195,1.5895910268195577,0.6781894166627338,1.2425518069554415,-1.4341287207977411,2.363886049842916,-0.615221788070125,0.6873029122871448,1.8986233749262333
-1.473767561000502,-0.999707217092246,0.9962004831192838,-1.740836335619965,-1.6112828354192616,-0.5056825456948688,1.4761670763056538,-1.078073647904807,-1.1414569405194912,-1.622354099384048,-1.4795012371395309
-0.2888549722267022,-0.999707217092246,-1.0038140082695195,1.482157886095702,2.104961979554412,-1.554623157285055,-0.8334063418365194,0.7197356585080661,1.4439592432534822,1.171231048065871,0.22505705335236859
1.4885139109339978,-0.999707217092246,0.9962004831192838,-0.5232607407496018,-0.29511279678275226,0.19361119536525534,1.1437284782397348,0.47388139438322874,-0.5237026311224091,-0.44552886010396403,-0.053870666909942216
-0.2888549722267022,1.0002928686546901,-1.0038140082695195,1.4463468391877503,0.3795626011737778,1.5921986774855037,-1.1425159154767597,1.6724209319918109,1.5354784002011983,0.5663208783424633,1.3097759654835772
-0.8813112666136022,-0.999707217092246,-1.0038140082695195,-0.1293392247621314,0.05881528083378813,-1.2049762867549931,-0.7634192685594838,0.8887604650938917,0.025412310563886178,0.11538784273046851,-0.42577429392635663
0.30360132216019775,-0.999707217092246,0.9962004831192838,-1.6334031948961094,-1.489620058738576,-1.2049762867549931,0.23972878174469234,-1.0934395394126093,-0.9812984158609885,-1.523368798883854,-1.4795012371395309
-0.2888549722267022,1.0002928686546901,-1.0038140082695195,-0.23677236548598696,-0.10708850554896517,1.2425518069554415,1.1670575026654133,-0.18685194045227163,0.6431666199609684,-0.4785239602706953,-0.797677920942771
1.4885139109339978,1.0002928686546901,-1.0038140082695195,0.6226927603048575,0.5344061351310142,-1.2049762867549931,-0.8159095735172606,1.0731511631875197,-0.4550632634116222,1.0832441142879208,-0.02287869799190768
1.4885139109339978,1.0002928686546901,0.9962004831192838,-0.16515027167008323,-0.0739077482724145,0.5432580658953174,-0.22101945066245834,-0.801487600764365,0.2770899921701048,-0.544514160604158,0.2560490222704031
0.30360132216019775,-0.999707217092246,0.9962004831192838,-1.3469148196324945,-1.1467522335475524,0.5432580658953174,1.21954780762319,-0.6785604687019463,-0.6838611557809119,-1.1054308634385905,-1.0766056412050817
-0.8813112666136022,1.0002928686546901,0.9962004831192838,-0.5232607407496018,-0.21769102980413405,1.5921986774855037,-0.3085032922587528,0.21266123875058904,-0.31778452799004836,-0.1375745918811383,-0.6427180763525984
1.4885139109339978,-0.999707217092246,-1.0038140082695195,1.3389136984638947,0.4016831060248116,0.5432580658953174,1.3828509786029397,1.503396125405985,1.1694017724103347,1.9301183519006913,0.13208114659826498
-0.8813112666136022,-0.999707217092246,0.9962004831192838,-1.0962374912768316,-1.0582702141434175,1.2425518069554415,-1.626593172309589,-0.7861217092565627,-0.615221788070125,-1.1604226970498093,-0.8906538276968746
0.8960576165470977,1.0002928686546901,-1.0038140082695195,-0.9529933036450241,-1.01402920444135,-0.855329416224931,0.6596512214069057,-0.11002248291325996,-0.638101577307054,-1.0064455629383966,-1.1695815479591853
1.4885139109339978,-0.999707217092246,0.9962004831192838,0.6585038072128094,0.3463818438972272,-1.2049762867549931,-1.1483481715831794,0.7811992245392754,1.8557954495182039,0.8852735132875328,0.3490249290245067
-0.2888549722267022,-0.999707217092246,-1.0038140082695195,1.6612131206354614,0.5233458827054973,0.8929049364253795,-1.1891739643281167,-0.7246581432253533,1.9930741849397777,2.4030481209571737,1.8056474681721297
0.8960576165470977,-0.999707217092246,-1.0038140082695195,1.5179689330036539,1.0763585039813417,0.5432580658953174,-0.839238597942939,3.086082950709626,-0.0661068463838297,2.194079153234542,2.7663985046312005
0.8960576165470977,-0.999707217092246,0.9962004831192838,0.8017479948446169,0.3463818438972272,-0.5056825456948688,-0.9617159761777513,0.3816860453364147,-0.4779430526485512,1.2812147152883087,0.5349767425327139
0.30360132216019775,-0.999707217092246,-1.0038140082695195,-1.5975921479881574,-1.5559815732916773,-0.5056825456948688,-0.35516134111010983,-1.078073647904807,-0.9584186266240595,-1.5123704321616103,-1.4485092682214962
0.8960576165470977,-0.999707217092246,-1.0038140082695195,-1.6692142418040612,-1.5670418257171943,1.5921986774855037,0.5430060992785131,-1.078073647904807,-1.0499377835717754,-1.4903736987171226,-1.4795012371395309
0.8960576165470977,1.0002928686546901,-1.0038140082695195,-0.3442055062098425,-0.18451027252758337,1.2425518069554415,-0.6351096342182521,-0.43270620457710895,0.2770899921701048,-0.1375745918811383,-0.9216457966149092
-0.8813112666136022,-0.999707217092246,0.9962004831192838,0.0497160097776279,-0.09602825312344829,1.2425518069554415,0.2980513428088886,-0.32514496402249266,-0.615221788070125,0.2693649768418814,-0.42577429392635663
-1.473767561000502,-0.999707217092246,-1.0038140082695195,1.1598584639241354,0.4680446205779129,1.2425518069554415,0.292219086702469,-0.7707558177487603,2.5421891266260728,1.0062555472322143,1.9606073127623025
-1.473767561000502,-0.999707217092246,-1.0038140082695195,0.6226927603048575,0.7224304263648014,1.5921986774855037,0.7646318313224589,1.5341279084215897,-0.8440196804394147,0.3793486440643191,-0.42577429392635663
-0.8813112666136022,-0.999707217092246,0.9962004831192838,-0.30839445930189063,-0.42783582588895486,-1.2049762867549931,0.6129931725555486,-0.43270620457710895,-0.5008228418854801,-0.02759092465870056,-0.3018064182542185
-0.2888549722267022,1.0002928686546901,-1.0038140082695195,1.267291604647991,0.7224304263648014,-1.2049762867549931,-0.9908772567098494,-0.3097790725146903,1.3295602970688374,1.7321477509003034,0.3180329601064722
-0.8813112666136022,1.0002928686546901,0.9962004831192838,-1.45434796035635,-1.2462945053772045,0.8929049364253795,-1.3933029280528038,-0.7707558177487603,-1.0728175728087044,-1.4353818651059038,-1.3555333614673926
-0.2888549722267022,1.0002928686546901,0.9962004831192838,-1.1320485381847833,-0.9366074374627317,0.8929049364253795,1.7152895766688585,-0.29441318100688796,-0.31778452799004836,-0.9734504627716652,-1.0456136722870473
1.4885139109339978,1.0002928686546901,-1.0038140082695195,-1.6334031948961094,-1.5449213208661605,0.8929049364253795,-0.5826193292604753,-1.0627077563970047,-1.0041782050979176,-1.5013720654393663,-1.4795012371395309
0.30360132216019775,1.0002928686546901,-1.0038140082695195,-1.705025288712013,-1.6223430878447787,-1.554623157285055,-0.7109289636017072,-1.0473418648892023,-1.0956973620456334,-1.5783606324950727,-1.4175172993034617
0.8960576165470977,-0.999707217092246,0.9962004831192838,-0.7023159752893611,-0.7817639035054953,0.19361119536525534,0.7646318313224589,-0.18685194045227163,-0.11186642485768765,-0.6764945612710833,-0.14684657366404583
0.8960576165470977,1.0002928686546901,0.9962004831192838,0.3720154319491946,-0.29511279678275226,0.5432580658953174,1.53448963736985,0.5814426349378451,-0.7982601019655567,0.7422947458983636,0.5659687114507485
1.4885139109339978,1.0002928686546901,0.9962004831192838,-1.45434796035635,-1.4121982917599578,1.2425518069554415,0.08225786687136236,-0.9090488413189813,-0.8440196804394147,-1.3803900314946849,-1.3555333614673926
-0.2888549722267022,1.0002928686546901,0.9962004831192838,1.3747247453718465,1.8837569310440745,0.19361119536525534,-1.264993293711572,-1.1549031054438186,1.4439592432534822,0.5883176117869509,0.13208114659826498
-0.2888549722267022,-0.999707217092246,-1.0038140082695195,-0.30839445930189063,0.18047805751447388,-1.2049762867549931,1.0037543316856636,-0.15612015743666696,-0.11186642485768765,-0.5115190604374267,0.2560490222704031
0.30360132216019775,1.0002928686546901,-1.0038140082695195,0.15714915050148345,-0.3061730492082691,-0.5056825456948688,-0.1102065846404854,-1.0319759733814,-0.9355388373871306,0.4563372111200255,0.7209285560409211
0.8960576165470977,-0.999707217092246,-1.0038140082695195,0.0497160097776279,0.5786471448330818,1.5921986774855037,0.9454317706214674,-0.43270620457710895,-0.7753803127286277,-0.09358112499216321,0.38001689794254123
-0.8813112666136022,-0.999707217092246,-1.0038140082695195,0.3362043850412427,0.6671291642372169,0.19361119536525534,-0.2910065239394939,1.595591474452799,0.7346857769086843,0.19237640978617493,0.38001689794254123
0.8960576165470977,-0.999707217092246,0.9962004831192838,0.22877124431738718,0.19153830993999077,-1.2049762867549931,0.3330448794474064,0.8426627905704848,0.5516474630132525,0.7532931126206075,1.061840214139301
0.30360132216019775,1.0002928686546901,-1.0038140082695195,-0.9888043505529759,-0.7375228938034277,0.19361119536525534,-0.24434847508813687,-0.6017310111629346,-0.8211398912024858,-0.984448829493909,-1.1385895790411509
0.30360132216019775,1.0002928686546901,0.9962004831192838,0.9091811355684725,1.5630096107040847,-0.5056825456948688,1.423676771347877,2.148763568733683,-0.4550632634116222,0.8412800463985577,1.929615343844268
-1.473767561000502,1.0002928686546901,0.9962004831192838,0.40782647885714646,0.11411654296137257,-0.855329416224931,-0.5301290243026987,-0.29441318100688796,0.16269104598546,0.6983012790093885,-0.42577429392635663
0.30360132216019775,-0.999707217092246,-1.0038140082695195,1.6970241675434132,1.6736121349592537,-1.554623157285055,0.07642561076494273,0.48924728589103106,-0.08898663562075868,1.8641281515672286,0.19406508443433404
0.30360132216019775,1.0002928686546901,-1.0038140082695195,1.0524253232002798,0.5454663875565311,-0.15603567516480676,0.05309658633926421,0.35095426232081006,2.404910391204499,1.2042261482326022,0.07009720876219591
1.4885139109339978,1.0002928686546901,0.9962004831192838,-0.3442055062098425,-0.6158601171227419,-1.554623157285055,-1.702412501693044,0.19729534724278672,0.6431666199609684,-0.7314863948823022,-0.5807341385165293
-1.473767561000502,1.0002928686546901,-1.0038140082695195,-1.0604264443688796,-1.1578124859730694,-1.554623157285055,-0.8159095735172606,-0.5402674451317253,-0.8440196804394147,-0.7754798617712773,-1.1695815479591853
-0.8813112666136022,-0.999707217092246,0.9962004831192838,-0.021906084038275812,0.4680446205779129,-0.15603567516480676,-1.1016901227318223,0.627540309461252,0.2770899921701048,-0.37953865977050133,-0.14684657366404583
-0.8813112666136022,-0.999707217092246,-1.0038140082695195,1.1598584639241354,1.6404313776827029,1.2425518069554415,-1.4516254891170002,0.81193100755488,1.3295602970688374,0.9512637136209954,1.3717599033196464
0.30360132216019775,-0.999707217092246,0.9962004831192838,-0.9171822567370722,-0.8923664277606641,-0.855329416224931,-1.0433675616676261,-0.57099922814733,-0.3864238957008353,-0.7094896614378146,-0.6117261074345638
0.8960576165470977,-0.999707217092246,-1.0038140082695195,-0.16515027167008323,0.15835755266344012,0.8929049364253795,1.2020510393039312,-0.41734031306930663,0.6889261984348263,-0.4015353932149889,-0.6737100452706329
-0.2888549722267022,-0.999707217092246,-1.0038140082695195,-1.705025288712013,-1.5891623305682279,1.2425518069554415,1.283702624793806,-1.1088054309204116,-1.0728175728087044,-1.567362265772829,-1.4175172993034617
0.8960576165470977,1.0002928686546901,0.9962004831192838,0.7301259010287131,1.0321174942792741,0.5432580658953174,0.0006062813814875498,0.2433930217661937,0.4601283060655366,0.5773192450647071,0.5659687114507485
-1.473767561000502,-0.999707217092246,-1.0038140082695195,-1.5975921479881574,-1.489620058738576,-1.554623157285055,0.12891591572271938,-1.0934395394126093,-1.0499377835717754,-1.4463802318281476,-1.4795012371395309
-1.473767561000502,-0.999707217092246,-1.0038140082695195,1.5179689330036539,1.33074430976823,-0.5056825456948688,0.17557396457407642,-0.46343798759271365,2.1303529203613514,1.2922130820105524,0.008113270926126851
1.4885139109339978,1.0002928686546901,0.9962004831192838,0.013904962869676045,-0.1623897676765496,0.5432580658953174,-0.4193161582807257,0.7043697670002638,0.8948443015671871,0.4673355778422693,-0.08486263582797675
-0.8813112666136022,1.0002928686546901,0.9962004831192838,-1.3111037727245427,-1.312656019930306,1.2425518069554415,-1.6207609162031693,-1.0166100818735977,-0.7982601019655567,-1.3363965646057097,-1.324541392549358
-0.2888549722267022,1.0002928686546901,-1.0038140082695195,-0.48744969384164993,-0.11814875797448206,-0.855329416224931,0.19890298899975495,-1.0319759733814,-1.0956973620456334,-0.4235321266594764,-0.48775823176242566
-1.473767561000502,-0.999707217092246,0.9962004831192838,-0.7023159752893611,-0.8923664277606641,-0.15603567516480676,-0.588451585366895,-0.57099922814733,-0.8897792589132726,-0.3245468261592825,-0.2088305115001149
-0.8813112666136022,-0.999707217092246,-1.0038140082695195,-0.5948828345655055,-0.5826793598461912,-1.554623157285055,0.7996253679609767,-0.5556333366395276,-0.043227057146900734,-0.5005206937151829,-0.14684657366404583
0.8960576165470977,-0.999707217092246,0.9962004831192838,-0.4158276000257462,-0.09602825312344829,1.5921986774855037,-0.7109289636017072,-1.0012441903657954,-0.08898663562075868,-0.6654961945488395,-0.6427180763525984
0.30360132216019775,1.0002928686546901,-1.0038140082695195,0.5510706664889539,0.4016831060248116,0.19361119536525534,1.3711864663901003,1.7338844980230201,0.9863634585149029,-0.15957132532562585,-0.053870666909942216
-0.2888549722267022,-0.999707217092246,-1.0038140082695195,1.0524253232002798,1.8505761737675237,0.8929049364253795,1.2078832954103507,1.9029093046088457,-0.7296207342547698,0.8852735132875328,0.13208114659826498
0.8960576165470977,-0.999707217092246,-1.0038140082695195,0.4436375257650983,-0.19557052495310026,-1.554623157285055,-0.5534580487283772,0.45851550287542636,1.3524400863057664,-0.07158439154767567,1.3717599033196464
-1.473767561000502,1.0002928686546901,-1.0038140082695195,0.3003933381332909,0.26896007691860896,0.8929049364253795,0.26889006227679046,0.8426627905704848,-0.4321834741746932,0.9072702467320203,1.12382415197537
1.4885139109339978,-0.999707217092246,-1.0038140082695195,1.3389136984638947,1.5630096107040847,-0.15603567516480676,-0.22685170676887798,1.4265666678669735,2.0388337634136358,1.7541444843447909,1.526719747909819
-0.8813112666136022,-0.999707217092246,0.9962004831192838,-0.7023159752893611,-0.6601011268248095,0.8929049364253795,-1.311651342562929,-0.7861217092565627,-0.3406643172269774,-0.8854635289937149,-0.45676626284439115
-0.8813112666136022,1.0002928686546901,-1.0038140082695195,0.013904962869676045,-0.10708850554896517,-0.855329416224931,-0.8625676223686175,-0.2175837234678763,0.5974070414871104,-0.4125337599372327,0.19406508443433404
-1.473767561000502,1.0002928686546901,-1.0038140082695195,1.1956695108320872,0.6228881545351493,1.5921986774855037,-0.05188402357628911,-0.3712426385458996,0.8948443015671871,1.8641281515672286,1.8056474681721297
1.4885139109339978,-0.999707217092246,-1.0038140082695195,1.0524253232002798,1.3086238049171963,1.5921986774855037,-0.022722743044190967,-0.46343798759271365,0.04829209980081515,1.061247380843433,1.6816795924999917
0.30360132216019775,1.0002928686546901,-1.0038140082695195,-1.5617811010802056,-1.500680311164093,1.5921986774855037,0.6188254286619682,-1.0627077563970047,-0.9355388373871306,-1.413385131661416,-1.324541392549358
-0.2888549722267022,1.0002928686546901,0.9962004831192838,0.12133810359353162,-0.04072699099586385,-0.855329416224931,0.7296382946839411,-1.0012441903657954,-1.0499377835717754,-0.22556152565908852,0.13208114659826498
0.30360132216019775,-0.999707217092246,-1.0038140082695195,-1.740836335619965,-1.5891623305682279,1.2425518069554415,0.8929414656636908,-1.124171322428214,-1.0956973620456334,-1.6333524661062917,-1.4795012371395309
-1.473767561000502,1.0002928686546901,0.9962004831192838,0.6585038072128094,0.6781894166627338,1.2425518069554415,1.4353412835607162,1.5187620169137874,0.13981125674853104,0.6873029122871448,0.5039847736146794
1.4885139109339978,1.0002928686546901,0.9962004831192838,0.8733700886605206,0.6228881545351493,-0.855329416224931,0.10558689129704087,-1.1395372139360163,2.1074731311244226,0.4563372111200255,0.9998562763032319
0.8960576165470977,-0.999707217092246,0.9962004831192838,-0.8097491160132166,-1.0693304665689343,-0.5056825456948688,1.6103089667533053,-0.09465659140545762,-0.2262653710423325,-1.0064455629383966,-0.5187502006804602
-0.8813112666136022,1.0002928686546901,0.9962004831192838,-0.5590717876575536,-0.6158601171227419,-1.2049762867549931,-1.171677196008858,-0.893682949811179,0.2313304136962469,-0.7974765952157647,-0.11585460474601128
0.30360132216019775,-0.999707217092246,0.9962004831192838,-0.1293392247621314,0.13623704781240634,-0.15603567516480676,-1.6382576845224281,0.5968085264456474,0.7118059876717553,0.11538784273046851,-0.2088305115001149
0.8960576165470977,1.0002928686546901,-1.0038140082695195,1.267291604647991,1.2754430476406458,-0.15603567516480676,1.7269540888816977,-0.8168534922721673,0.8719645123302581,0.8192833129540701,0.596960680368783
-0.2888549722267022,1.0002928686546901,-1.0038140082695195,0.9449921824764242,1.3418045621937469,0.8929049364253795,0.9279350023022086,-0.03319302537424829,-0.08898663562075868,1.061247380843433,1.2787839965655428
-1.473767561000502,1.0002928686546901,-1.0038140082695195,-1.5259700541722538,-1.3568970296323732,-1.554623157285055,-0.9325546956456531,-1.1395372139360163,-0.9355388373871306,-1.3693916647724411,-1.1695815479591853
-1.473767561000502,1.0002928686546901,0.9962004831192838,-1.45434796035635,-1.3458367772068565,1.2425518069554415,-1.264993293711572,-0.8168534922721673,-0.9812984158609885,-1.281404730994491,-1.262557454713289
-0.2888549722267022,1.0002928686546901,0.9962004831192838,1.0882363701082318,1.054237999130308,-0.855329416224931,-0.022722743044190967,-0.3097790725146903,2.1303529203613514,1.3362065488995276,0.47299280469664484
0.8960576165470977,1.0002928686546901,-1.0038140082695195,0.7301259010287131,0.5233458827054973,0.5432580658953174,1.4761670763056538,-0.43270620457710895,-0.40930368493776426,0.5003306780090007,0.8139044627950247
1.4885139109339978,-0.999707217092246,0.9962004831192838,0.3720154319491946,-0.0849680006979314,0.8929049364253795,-1.1600126837960185,0.258758913273996,-0.5008228418854801,0.9512637136209954,0.19406508443433404
-0.8813112666136022,-0.999707217092246,-1.0038140082695195,-0.8455601629211685,-0.9255471850372148,1.5921986774855037,0.6654834775133253,-1.078073647904807,-0.3864238957008353,-0.9954471962161527,-0.9526377655329437
0.8960576165470977,-0.999707217092246,-1.0038140082695195,-0.09352817785417952,-0.09602825312344829,-0.855329416224931,1.1437284782397348,-0.24831550648348097,-1.1414569405194912,-0.44552886010396403,-0.735693983106702
-0.2888549722267022,-0.999707217092246,-1.0038140082695195,-1.0246153974609278,-0.903426680186181,-0.855329416224931,1.0387478683241815,-0.2175837234678763,-1.0499377835717754,-1.182419430494297,-0.5187502006804602
0.30360132216019775,-0.999707217092246,-1.0038140082695195,1.1598584639241354,0.22471906721654142,-0.5056825456948688,1.581147686221207,-0.43270620457710895,0.8719645123302581,0.34635354389758777,1.5577117168278536
-0.8813112666136022,-0.999707217092246,-1.0038140082695195,0.765936947936665,0.8440932030454871,-1.554623157285055,-0.2793420117266546,1.1499806207265315,0.8490847230933292,0.676304545564901,1.4027518722376808
0.30360132216019775,-0.999707217092246,-1.0038140082695195,-0.7739380691052647,-0.40571532103792113,0.8929049364253795,1.423676771347877,-0.801487600764365,-0.5465824203593381,-0.4895223269929391,-0.2088305115001149
0.30360132216019775,-0.999707217092246,-1.0038140082695195,1.6970241675434132,1.4524070864489158,-1.554623157285055,0.6771479897261645,1.8414457385776364,1.0550028262256899,1.5011820497331843,1.3097759654835772
-0.8813112666136022,-0.999707217092246,-1.0038140082695195,1.016614276292328,0.06987553325930501,-0.5056825456948688,-0.2793420117266546,-1.0319759733814,-0.3406643172269774,0.39034701078656286,1.0308482452212664
0.8960576165470977,1.0002928686546901,-1.0038140082695195,-1.740836335619965,-1.6112828354192616,-0.15603567516480676,-1.1366836593703402,-1.1549031054438186,-1.1185771512825624,-1.622354099384048,-1.5414851749755998
-0.8813112666136022,1.0002928686546901,0.9962004831192838,-1.239481678908639,-1.19099324324962,-1.2049762867549931,-1.3699739036271252,-0.7707558177487603,-0.9812984158609885,-1.1934177972165407,-0.797677920942771
-1.473767561000502,1.0002928686546901,0.9962004831192838,-0.738127022197313,-0.46101658316550553,0.8929049364253795,-1.5624383551389731,0.07436821518036804,-0.11186642485768765,-0.9404553626049339,-0.797677920942771
0.30360132216019775,-0.999707217092246,0.9962004831192838,-0.6306938814734574,-0.7375228938034277,0.19361119536525534,-0.07521304800196763,-0.002461242358643623,0.025412310563886178,-0.8084749619380086,-0.332798387172253
0.30360132216019775,1.0002928686546901,0.9962004831192838,-0.23677236548598696,0.12517679538688944,1.5921986774855037,-0.22101945066245834,-0.3097790725146903,0.6889261984348263,-0.34654355960377003,-0.3018064182542185
0.8960576165470977,-0.999707217092246,-1.0038140082695195,0.26458229122533905,-0.12920901039999894,0.8929049364253795,-0.4018193899614669,-0.57099922814733,1.4439592432534822,0.775289846065095,0.13208114659826498
-1.473767561000502,-0.999707217092246,0.9962004831192838,-1.740836335619965,-1.6002225829937449,-0.15603567516480676,-0.069380791895548,-1.170268996951621,-1.1185771512825624,-1.6113557326618042,-1.5104932060575653
0.30360132216019775,-0.999707217092246,0.9962004831192838,0.4436375257650983,0.5233458827054973,0.19361119536525534,0.9979220755792441,-0.8629511667955743,-0.592341998833196,0.03839927567476209,-0.5807341385165293
-0.2888549722267022,1.0002928686546901,-1.0038140082695195,1.0524253232002798,0.5344061351310142,-1.554623157285055,-0.5651225609412165,-0.524901553623923,-0.638101577307054,1.8091363179560098,1.526719747909819
-0.8813112666136022,1.0002928686546901,-1.0038140082695195,-0.09352817785417952,-0.09602825312344829,-1.2049762867549931,-0.6409418903246716,0.7504674415236707,0.6660464091978974,0.2803633435641251,-0.42577429392635663
-0.8813112666136022,-0.999707217092246,-1.0038140082695195,0.22877124431738718,0.036694775982754356,-0.5056825456948688,-0.32016780447159204,0.45851550287542636,0.8490847230933292,0.632311078675926,0.6279526492868175
-0.2888549722267022,-0.999707217092246,0.9962004831192838,-1.740836335619965,-1.6223430878447787,-0.855329416224931,1.6686315278175015,-1.170268996951621,-1.1414569405194912,-1.6333524661062917,-1.4795012371395309
-0.2888549722267022,1.0002928686546901,0.9962004831192838,-1.5975921479881574,-1.4232585441854746,0.19361119536525534,-1.5391093307132946,-1.0934395394126093,-0.9355388373871306,-1.5343671656060978,-1.4175172993034617
0.30360132216019775,-0.999707217092246,-1.0038140082695195,-0.4158276000257462,-0.029666738570346962,-1.2049762867549931,0.7529673191096197,-0.43270620457710895,-0.2262653710423325,-0.02759092465870056,0.16307311551629952
0.30360132216019775,-0.999707217092246,-1.0038140082695195,-0.30839445930189063,-0.29511279678275226,1.5921986774855037,-1.3058190864565093,-0.9551465158423883,0.025412310563886178,-0.4675255935484516,-0.797677920942771
-0.2888549722267022,-0.999707217092246,-1.0038140082695195,-0.16515027167008323,-0.18451027252758337,0.8929049364253795,-0.069380791895548,0.028270540656961045,0.20845062445931795,-0.5005206937151829,0.008113270926126851
0.8960576165470977,-0.999707217092246,0.9962004831192838,-1.3111037727245427,-1.1467522335475524,-0.855329416224931,-1.0958578666254026,-0.939780624334586,-1.0728175728087044,-1.182419430494297,-1.0456136722870473
-0.2888549722267022,1.0002928686546901,0.9962004831192838,-0.09352817785417952,0.14729730023792323,-0.15603567516480676,-1.4516254891170002,-0.8475852752877719,0.34572935988089176,-0.4125337599372327,-0.6427180763525984
0.8960576165470977,-0.999707217092246,-1.0038140082695195,-1.2752927258165907,-1.301595767504789,-0.15603567516480676,1.0445801244306012,-0.57099922814733,-1.0728175728087044,-1.226412897383272,-0.85966185877884
0.30360132216019775,-0.999707217092246,0.9962004831192838,0.5868817133969058,-0.19557052495310026,0.5432580658953174,1.0679091488562797,-0.4019744215615043,-0.2262653710423325,1.171231048065871,1.4337438411557153
-0.8813112666136022,1.0002928686546901,-1.0038140082695195,0.6585038072128094,-0.0849680006979314,-0.15603567516480676,1.3361929297515827,-0.4480720960849113,1.8329156602812748,1.270216348566065,1.2477920276475083
1.4885139109339978,-0.999707217092246,0.9962004831192838,0.5868817133969058,1.131659766108926,0.5432580658953174,1.2895348809002256,0.4277837198598217,0.7118059876717553,0.3683502773420753,-0.332798387172253
-0.2888549722267022,1.0002928686546901,-1.0038140082695195,-0.8455601629211685,-1.0250894568668667,0.5432580658953174,0.3680384160859242,-0.663194577194144,-0.7753803127286277,-0.8634667955492275,-0.36379035609028754
1.4885139109339978,-0.999707217092246,0.9962004831192838,-0.23677236548598696,0.14729730023792323,-0.15603567516480676,1.2078832954103507,-0.617096902670737,-0.13474621409461662,-0.43453049338172023,-0.6737100452706329
-0.2888549722267022,-0.999707217092246,-1.0038140082695195,-0.9171822567370722,-0.7707036510799784,-0.15603567516480676,-0.9908772567098494,-0.9244147328267837,-0.20338558180540353,-1.0174439296606403,-0.85966185877884
1.4885139109339978,-0.999707217092246,-1.0038140082695195,-1.0604264443688796,-0.8702459229096303,1.2425518069554415,-1.4049674402656431,-0.5863651196551323,-0.40930368493776426,-0.8744651622714712,-0.85966185877884
-0.2888549722267022,-0.999707217092246,-1.0038140082695195,1.5179689330036539,0.6671291642372169,-1.554623157285055,-0.524296768196279,-0.7246581432253533,-0.5465824203593381,2.2710677202902483,0.5039847736146794
-1.473767561000502,1.0002928686546901,-1.0038140082695195,-1.0962374912768316,-0.903426680186181,-0.855329416224931,0.3913674405116027,-1.1549031054438186,-0.8668994696763437,-1.1934177972165407,-1.1075976101231164
1.4885139109339978,-0.999707217092246,0.9962004831192838,-0.9529933036450241,-0.7154023889523939,1.2425518069554415,1.6219734789661444,-0.7246581432253533,-0.4779430526485512,-0.8854635289937149,-1.20057351687722
-0.2888549722267022,1.0002928686546901,0.9962004831192838,1.3389136984638947,1.7620941543633886,0.19361119536525534,0.7587995752160394,0.7351015500158684,-0.592341998833196,0.7422947458983636,1.3717599033196464
-1.473767561000502,1.0002928686546901,0.9962004831192838,-1.239481678908639,-1.301595767504789,-0.5056825456948688,1.5636509179019482,-1.170268996951621,-0.5237026311224091,-1.1934177972165407,-1.1385895790411509
0.8960576165470977,-0.999707217092246,-1.0038140082695195,-0.2725834123939388,-0.40571532103792113,1.5921986774855037,-1.5274448185004552,0.5507108519222403,0.2313304136962469,0.2033747765084187,0.07009720876219591
1.4885139109339978,1.0002928686546901,0.9962004831192838,-0.2725834123939388,-0.6490408743992926,-0.15603567516480676,-0.8683998784750372,-0.8322193837799696,0.3914889383547497,-0.5665108940486455,-0.2708144493361839
0.8960576165470977,-0.999707217092246,-1.0038140082695195,0.013904962869676045,-0.3282935540593029,0.5432580658953174,-0.5126322559834398,-0.7400240347331556,0.2313304136962469,0.34635354389758777,-0.48775823176242566
-1.473767561000502,1.0002928686546901,0.9962004831192838,0.013904962869676045,-0.29511279678275226,1.2425518069554415,1.0445801244306012,-0.6478286856863417,-0.9126590481502016,-0.038589291380944336,-0.5497421695984948
0.8960576165470977,1.0002928686546901,-1.0038140082695195,-1.2752927258165907,-1.3347765247813397,-0.855329416224931,1.6686315278175015,-1.1395372139360163,-0.5008228418854801,-1.2484096308277595,-0.9526377655329437
1.4885139109339978,1.0002928686546901,0.9962004831192838,0.515259619581002,-0.15132951525103272,-0.15603567516480676,0.2163997573190138,0.8426627905704848,0.11693146751160206,0.4673355778422693,0.9688643073851974
0.30360132216019775,1.0002928686546901,-1.0038140082695195,-1.3111037727245427,-1.2241740005261708,-0.5056825456948688,-0.839238597942939,-0.6939263602097486,-0.8211398912024858,-1.3473949313279536,-0.8906538276968746
-0.8813112666136022,-0.999707217092246,0.9962004831192838,1.5179689330036539,1.4081660767468482,0.19361119536525534,0.006438537487907179,-0.8322193837799696,-0.18050579256847454,1.5231787831776717,0.5039847736146794
-0.8813112666136022,-0.999707217092246,0.9962004831192838,0.515259619581002,-0.04072699099586385,0.19361119536525534,-1.3933029280528038,-0.617096902670737,-0.660981366543983,-0.016592557936456784,0.7209285560409211
-1.473767561000502,1.0002928686546901,0.9962004831192838,-0.6665049283814092,-0.39465506861240424,-1.2049762867549931,-1.200838476540956,-0.43270620457710895,-1.0728175728087044,-0.786478228493521,-0.5807341385165293
1.4885139109339978,1.0002928686546901,0.9962004831192838,1.0524253232002798,0.8109124457689364,1.5921986774855037,1.079573661069119,0.01290464914915871,0.5287676737763235,1.1932277815103585,1.8056474681721297
0.8960576165470977,1.0002928686546901,-1.0038140082695195,0.515259619581002,0.9768162321516897,0.8929049364253795,-1.3174835986693487,-0.29441318100688796,0.025412310563886178,0.049397642397005864,0.5349767425327139
-0.8813112666136022,1.0002928686546901,0.9962004831192838,1.0524253232002798,1.430286581597882,1.2425518069554415,0.7354705507903608,-0.8629511667955743,1.7871560818074168,0.8632767798430452,0.7829124938769902
0.8960576165470977,1.0002928686546901,0.9962004831192838,0.3362043850412427,-0.21769102980413405,-0.855329416224931,-0.839238597942939,-0.03319302537424829,0.20845062445931795,0.14838294289719983,0.6589446182048521
-0.8813112666136022,-0.999707217092246,0.9962004831192838,0.12133810359353162,0.45698436815239607,0.19361119536525534,1.079573661069119,-0.38660853005370194,-0.7296207342547698,0.5663208783424633,0.47299280469664484
-0.8813112666136022,-0.999707217092246,0.9962004831192838,-1.0604264443688796,-1.202053495675137,1.5921986774855037,1.7327863449881173,-1.1395372139360163,-0.615221788070125,-0.8414700621047398,-0.8286698898608056
0.30360132216019775,1.0002928686546901,0.9962004831192838,0.6226927603048575,1.2975635524916793,0.8929049364253795,1.2778703686873862,1.1038829462031243,1.2380411401211215,1.2262228816770897,0.7209285560409211
-1.473767561000502,-0.999707217092246,-1.0038140082695195,-1.5975921479881574,-1.4785598063130592,1.2425518069554415,1.1495607343461545,-1.0012441903657954,-0.9812984158609885,-1.5343671656060978,-1.3865253303854272
-0.2888549722267022,1.0002928686546901,0.9962004831192838,-0.1293392247621314,-0.1623897676765496,-0.855329416224931,-0.541793536515538,-0.9551465158423883,0.6660464091978974,0.17037967634168738,-0.45676626284439115
-1.473767561000502,1.0002928686546901,-1.0038140082695195,-1.5975921479881574,-1.500680311164093,-0.855329416224931,0.2805545744896297,-0.9244147328267837,-1.0041782050979176,-1.5013720654393663,-1.324541392549358
-0.2888549722267022,-0.999707217092246,0.9962004831192838,1.732835214451365,2.4478298047454357,-0.5056825456948688,-1.2474965253923131,-1.0627077563970047,-0.9355388373871306,1.3472049156217714,2.859374411385304
1.4885139109339978,1.0002928686546901,-1.0038140082695195,1.4105357922797983,2.215564503809581,-1.554623157285055,-0.9442192078584923,1.6724209319918109,2.9311455436538654,0.34635354389758777,1.6816795924999917
-0.2888549722267022,-0.999707217092246,-1.0038140082695195,1.3031026515559427,1.054237999130308,-0.15603567516480676,-0.9558837200713316,-0.11002248291325996,-0.3406643172269774,0.7312963791761199,1.9606073127623025
-0.2888549722267022,-0.999707217092246,-1.0038140082695195,0.0497160097776279,0.22471906721654142,0.19361119536525534,-0.19769042623677985,-0.617096902670737,-0.8440196804394147,0.5333257781757319,0.4110088668605758
-0.8813112666136022,1.0002928686546901,-1.0038140082695195,1.6970241675434132,0.6781894166627338,-1.554623157285055,-1.4166319524784823,2.3792519413507183,1.672757135622772,1.1602326813436272,2.983342287057442
1.4885139109339978,-0.999707217092246,0.9962004831192838,1.4105357922797983,0.5344061351310142,-1.554623157285055,-0.9267224395392335,1.4726643423903805,-0.9126590481502016,1.4681869495664528,0.8139044627950247
1.4885139109339978,1.0002928686546901,-1.0038140082695195,0.26458229122533905,0.8440932030454871,0.19361119536525534,0.006438537487907179,1.3036395358045547,-0.8897792589132726,0.6103143452314383,0.22505705335236859
1.4885139109339978,1.0002928686546901,-1.0038140082695195,0.5510706664889539,-0.17345002010206648,-1.2049762867549931,1.5286573812634303,0.6429062009690544,0.7804453553825422,-0.060586024825431885,0.13208114659826498
-0.2888549722267022,1.0002928686546901,0.9962004831192838,0.9808032293843761,1.5961903679806353,0.5432580658953174,-0.18019365791752096,-1.170268996951621,0.8262049338564001,1.3032114487327962,0.6899365871228866
-0.8813112666136022,-0.999707217092246,0.9962004831192838,-0.2725834123939388,-0.5605588549951576,-1.554623157285055,1.1553929904525742,-0.47880387910051597,-0.11186642485768765,0.12638620945271228,-0.08486263582797675
-0.2888549722267022,1.0002928686546901,-1.0038140082695195,0.12133810359353162,-0.36147431133585356,-0.855329416224931,-1.7257415261187226,1.1499806207265315,0.9634836692779739,0.027400908952518316,0.596960680368783
-1.473767561000502,1.0002928686546901,-1.0038140082695195,0.3362043850412427,0.6007676496841156,0.19361119536525534,-1.515780306287616,-0.6324627941785393,1.3066805078319086,0.22537150995290625,0.9998562763032319
0.8960576165470977,-0.999707217092246,-1.0038140082695195,-1.5617811010802056,-1.4785598063130592,1.2425518069554415,0.7529673191096197,-1.0934395394126093,-0.8440196804394147,-1.42438349838366,-1.3555333614673926
-0.2888549722267022,-0.999707217092246,-1.0038140082695195,0.8017479948446169,0.5344061351310142,-0.855329416224931,0.7587995752160394,0.8580286820782871,1.3066805078319086,0.30236007700861267,1.2787839965655428
0.30360132216019775,-0.999707217092246,0.9962004831192838,1.0524253232002798,1.1205995136834093,-1.2049762867549931,-1.7082447577994637,2.2716907007961016,0.5287676737763235,1.017253913954458,0.5039847736146794
-0.2888549722267022,1.0002928686546901,0.9962004831192838,-1.1320485381847833,-0.9255471850372148,-0.855329416224931,1.7094573205624388,-0.755389926240958,-0.638101577307054,-0.9624520960494214,-1.262557454713289
-0.8813112666136022,1.0002928686546901,-1.0038140082695195,-0.23677236548598696,-0.3393538064848198,-1.2049762867549931,1.6627992717110818,0.35095426232081006,0.34572935988089176,-0.016592557936456784,0.3180329601064722
0.30360132216019775,1.0002928686546901,-1.0038140082695195,0.40782647885714646,-0.21769102980413405,0.5432580658953174,0.6304899408748075,1.4880302338981828,0.8948443015671871,0.8742751465652889,-0.2398224804181494
0.8960576165470977,-0.999707217092246,-1.0038140082695195,0.013904962869676045,-0.317233301633786,1.5921986774855037,-1.1016901227318223,0.258758913273996,0.9634836692779739,0.39034701078656286,0.19406508443433404
0.8960576165470977,-0.999707217092246,0.9962004831192838,-0.4158276000257462,-0.36147431133585356,-0.15603567516480676,1.4936638446249126,0.4124178283520194,-0.2262653710423325,-0.544514160604158,-0.6737100452706329
0.8960576165470977,-0.999707217092246,-1.0038140082695195,1.3031026515559427,1.1095392612578923,1.2425518069554415,1.1145671977076368,2.686569771506765,0.940603880041045,0.35735191061983157,1.061840214139301
1.4885139109339978,-0.999707217092246,0.9962004831192838,0.7301259010287131,0.036694775982754356,-1.2049762867549931,-0.728425731920966,0.01290464914915871,0.917724090804116,0.7972865795095826,1.3717599033196464
-0.8813112666136022,1.0002928686546901,-1.0038140082695195,0.9091811355684725,1.0431777467047911,0.19361119536525534,1.2312123198360292,-0.9551465158423883,1.2609209293580506,1.6661575505668407,0.07009720876219591
-1.473767561000502,-0.999707217092246,-1.0038140082695195,1.4463468391877503,0.7777316884923857,-0.855329416224931,-1.0491998177740456,-0.017827133866445955,-1.0041782050979176,0.335355177175344,1.4957277789917844
0.8960576165470977,-0.999707217092246,-1.0038140082695195,-1.5617811010802056,-1.4232585441854746,0.8929049364253795,0.5196770748528345,-0.9244147328267837,-1.0728175728087044,-1.4573785985503913,-1.4175172993034617
-1.473767561000502,1.0002928686546901,0.9962004831192838,1.267291604647991,1.927997940746142,-0.5056825456948688,1.0445801244306012,2.148763568733683,2.0845933418874933,2.029103652400885,1.8676314060081989
0.8960576165470977,1.0002928686546901,-1.0038140082695195,0.765936947936665,1.352864814619264,-0.5056825456948688,0.7937931118545571,1.0116875971563104,2.1074731311244226,0.4673355778422693,1.4027518722376808
1.4885139109339978,-0.999707217092246,-1.0038140082695195,1.0882363701082318,0.744550931215835,1.2425518069554415,-1.2883223181372505,-0.3558767470380973,-0.36354410646390634,0.11538784273046851,1.4337438411557153
-1.473767561000502,-0.999707217092246,0.9962004831192838,0.19296019740943532,0.45698436815239607,-0.855329416224931,-1.1191868910510812,-0.6324627941785393,-0.31778452799004836,-0.10457949171440699,1.061840214139301
1.4885139109339978,-0.999707217092246,-1.0038140082695195,-0.7023159752893611,-0.6379806219737757,-0.15603567516480676,-1.0783610983061438,-1.124171322428214,0.07117188903774412,-0.786478228493521,-0.6737100452706329
1.4885139109339978,1.0002928686546901,0.9962004831192838,-0.4516386469336981,-0.6711613792503264,1.2425518069554415,0.32138036723456714,0.2280271302583914,-0.2262653710423325,-0.544514160604158,-0.6117261074345638
0.30360132216019775,-0.999707217092246,0.9962004831192838,0.8733700886605206,1.0984790088323755,1.2425518069554415,-0.26184524340739573,0.765833333031473,0.6660464091978974,1.4681869495664528,-0.08486263582797675
-0.8813112666136022,-0.999707217092246,-1.0038140082695195,0.12133810359353162,0.30214083419515964,0.5432580658953174,0.7471350630032001,0.8580286820782871,-1.1414569405194912,-0.3135484594370387,-0.08486263582797675
0.30360132216019775,1.0002928686546901,-1.0038140082695195,1.3031026515559427,1.065298251555825,1.5921986774855037,-1.3933029280528038,2.732667446030172,0.8490847230933292,1.7541444843447909,-0.2088305115001149
0.8960576165470977,1.0002928686546901,-1.0038140082695195,0.6585038072128094,0.3132010866206765,-0.5056825456948688,-1.469122257436259,1.365103101835764,0.9863634585149029,0.34635354389758777,1.1548161208934047
0.8960576165470977,-0.999707217092246,0.9962004831192838,-0.16515027167008323,-0.36147431133585356,-0.855329416224931,1.2312123198360292,0.5660767434300428,0.7346857769086843,0.2583666101196376,0.07009720876219591
0.30360132216019775,-0.999707217092246,-1.0038140082695195,-0.8097491160132166,-0.7375228938034277,1.5921986774855037,-0.9792127444970101,-0.20221783196007395,-0.7525005234916988,-0.8084749619380086,-0.85966185877884
-0.8813112666136022,1.0002928686546901,-1.0038140082695195,-1.6334031948961094,-1.5228008160151267,-0.855329416224931,-0.7867482929851624,-0.9858782988579929,-1.1414569405194912,-1.4573785985503913,-1.3865253303854272
0.8960576165470977,-0.999707217092246,-1.0038140082695195,0.9808032293843761,0.2357793196420583,-1.2049762867549931,-1.1950062204345364,-0.6017310111629346,1.8557954495182039,1.0062555472322143,0.6899365871228866
-0.2888549722267022,1.0002928686546901,-1.0038140082695195,-1.1320485381847833,-0.9587279423137655,1.2425518069554415,0.4205287210437008,-1.0627077563970047,-0.569462209596267,-1.1384259636053218,-1.20057351687722
0.30360132216019775,-0.999707217092246,-1.0038140082695195,-1.6334031948961094,-1.489620058738576,-0.15603567516480676,-0.524296768196279,-1.0934395394126093,-1.0728175728087044,-1.5123704321616103,-1.4485092682214962
0.8960576165470977,1.0002928686546901,0.9962004831192838,0.22877124431738718,-0.14026926282551583,0.19361119536525534,1.0270833561113422,-0.9090488413189813,-0.4321834741746932,0.08239274256373719,0.6589446182048521
0.8960576165470977,1.0002928686546901,0.9962004831192838,1.267291604647991,0.6007676496841156,0.8929049364253795,-0.8742321345814568,0.5046131773988334,1.2838007185949796,1.4901836830109403,0.13208114659826498
-1.473767561000502,-0.999707217092246,0.9962004831192838,-0.1293392247621314,0.28002032934412585,0.8929049364253795,1.6802960400303406,-0.9551465158423883,-0.020347267909971763,-0.21456315893684474,0.5349767425327139
0.8960576165470977,-0.999707217092246,-1.0038140082695195,-0.8097491160132166,-1.002968952015833,1.2425518069554415,-1.072528842199724,-0.8168534922721673,-0.18050579256847454,-0.7424847616045459,-0.9216457966149092
1.4885139109339978,-0.999707217092246,-1.0038140082695195,0.8375590417525687,0.6450086593861831,-1.2049762867549931,-0.22101945066245834,2.1180317857180784,-0.27202494951619044,1.2372212483993335,-0.332798387172253
-1.473767561000502,-0.999707217092246,-1.0038140082695195,-0.3442055062098425,-0.6601011268248095,-1.2049762867549931,0.4205287210437008,-0.6324627941785393,0.29996978140703384,-0.5225174271596704,-0.02287869799190768
-1.473767561000502,1.0002928686546901,0.9962004831192838,-1.1320485381847833,-1.0472099617179005,1.2425518069554415,0.5838318920234504,-0.3097790725146903,-1.0956973620456334,-0.9514537293271776,-0.9216457966149092
-1.473767561000502,-0.999707217092246,-1.0038140082695195,-0.3442055062098425,-0.4941973404420562,-0.5056825456948688,1.4936638446249126,0.6121744179534497,-0.9812984158609885,-0.43453049338172023,-0.5807341385165293
1.4885139109339978,-0.999707217092246,-1.0038140082695195,0.9091811355684725,1.1980212806620274,-0.855329416224931,1.0445801244306012,0.8272968990626824,-0.592341998833196,1.1382359478991395,1.8366394370901644
0.8960576165470977,1.0002928686546901,0.9962004831192838,1.1240474170161836,1.2975635524916793,1.5921986774855037,-1.737406038331562,2.502179073413137,1.9701943957028487,1.7431461176225471,1.526719747909819
0.30360132216019775,1.0002928686546901,0.9962004831192838,0.013904962869676045,-0.5384383501441238,0.19361119536525534,1.4003477469221985,0.904126356601694,0.09405167827467309,-0.4895223269929391,0.7829124938769902
0.8960576165470977,-0.999707217092246,0.9962004831192838,-0.8455601629211685,-1.0803907189944513,-0.855329416224931,1.5286573812634303,-0.18685194045227163,-0.592341998833196,-0.9294569958826902,-0.7047020141886674
0.8960576165470977,-0.999707217092246,-1.0038140082695195,0.15714915050148345,0.3795626011737778,0.19361119536525534,-0.17436140181110132,0.9194922481094964,0.2770899921701048,0.5003306780090007,0.7209285560409211
0.8960576165470977,1.0002928686546901,-1.0038140082695195,-1.2036706320006871,-1.0582702141434175,-0.5056825456948688,-1.1891739643281167,-0.7400240347331556,-0.9584186266240595,-1.281404730994491,-0.797677920942771
1.4885139109339978,-0.999707217092246,0.9962004831192838,-1.5617811010802056,-1.4453790490365084,0.5432580658953174,1.5403218934762697,-1.1395372139360163,-0.8668994696763437,-1.3693916647724411,-1.3555333614673926
0.8960576165470977,-0.999707217092246,-1.0038140082695195,-1.0246153974609278,-0.8149446607820459,1.5921986774855037,0.19890298899975495,-1.1549031054438186,-0.24914516027926148,-0.7424847616045459,-0.9526377655329437
0.30360132216019775,-0.999707217092246,0.9962004831192838,-1.45434796035635,-1.4011380393344408,-0.855329416224931,1.21954780762319,-0.709292251717551,-1.0041782050979176,-1.4463802318281476,-1.3865253303854272
1.4885139109339978,1.0002928686546901,0.9962004831192838,1.1240474170161836,0.6339484069606662,0.5432580658953174,0.7413028068967804,0.5968085264456474,-0.043227057146900734,1.1932277815103585,1.061840214139301
-1.473767561000502,-0.999707217092246,-1.0038140082695195,-0.057717130946227664,0.13623704781240634,-1.554623157285055,-1.2591610376051523,-0.6478286856863417,-0.3406643172269774,-0.016592557936456784,0.2560490222704031
0.30360132216019775,-0.999707217092246,0.9962004831192838,1.0882363701082318,0.5233458827054973,1.5921986774855037,-1.469122257436259,2.3485201583351136,2.1532327095982806,1.611165716955622,0.16307311551629952
0.8960576165470977,-0.999707217092246,-1.0038140082695195,-0.6665049283814092,-0.7485831462289446,1.2425518069554415,1.1845542709846721,-1.0934395394126093,-1.1414569405194912,-0.6654961945488395,-0.08486263582797675
-1.473767561000502,-0.999707217092246,-1.0038140082695195,0.6943148541207613,1.3971058243213315,0.8929049364253795,0.23972878174469234,0.6121744179534497,-0.2949047387531194,0.09339110928598096,0.9998562763032319
-0.2888549722267022,-0.999707217092246,-1.0038140082695195,-0.057717130946227664,0.0919960381103388,0.19361119536525534,0.6479867091940664,0.18192945573498437,0.4830080953024656,-0.5665108940486455,0.22505705335236859
-1.473767561000502,-0.999707217092246,0.9962004831192838,-0.9529933036450241,-1.0250894568668667,0.5432580658953174,-1.6324254284160087,-0.8475852752877719,-0.18050579256847454,-0.6215027276598644,-0.5187502006804602
0.8960576165470977,-0.999707217092246,-1.0038140082695195,-1.45434796035635,-1.4232585441854746,0.8929049364253795,-0.3260000605780117,-1.124171322428214,-1.1185771512825624,-1.4463802318281476,-1.2315654857952545
-1.473767561000502,-0.999707217092246,0.9962004831192838,1.5179689330036539,1.0321174942792741,-0.15603567516480676,0.006438537487907179,1.9490069791322528,-0.9812984158609885,1.9191199851784473,0.13208114659826498
-0.8813112666136022,-0.999707217092246,0.9962004831192838,-1.740836335619965,-1.6223430878447787,-0.15603567516480676,1.499496100731332,-1.078073647904807,-1.0956973620456334,-1.6113557326618042,-1.4795012371395309
1.4885139109339978,-0.999707217092246,-1.0038140082695195,0.22877124431738718,-0.2508717870806847,1.2425518069554415,1.2137155515167704,-0.524901553623923,-0.9355388373871306,0.3793486440643191,0.16307311551629952
-0.8813112666136022,1.0002928686546901,-1.0038140082695195,-0.8813712098291203,-0.7817639035054953,0.19361119536525534,1.487831588518493,-0.46343798759271365,0.025412310563886178,-0.9734504627716652,-0.7666859520247364
1.4885139109339978,1.0002928686546901,-1.0038140082695195,-0.30839445930189063,-0.28405254435723537,1.2425518069554415,-0.16269688959826206,0.21266123875058904,-0.40930368493776426,-0.37953865977050133,0.38001689794254123
-0.2888549722267022,1.0002928686546901,0.9962004831192838,-1.3469148196324945,-1.3237162723558227,-1.2049762867549931,1.2312123198360292,-0.57099922814733,-0.660981366543983,-1.1934177972165407,-1.2935494236313236
0.8960576165470977,-0.999707217092246,0.9962004831192838,-1.4185369134483983,-1.19099324324962,-0.855329416224931,-0.4893032315577613,-1.0012441903657954,-0.9812984158609885,-1.1934177972165407,-1.0766056412050817
0.30360132216019775,-0.999707217092246,0.9962004831192838,-0.5590717876575536,-0.2398115346551678,-0.855329416224931,-1.2125029887537953,-0.2175837234678763,-0.3406643172269774,-0.20356479221460097,-0.2088305115001149
-0.8813112666136022,1.0002928686546901,0.9962004831192838,-0.9888043505529759,-0.9697881947392823,-0.5056825456948688,-0.12187109685332466,-0.6017310111629346,-0.7296207342547698,-0.8964618957159588,-0.6117261074345638
-1.473767561000502,1.0002928686546901,-1.0038140082695195,0.9449921824764242,1.5630096107040847,0.5432580658953174,1.1787220148782527,-0.20221783196007395,1.558358189438127,0.9072702467320203,-0.08486263582797675
1.4885139109339978,1.0002928686546901,0.9962004831192838,0.8733700886605206,1.0431777467047911,-0.5056825456948688,0.8462834168123338,-0.9090488413189813,-0.31778452799004836,0.17037967634168738,1.340767934401612
-0.2888549722267022,1.0002928686546901,-1.0038140082695195,-0.4158276000257462,-0.029666738570346962,-0.855329416224931,-1.072528842199724,-0.8168534922721673,-0.15762600333154558,-0.6215027276598644,-0.11585460474601128
-0.2888549722267022,-0.999707217092246,-1.0038140082695195,-1.2036706320006871,-1.2684150102282383,1.5921986774855037,-0.23851621898171724,-0.524901553623923,-0.8211398912024858,-1.1164292301608343,-0.7666859520247364
0.30360132216019775,-0.999707217092246,0.9962004831192838,0.9808032293843761,1.33074430976823,0.8929049364253795,-0.22685170676887798,-0.6017310111629346,0.7118059876717553,0.7312963791761199,1.12382415197537
0.30360132216019775,1.0002928686546901,-1.0038140082695195,0.9449921824764242,1.242262290364095,0.19361119536525534,0.9337672584086282,-0.6324627941785393,-0.4779430526485512,0.7422947458983636,1.8056474681721297
-0.8813112666136022,-0.999707217092246,0.9962004831192838,-1.0962374912768316,-1.0582702141434175,0.5432580658953174,-0.17436140181110132,-0.38660853005370194,-0.8897792589132726,-0.7974765952157647,-1.0456136722870473
0.8960576165470977,-0.999707217092246,-1.0038140082695195,-0.16515027167008323,-0.29511279678275226,-0.855329416224931,-1.1250191471575008,0.5046131773988334,-1.0956973620456334,-0.12657622515889452,0.5659687114507485
-0.8813112666136022,-0.999707217092246,-1.0038140082695195,-0.9171822567370722,-0.9144869326116979,1.5921986774855037,-0.6059483536861539,-0.41734031306930663,-0.3864238957008353,-1.0394406631051278,-0.3947823250083221
-0.8813112666136022,-0.999707217092246,0.9962004831192838,0.013904962869676045,-0.40571532103792113,-1.2049762867549931,0.8637801851315926,-0.38660853005370194,0.8948443015671871,-0.11557785843665076,0.6279526492868175
1.4885139109339978,1.0002928686546901,-1.0038140082695195,-1.5975921479881574,-1.4564393014620254,1.5921986774855037,1.2370445759424489,-1.1088054309204116,-1.0499377835717754,-1.4573785985503913,-1.3555333614673926
1.4885139109339978,-0.999707217092246,0.9962004831192838,0.40782647885714646,-0.2619320395062016,-1.554623157285055,-0.3493290850036902,-0.29441318100688796,1.100762404699548,0.7862882127873387,-0.053870666909942216
0.8960576165470977,-0.999707217092246,-1.0038140082695195,0.4436375257650983,0.26896007691860896,-0.855329416224931,0.07642561076494273,1.3036395358045547,-0.3864238957008353,0.918268613454264,-0.5497421695984948
-1.473767561000502,1.0002928686546901,0.9962004831192838,-1.4901590072643018,-1.279475262653755,-0.15603567516480676,0.4905157943207364,-0.939780624334586,-0.9812984158609885,-1.281404730994491,-1.4175172993034617
1.4885139109339978,-0.999707217092246,-1.0038140082695195,0.12133810359353162,0.3795626011737778,-1.554623157285055,-0.35516134111010983,0.028270540656961045,-0.5237026311224091,0.40134537750880667,-0.3018064182542185
1.4885139109339978,1.0002928686546901,0.9962004831192838,1.732835214451365,2.00541970772476,-0.855329416224931,-1.3699739036271252,-0.340510855530295,3.1370636467862263,1.3911983825107463,1.0308482452212664
-0.8813112666136022,-0.999707217092246,0.9962004831192838,0.40782647885714646,0.19153830993999077,-1.554623157285055,-1.183341708221697,0.47388139438322874,0.5745272522501814,0.9402653468987516,0.8139044627950247
0.30360132216019775,1.0002928686546901,0.9962004831192838,0.4436375257650983,0.9657559797261728,0.8929049364253795,0.3330448794474064,0.7965651160470777,0.9863634585149029,0.005404175508030765,0.03910523984416139
-0.8813112666136022,1.0002928686546901,-1.0038140082695195,0.765936947936665,1.0763585039813417,0.5432580658953174,0.3913674405116027,-0.6017310111629346,1.5125986109642693,0.1593813096194436,0.2560490222704031
1.4885139109339978,1.0002928686546901,0.9962004831192838,-0.8813712098291203,-0.6490408743992926,0.8929049364253795,0.5721673798106112,-0.3712426385458996,-0.8668994696763437,-0.8194733286602524,-0.3947823250083221
-1.473767561000502,-0.999707217092246,0.9962004831192838,-0.8813712098291203,-0.8481254180585965,-1.554623157285055,1.4819993324120733,-0.5095356621161207,-0.24914516027926148,-0.6105043609376206,-1.1075976101231164
-0.8813112666136022,1.0002928686546901,-1.0038140082695195,0.40782647885714646,0.8772739603220377,0.8929049364253795,1.3945154908157789,0.2433930217661937,-0.8211398912024858,0.918268613454264,0.6279526492868175
-0.2888549722267022,1.0002928686546901,-1.0038140082695195,1.0524253232002798,0.29108058176964274,1.5921986774855037,-0.2910065239394939,-0.7861217092565627,1.0778826154626189,1.3472049156217714,1.8056474681721297
-0.8813112666136022,1.0002928686546901,0.9962004831192838,0.08552705668557975,0.36850234874826093,-0.855329416224931,-0.5709548170476361,-0.1253883744210623,0.8262049338564001,0.1593813096194436,-0.2088305115001149
-0.8813112666136022,1.0002928686546901,-1.0038140082695195,0.3362043850412427,0.5344061351310142,0.19361119536525534,0.22223201342543344,0.5046131773988334,-0.15762600333154558,0.5333257781757319,1.12382415197537
0.30360132216019775,1.0002928686546901,-1.0038140082695195,-1.0962374912768316,-1.0361497092923837,-0.5056825456948688,1.1670575026654133,-0.6939263602097486,-0.4321834741746932,-1.0614373965496153,-1.2315654857952545
-0.8813112666136022,1.0002928686546901,0.9962004831192838,1.1956695108320872,0.8662137078965209,0.19361119536525534,0.33887713555382604,1.2114441867577408,2.2447518665459962,1.842131418122741,0.9998562763032319
-0.2888549722267022,1.0002928686546901,0.9962004831192838,-0.9171822567370722,-0.9144869326116979,0.19361119536525534,-1.5974318917774908,-0.2636813979912833,-0.7753803127286277,-0.9624520960494214,-0.42577429392635663
0.30360132216019775,1.0002928686546901,-1.0038140082695195,-0.48744969384164993,-0.19557052495310026,1.2425518069554415,-1.3174835986693487,-0.7246581432253533,-1.1185771512825624,-0.21456315893684474,-0.7666859520247364
0.30360132216019775,1.0002928686546901,0.9962004831192838,1.5895910268195577,1.142720018534443,0.19361119536525534,1.645302503391823,2.9938876016628115,2.0845933418874933,0.7092996457316324,1.2168000587294736
-1.473767561000502,-0.999707217092246,0.9962004831192838,-0.7739380691052647,-0.8481254180585965,1.2425518069554415,0.5430060992785131,-0.663194577194144,-1.0728175728087044,-0.8414700621047398,-0.3018064182542185
0.30360132216019775,-0.999707217092246,0.9962004831192838,-1.3827258665404463,-1.312656019930306,-0.855329416224931,1.0095865877920833,-1.0473418648892023,-0.9355388373871306,-1.3473949313279536,-1.1075976101231164
1.4885139109339978,-0.999707217092246,0.9962004831192838,-1.45434796035635,-1.4011380393344408,0.5432580658953174,1.6686315278175015,-0.8168534922721673,-1.1185771512825624,-1.413385131661416,-1.20057351687722
-1.473767561000502,-0.999707217092246,0.9962004831192838,-1.6334031948961094,-1.5559815732916773,1.2425518069554415,-0.699264451388868,-0.9244147328267837,-1.0270579943348466,-1.468376965272635,-1.3555333614673926
-1.473767561000502,1.0002928686546901,0.9962004831192838,0.0497160097776279,0.02563452355723747,-1.2049762867549931,0.44385774546937934,1.1960782952499385,0.8719645123302581,-0.25855662582581984,-0.6427180763525984
1.4885139109339978,-0.999707217092246,0.9962004831192838,0.26458229122533905,0.15835755266344012,1.2425518069554415,-1.2999868303500897,-0.7707558177487603,0.5745272522501814,0.6543078121204134,-0.6737100452706329
0.30360132216019775,1.0002928686546901,0.9962004831192838,1.3389136984638947,1.4855878437254666,-0.15603567516480676,1.0270833561113422,-0.3558767470380973,0.002532521326957207,1.8531297848449848,1.4337438411557153
0.30360132216019775,1.0002928686546901,-1.0038140082695195,-0.9529933036450241,-0.7817639035054953,-0.855329416224931,0.18140622068049606,-0.3712426385458996,-0.4779430526485512,-0.6654961945488395,-0.8286698898608056
0.30360132216019775,1.0002928686546901,-1.0038140082695195,-0.9529933036450241,-0.7264626413779108,-0.5056825456948688,0.496348050427156,-0.6324627941785393,-0.592341998833196,-0.984448829493909,-1.0456136722870473
-0.8813112666136022,1.0002928686546901,0.9962004831192838,1.016614276292328,0.4348638633013623,-1.554623157285055,-0.03438725525703022,2.0412023281790668,1.6498773463858432,1.2042261482326022,0.8758884006310937
0.30360132216019775,-0.999707217092246,-1.0038140082695195,-1.3111037727245427,-1.312656019930306,-1.554623157285055,0.3097158550217279,-1.1395372139360163,-0.660981366543983,-1.281404730994491,-0.9526377655329437
1.4885139109339978,-0.999707217092246,-1.0038140082695195,0.6226927603048575,0.45698436815239607,-0.855329416224931,1.5519864056891088,0.7043697670002638,-1.1185771512825624,0.8522784131208014,1.2477920276475083
0.8960576165470977,1.0002928686546901,-1.0038140082695195,0.6226927603048575,0.9989367370027235,1.2425518069554415,-1.4574577452234196,1.7338844980230201,-1.1414569405194912,0.07139437584149341,1.3717599033196464
0.8960576165470977,1.0002928686546901,-1.0038140082695195,-1.0962374912768316,-1.1467522335475524,-0.5056825456948688,-1.7315737822251422,-0.9244147328267837,-0.9584186266240595,-1.226412897383272,-0.735693983106702
0.8960576165470977,-0.999707217092246,0.9962004831192838,-0.057717130946227664,-0.2619320395062016,-1.554623157285055,0.5371738431720934,-1.124171322428214,-0.020347267909971763,-0.04958765810318811,0.6279526492868175
0.30360132216019775,-0.999707217092246,0.9962004831192838,-0.38001655311779436,-0.05178724342138073,-0.5056825456948688,-1.2999868303500897,-0.6939263602097486,0.2770899921701048,-0.6874929279933271,-0.2398224804181494
0.30360132216019775,-0.999707217092246,-1.0038140082695195,0.6585038072128094,0.8440932030454871,0.8929049364253795,-0.09854207242764615,1.5648596914371944,-0.638101577307054,0.918268613454264,-0.17783854258208034
0.8960576165470977,-0.999707217092246,-1.0038140082695195,-0.8813712098291203,-0.7375228938034277,-1.2049762867549931,1.0270833561113422,-1.0627077563970047,-0.27202494951619044,-0.5225174271596704,-0.735693983106702
0.8960576165470977,1.0002928686546901,0.9962004831192838,-1.3111037727245427,-1.301595767504789,0.5432580658953174,1.37701872249652,-0.6785604687019463,-1.1185771512825624,-1.2154145306610282,-0.8906538276968746
0.8960576165470977,1.0002928686546901,0.9962004831192838,0.6585038072128094,0.3463818438972272,1.2425518069554415,0.6771479897261645,0.10509999819597271,-1.0041782050979176,-0.016592557936456784,0.7829124938769902
0.30360132216019775,1.0002928686546901,0.9962004831192838,0.9091811355684725,1.242262290364095,0.5432580658953174,1.5636509179019482,0.258758913273996,-0.9812984158609885,1.40219674923299,0.7519205249589557
-0.2888549722267022,-0.999707217092246,-1.0038140082695195,0.013904962869676045,-0.46101658316550553,0.5432580658953174,-1.6149286600967496,0.059002323672565714,-0.4779430526485512,-0.4895223269929391,0.2870409911884377
-0.8813112666136022,1.0002928686546901,-1.0038140082695195,1.3747247453718465,1.4634673388744328,-0.855329416224931,0.6421544530876467,2.1641294602414853,0.11693146751160206,1.215224514954846,0.9068803695491283
-0.2888549722267022,-0.999707217092246,0.9962004831192838,1.3031026515559427,1.242262290364095,-1.554623157285055,1.0445801244306012,0.1511976727193797,-0.592341998833196,1.5011820497331843,1.6506876235819572
-1.473767561000502,-0.999707217092246,0.9962004831192838,-1.3827258665404463,-1.3237162723558227,1.2425518069554415,-0.7342579880273857,-0.8322193837799696,-1.0041782050979176,-1.4023867649391724,-1.1695815479591853
-1.473767561000502,-0.999707217092246,-1.0038140082695195,-1.1678595850927351,-1.0361497092923837,1.2425518069554415,-1.4632900013298393,-0.709292251717551,-0.9812984158609885,-0.9294569958826902,-1.2315654857952545
0.30360132216019775,1.0002928686546901,0.9962004831192838,-1.705025288712013,-1.6223430878447787,-0.855329416224931,1.6161412228597247,-1.1088054309204116,-1.1185771512825624,-1.5453655323283415,-1.4485092682214962
-1.473767561000502,-0.999707217092246,0.9962004831192838,-1.5617811010802056,-1.4785598063130592,0.19361119536525534,-1.1600126837960185,-0.9244147328267837,-0.8897792589132726,-1.42438349838366,-1.4485092682214962
-0.2888549722267022,1.0002928686546901,0.9962004831192838,1.1598584639241354,0.6007676496841156,0.19361119536525534,0.7587995752160394,2.287056592303904,0.917724090804116,1.7871395845115223,1.061840214139301
0.30360132216019775,-0.999707217092246,0.9962004831192838,1.0524253232002798,1.2312020379385782,0.19361119536525534,-0.7167612197081268,2.1794953517492877,0.3686091491178207,0.13738457617495606,1.2477920276475083
-0.8813112666136022,1.0002928686546901,-1.0038140082695195,1.732835214451365,0.6118279021096324,1.5921986774855037,1.2953671370066453,0.7965651160470777,0.7346857769086843,2.524030154901855,1.8986233749262333
-0.8813112666136022,-0.999707217092246,-1.0038140082695195,0.6585038072128094,0.8109124457689364,1.2425518069554415,-1.1425159154767597,-1.0319759733814,0.7804453553825422,0.19237640978617493,0.4110088668605758
0.30360132216019775,1.0002928686546901,0.9962004831192838,0.6943148541207613,1.2090815330875444,1.2425518069554415,0.5255093309592541,1.4880302338981828,0.16269104598546,0.5883176117869509,0.2870409911884377
0.8960576165470977,-0.999707217092246,0.9962004831192838,1.482157886095702,1.5740698631296015,0.5432580658953174,-0.477638719344922,-0.4019744215615043,-1.1414569405194912,2.0181052856786414,1.588703685745888
-1.473767561000502,1.0002928686546901,-1.0038140082695195,0.515259619581002,1.054237999130308,-0.855329416224931,-0.26184524340739573,-0.7400240347331556,-0.8897792589132726,0.8302816796763138,1.4337438411557153
-0.2888549722267022,1.0002928686546901,0.9962004831192838,1.016614276292328,0.8109124457689364,-0.855329416224931,-0.16269688959826206,0.08973410668817038,0.07117188903774412,0.30236007700861267,0.9688643073851974
-1.473767561000502,1.0002928686546901,0.9962004831192838,-0.6306938814734574,-0.8260049132075628,0.19361119536525534,1.0270833561113422,0.10509999819597271,-0.660981366543983,-0.8524684288269837,-0.2398224804181494
-1.473767561000502,-0.999707217092246,-1.0038140082695195,0.7301259010287131,0.02563452355723747,1.2425518069554415,0.6304899408748075,0.4277837198598217,1.3295602970688374,0.48933231128675686,0.2560490222704031
0.8960576165470977,1.0002928686546901,0.9962004831192838,-0.3442055062098425,-0.6158601171227419,-0.15603567516480676,-0.4543096949192435,0.673637983984659,0.4830080953024656,-0.11557785843665076,-0.02287869799190768
-0.8813112666136022,1.0002928686546901,0.9962004831192838,1.0882363701082318,1.3749853194702977,0.8929049364253795,-0.9383869517520728,-1.0012441903657954,1.2609209293580506,1.8751265182894723,0.9378723384671629
-0.2888549722267022,1.0002928686546901,0.9962004831192838,-0.9888043505529759,-0.7817639035054953,-1.554623157285055,-0.5534580487283772,-0.8783170583033766,-0.4321834741746932,-1.1604226970498093,-0.5807341385165293
-1.473767561000502,-0.999707217092246,-1.0038140082695195,-0.3442055062098425,-0.0849680006979314,-1.2049762867549931,1.4295090274542968,-0.7400240347331556,0.2313304136962469,-0.5775092607708893,-0.2398224804181494
1.4885139109339978,1.0002928686546901,-1.0038140082695195,0.6943148541207613,0.7334906787903183,-1.2049762867549931,0.1872384767869157,0.08973410668817038,0.4830080953024656,-0.060586024825431885,1.5577117168278536
-1.473767561000502,1.0002928686546901,0.9962004831192838,-0.30839445930189063,-0.6932818841013602,0.5432580658953174,1.1495607343461545,-0.6939263602097486,-0.7753803127286277,-0.20356479221460097,-0.053870666909942216
1.4885139109339978,1.0002928686546901,-1.0038140082695195,1.6612131206354614,2.414649047468885,0.5432580658953174,-0.8159095735172606,3.2551077572954514,2.954025332890794,0.8412800463985577,0.19406508443433404
1.4885139109339978,1.0002928686546901,-1.0038140082695195,1.482157886095702,1.4192263291723652,-0.5056825456948688,-0.4193161582807257,1.7185186065152178,0.6202868307240395,1.017253913954458,0.4420008357786103
-0.8813112666136022,1.0002928686546901,-1.0038140082695195,-0.9888043505529759,-0.9476676898882486,1.2425518069554415,-0.5009677437706005,-0.4480720960849113,-0.9355388373871306,-0.6764945612710833,-1.0456136722870473
1.4885139109339978,1.0002928686546901,-1.0038140082695195,-0.23677236548598696,-0.029666738570346962,-1.2049762867549931,1.5519864056891088,0.10509999819597271,0.2770899921701048,-0.02759092465870056,-0.45676626284439115
-0.8813112666136022,-0.999707217092246,-1.0038140082695195,1.4463468391877503,2.0828414747033785,0.19361119536525534,0.42636097715012045,0.16656356422718205,-0.7753803127286277,1.9301183519006913,1.1858080898114391
-0.8813112666136022,-0.999707217092246,-1.0038140082695195,1.4463468391877503,1.6514916301082199,0.5432580658953174,1.6977928083495997,1.5802255829449967,1.695636924859701,1.9081216184562035,0.7829124938769902
-0.8813112666136022,-0.999707217092246,0.9962004831192838,-0.38001655311779436,-0.5605588549951576,0.8929049364253795,-0.8625676223686175,-0.07929069989765529,-0.24914516027926148,-0.09358112499216321,-0.332798387172253
0.30360132216019775,1.0002928686546901,0.9962004831192838,-0.3442055062098425,-0.14026926282551583,1.5921986774855037,-1.2591610376051523,-0.8629511667955743,-0.615221788070125,0.07139437584149341,-0.36379035609028754
-1.473767561000502,-0.999707217092246,0.9962004831192838,1.0882363701082318,0.26896007691860896,0.8929049364253795,-1.2533287814987326,1.1807124037421362,1.9015550279920617,1.8201346846782536,1.6196956546639225
-0.8813112666136022,1.0002928686546901,0.9962004831192838,1.5895910268195577,1.0210572418537573,0.5432580658953174,0.5663351237041916,2.7633992290457767,0.3914889383547497,1.5781706167888905,0.4110088668605758
0.30360132216019775,1.0002928686546901,-1.0038140082695195,-1.705025288712013,-1.5891623305682279,-1.554623157285055,-0.8217418296236801,-1.078073647904807,-1.1414569405194912,-1.5453655323283415,-1.4795012371395309
-0.2888549722267022,-0.999707217092246,-1.0038140082695195,-1.45434796035635,-1.4564393014620254,-0.15603567516480676,-1.358309391414286,-0.9705124073501906,-1.0499377835717754,-1.3143998311612222,-1.1385895790411509
-0.2888549722267022,1.0002928686546901,0.9962004831192838,-1.0604264443688796,-0.9144869326116979,-1.554623157285055,-0.19185817013036022,-1.0473418648892023,-0.7982601019655567,-0.7754798617712773,-1.2315654857952545
1.4885139109339978,1.0002928686546901,0.9962004831192838,1.5537799799116059,1.2643827952151288,1.5921986774855037,1.0037543316856636,0.4124178283520194,1.741396503333559,2.3920497542349297,2.0845751884344406
-0.2888549722267022,-0.999707217092246,0.9962004831192838,-0.9529933036450241,-0.8481254180585965,-1.2049762867549931,1.4703348201992341,-0.6785604687019463,-0.9812984158609885,-1.0504390298273716,-0.797677920942771
-0.2888549722267022,1.0002928686546901,0.9962004831192838,0.12133810359353162,-0.40571532103792113,-0.855329416224931,1.4120122591350377,-0.11002248291325996,-1.1185771512825624,-0.44552886010396403,0.5039847736146794
0.8960576165470977,1.0002928686546901,0.9962004831192838,1.482157886095702,1.253322542789612,-0.855329416224931,0.3680384160859242,-1.0012441903657954,-1.0499377835717754,1.2922130820105524,0.10108917768023046
-0.2888549722267022,-0.999707217092246,-1.0038140082695195,-0.6306938814734574,-0.9255471850372148,0.5432580658953174,-1.6440899406288478,-0.6324627941785393,-1.0728175728087044,-0.37953865977050133,-0.42577429392635663
1.4885139109339978,-0.999707217092246,-1.0038140082695195,-0.5948828345655055,-0.2287512822296509,1.5921986774855037,-0.4193161582807257,-1.0166100818735977,-0.11186642485768765,-0.7204880281600584,-0.3018064182542185
-0.8813112666136022,-0.999707217092246,0.9962004831192838,-1.239481678908639,-1.1356919811220356,0.8929049364253795,-0.6526064025375109,-0.4941697706083183,-0.8897792589132726,-1.2374112641055157,-0.9216457966149092
0.30360132216019775,-0.999707217092246,-1.0038140082695195,-1.3111037727245427,-1.2573547578027213,-0.5056825456948688,1.4061800030286182,-0.893682949811179,-1.0956973620456334,-1.083434129994103,-1.0766056412050817
0.30360132216019775,-0.999707217092246,0.9962004831192838,-1.4901590072643018,-1.4121982917599578,-0.15603567516480676,-0.6409418903246716,-1.0319759733814,-1.1414569405194912,-1.3583932980501974,-1.3865253303854272
0.8960576165470977,1.0002928686546901,0.9962004831192838,0.26458229122533905,-0.20663077737861715,0.5432580658953174,0.8346189045994945,1.319005427312357,0.9863634585149029,0.12638620945271228,0.6279526492868175
0.30360132216019775,1.0002928686546901,0.9962004831192838,0.6943148541207613,0.11411654296137257,-0.855329416224931,-1.2883223181372505,1.918275196116648,1.741396503333559,0.5663208783424633,0.16307311551629952
0.30360132216019775,1.0002928686546901,-1.0038140082695195,0.3720154319491946,-0.04072699099586385,-0.15603567516480676,-0.6234451220054128,-0.1253883744210623,-0.3406643172269774,0.30236007700861267,0.3490249290245067
-1.473767561000502,1.0002928686546901,0.9962004831192838,0.15714915050148345,0.12517679538688944,-0.15603567516480676,0.7296382946839411,0.673637983984659,-0.7982601019655567,-0.3575419263260138,0.38001689794254123
1.4885139109339978,1.0002928686546901,-1.0038140082695195,0.515259619581002,0.8993944651730715,0.19361119536525534,1.1145671977076368,-1.0627077563970047,1.0778826154626189,0.03839927567476209,1.4027518722376808
1.4885139109339978,1.0002928686546901,-1.0038140082695195,1.2314805577400392,1.7842146592144223,0.19361119536525534,-1.2883223181372505,2.1333976772258807,1.8557954495182039,1.6771559172890846,1.1858080898114391
-0.8813112666136022,1.0002928686546901,0.9962004831192838,-0.1293392247621314,0.0919960381103388,0.5432580658953174,-1.1250191471575008,-0.5402674451317253,0.07117188903774412,-0.09358112499216321,-0.5187502006804602
0.8960576165470977,1.0002928686546901,-1.0038140082695195,-1.239481678908639,-0.9919086995903161,1.2425518069554415,-0.26184524340739573,-0.663194577194144,-0.9584186266240595,-1.0614373965496153,-1.20057351687722
0.8960576165470977,1.0002928686546901,-1.0038140082695195,-0.5948828345655055,-0.51631784529309,0.8929049364253795,-0.3260000605780117,-0.6785604687019463,-0.11186642485768765,-0.44552886010396403,-0.14684657366404583
0.30360132216019775,1.0002928686546901,-1.0038140082695195,1.5179689330036539,2.3704080377668175,-0.855329416224931,-0.9792127444970101,2.2255930262726946,2.198992288072138,1.9521150853451787,1.1858080898114391
0.8960576165470977,-0.999707217092246,-1.0038140082695195,-0.1293392247621314,-0.5273780977186069,-0.855329416224931,-1.3174835986693487,-0.11002248291325996,0.8262049338564001,-0.09358112499216321,0.13208114659826498
1.4885139109339978,-0.999707217092246,-1.0038140082695195,-1.4901590072643018,-1.4232585441854746,0.8929049364253795,-0.05188402357628911,-0.9705124073501906,-0.7982601019655567,-1.4353818651059038,-1.262557454713289
0.30360132216019775,-0.999707217092246,0.9962004831192838,-0.6665049283814092,-0.8591856704841134,-1.554623157285055,-0.3260000605780117,-0.6017310111629346,-0.11186642485768765,-0.43453049338172023,-0.11585460474601128
-1.473767561000502,-0.999707217092246,-1.0038140082695195,-0.5232607407496018,-0.317233301633786,-1.554623157285055,-1.7432382944379816,-0.3558767470380973,-0.4550632634116222,-0.09358112499216321,0.13208114659826498
0.30360132216019775,1.0002928686546901,0.9962004831192838,0.12133810359353162,0.18047805751447388,0.8929049364253795,-0.28517426783307426,0.48924728589103106,0.3228495706439628,-0.1925664254923572,0.6279526492868175
1.4885139109339978,1.0002928686546901,0.9962004831192838,-0.38001655311779436,0.036694775982754356,0.19361119536525534,-0.477638719344922,-1.1549031054438186,-1.0041782050979176,-0.33554519288152623,-0.45676626284439115
-0.8813112666136022,1.0002928686546901,0.9962004831192838,-1.5617811010802056,-1.4785598063130592,0.8929049364253795,0.24556103785111197,-0.8322193837799696,-1.0499377835717754,-1.4903736987171226,-1.262557454713289
-1.473767561000502,1.0002928686546901,0.9962004831192838,1.1240474170161836,1.8063351640654561,-0.5056825456948688,-1.1425159154767597,0.6121744179534497,0.8719645123302581,0.4233421109532942,0.3490249290245067
1.4885139109339978,1.0002928686546901,0.9962004831192838,-0.738127022197313,-0.9476676898882486,0.8929049364253795,-0.7984128051980016,-0.3097790725146903,-0.3406643172269774,-0.6654961945488395,-0.42577429392635663
1.4885139109339978,-0.999707217092246,-1.0038140082695195,0.8733700886605206,0.06987553325930501,1.2425518069554415,-0.8217418296236801,0.04363643216476338,0.34572935988089176,0.7972865795095826,1.061840214139301
1.4885139109339978,1.0002928686546901,-1.0038140082695195,-1.45434796035635,-1.4232585441854746,0.8929049364253795,-1.025870793348367,-0.893682949811179,-0.9812984158609885,-1.3473949313279536,-1.1075976101231164
-0.8813112666136022,-0.999707217092246,0.9962004831192838,1.6612131206354614,2.2929862707881994,-1.554623157285055,0.700477014151843,1.8568116300854387,0.5974070414871104,0.5773192450647071,1.8366394370901644
0.30360132216019775,-0.999707217092246,-1.0038140082695195,-1.4185369134483983,-1.4453790490365084,-0.5056825456948688,0.8054576240673964,-0.709292251717551,-0.6838611557809119,-1.3913883982169286,-1.262557454713289
-0.8813112666136022,-0.999707217092246,-1.0038140082695195,-0.3442055062098425,-0.7485831462289446,1.5921986774855037,0.05309658633926421,-0.939780624334586,0.6889261984348263,-0.5665108940486455,-0.17783854258208034
-0.2888549722267022,-0.999707217092246,-1.0038140082695195,0.6226927603048575,0.8219726981944533,1.5921986774855037,-1.200838476540956,-0.8322193837799696,-0.638101577307054,0.5663208783424633,0.9998562763032319
1.4885139109339978,1.0002928686546901,-1.0038140082695195,-1.4185369134483983,-1.2462945053772045,1.5921986774855037,1.5111606129441715,-0.663194577194144,-0.8668994696763437,-1.2484096308277595,-1.20057351687722
0.30360132216019775,1.0002928686546901,-1.0038140082695195,-0.7739380691052647,-0.9587279423137655,1.2425518069554415,1.330360673645163,0.12046588970377504,-1.0041782050979176,-0.5225174271596704,-0.5497421695984948
-0.2888549722267022,-0.999707217092246,0.9962004831192838,-1.6334031948961094,-1.500680311164093,-1.2049762867549931,0.3738706721923438,-0.9551465158423883,-1.1185771512825624,-1.523368798883854,-1.324541392549358
1.4885139109339978,1.0002928686546901,-1.0038140082695195,1.2314805577400392,0.9104547175985884,0.8929049364253795,0.029767561913585695,2.7019356630145674,2.633708283573789,1.0282522806767018,-0.053870666909942216
1.4885139109339978,1.0002928686546901,-1.0038140082695195,0.5868817133969058,0.8883342127475546,1.2425518069554415,0.42636097715012045,-0.9090488413189813,0.3914889383547497,0.6213127119536822,0.13208114659826498
0.30360132216019775,1.0002928686546901,0.9962004831192838,0.3720154319491946,0.8440932030454871,1.2425518069554415,0.23972878174469234,1.4265666678669735,0.5287676737763235,0.48933231128675686,0.3180329601064722
0.30360132216019775,-0.999707217092246,-1.0038140082695195,-1.705025288712013,-1.6002225829937449,1.5921986774855037,0.7937931118545571,-1.0166100818735977,-1.0956973620456334,-1.567362265772829,-1.4175172993034617
1.4885139109339978,-0.999707217092246,0.9962004831192838,1.0882363701082318,1.8726966786185575,-0.855329416224931,1.3070316492194844,1.641689148976206,-0.7296207342547698,0.9842588137877267,0.47299280469664484
-0.8813112666136022,-0.999707217092246,-1.0038140082695195,-0.7739380691052647,-0.44995633073998864,1.5921986774855037,-0.7050967074952875,-0.5095356621161207,-0.4779430526485512,-0.7314863948823022,-0.6117261074345638
0.8960576165470977,-0.999707217092246,0.9962004831192838,-0.057717130946227664,0.21365881479102455,-0.855329416224931,0.07642561076494273,-0.9551465158423883,0.4601283060655366,0.47833394456451306,0.008113270926126851
1.4885139109339978,1.0002928686546901,-1.0038140082695195,-0.4158276000257462,-0.12920901039999894,-1.2049762867549931,0.6363221969812272,-1.0473418648892023,-0.7296207342547698,0.049397642397005864,0.07009720876219591
-0.2888549722267022,1.0002928686546901,-1.0038140082695195,0.5510706664889539,-0.11814875797448206,-1.554623157285055,-0.745922500240225,0.5046131773988334,1.4668390324904113,0.6103143452314383,0.3180329601064722
-0.8813112666136022,1.0002928686546901,0.9962004831192838,0.08552705668557975,-0.06284749584689762,1.5921986774855037,-0.5301290243026987,0.5660767434300428,-0.5008228418854801,0.2033747765084187,-0.11585460474601128
-1.473767561000502,1.0002928686546901,-1.0038140082695195,0.6585038072128094,0.9215149700241053,-1.554623157285055,0.12891591572271938,0.04363643216476338,0.5287676737763235,0.8742751465652889,1.3717599033196464
0.8960576165470977,-0.999707217092246,0.9962004831192838,-0.23677236548598696,0.13623704781240634,-0.855329416224931,-0.5009677437706005,-0.32514496402249266,0.5745272522501814,-0.22556152565908852,0.22505705335236859
1.4885139109339978,-0.999707217092246,-1.0038140082695195,-1.3111037727245427,-1.301595767504789,-0.855329416224931,0.5721673798106112,-0.8475852752877719,-1.0270579943348466,-1.1604226970498093,-1.0456136722870473
1.4885139109339978,1.0002928686546901,-1.0038140082695195,0.6226927603048575,1.065298251555825,-0.5056825456948688,0.12891591572271938,0.8426627905704848,1.9473146064659197,0.8962718800097765,-0.053870666909942216
-0.2888549722267022,-0.999707217092246,-1.0038140082695195,-0.48744969384164993,-0.19557052495310026,0.8929049364253795,-1.200838476540956,-0.17148604894446928,-1.0041782050979176,-0.10457949171440699,-0.45676626284439115
0.30360132216019775,-0.999707217092246,0.9962004831192838,1.4463468391877503,1.6514916301082199,0.5432580658953174,-0.20352268234319948,2.9324240356316023,0.5287676737763235,0.8302816796763138,0.9998562763032319
1.4885139109339978,-0.999707217092246,0.9962004831192838,-0.4516386469336981,-0.0849680006979314,-1.554623157285055,-1.4807867696490982,-0.6478286856863417,-0.9584186266240595,-0.2365598923813323,-0.08486263582797675
0.30360132216019775,-0.999707217092246,0.9962004831192838,1.4105357922797983,1.9832992028737264,0.8929049364253795,-0.8334063418365194,2.502179073413137,0.4601283060655366,1.1932277815103585,0.6589446182048521
0.8960576165470977,-0.999707217092246,-1.0038140082695195,1.1956695108320872,1.4966480961509834,0.5432580658953174,1.627805735072564,2.4407155073819276,0.7575655661456132,0.9622620803432391,1.12382415197537
-0.2888549722267022,-0.999707217092246,-1.0038140082695195,0.12133810359353162,-0.0739077482724145,-0.5056825456948688,-1.4574577452234196,0.5046131773988334,-0.043227057146900734,0.6543078121204134,0.5039847736146794
-0.8813112666136022,1.0002928686546901,-1.0038140082695195,0.6226927603048575,0.19153830993999077,0.19361119536525534,1.0504123805370207,0.9655899226329034,1.1922815616472637,0.9072702467320203,-0.17783854258208034
-0.2888549722267022,1.0002928686546901,-1.0038140082695195,0.22877124431738718,0.6781894166627338,-0.15603567516480676,-1.6090964039903302,-0.9090488413189813,1.4210794540165534,0.11538784273046851,0.03910523984416139
-1.473767561000502,1.0002928686546901,0.9962004831192838,-1.3827258665404463,-1.3679572820578902,0.5432580658953174,1.7094573205624388,-0.663194577194144,-1.1185771512825624,-1.3034014644389784,-1.0146217033690128
-1.473767561000502,1.0002928686546901,0.9962004831192838,1.267291604647991,0.5344061351310142,-0.15603567516480676,0.6129931725555486,2.7480333375379744,1.1465219831734057,1.7211493841780596,1.6506876235819572
-0.2888549722267022,-0.999707217092246,-1.0038140082695195,-1.705025288712013,-1.578102078142711,-0.5056825456948688,0.7937931118545571,-1.0319759733814,-1.0499377835717754,-1.6113557326618042,-1.5104932060575653
1.4885139109339978,1.0002928686546901,-1.0038140082695195,-1.4185369134483983,-1.202053495675137,-0.15603567516480676,-1.229999757073054,-0.663194577194144,-0.8211398912024858,-1.3034014644389784,-1.0456136722870473
0.8960576165470977,-0.999707217092246,-1.0038140082695195,1.3031026515559427,0.5122856302799805,0.5432580658953174,0.6771479897261645,0.9194922481094964,1.9244348172289907,1.8531297848449848,1.0928321830573355
-0.8813112666136022,-0.999707217092246,-1.0038140082695195,0.22877124431738718,-0.3061730492082691,0.5432580658953174,-1.183341708221697,-0.32514496402249266,0.5745272522501814,0.2693649768418814,0.19406508443433404
0.8960576165470977,-0.999707217092246,-1.0038140082695195,-0.09352817785417952,-0.4831370880165393,0.19361119536525534,1.3653542102836806,-0.6939263602097486,-0.2262653710423325,0.13738457617495606,0.6589446182048521
0.8960576165470977,-0.999707217092246,-1.0038140082695195,0.0497160097776279,-0.2508717870806847,0.8929049364253795,1.283702624793806,-0.6324627941785393,-0.20338558180540353,0.18137804306393115,0.7829124938769902
-0.8813112666136022,1.0002928686546901,-1.0038140082695195,-1.4901590072643018,-1.290535515079272,1.2425518069554415,-1.1891739643281167,-0.7707558177487603,-0.9584186266240595,-1.3363965646057097,-1.1385895790411509
-1.473767561000502,-0.999707217092246,-1.0038140082695195,0.8733700886605206,0.0809357856848219,-1.554623157285055,-0.3726581094293687,1.5341279084215897,0.16269104598546,0.9292669801765079,-0.14684657366404583
0.30360132216019775,-0.999707217092246,-1.0038140082695195,-0.8813712098291203,-0.9808484471647992,-0.15603567516480676,1.0737414049626992,-0.15612015743666696,-0.592341998833196,-0.9514537293271776,-0.735693983106702
-0.2888549722267022,1.0002928686546901,0.9962004831192838,-0.8813712098291203,-0.8370651656330796,-0.15603567516480676,-1.1600126837960185,-0.11002248291325996,-0.5008228418854801,-0.5555125273264018,-0.5497421695984948
0.8960576165470977,-0.999707217092246,-1.0038140082695195,0.22877124431738718,-0.04072699099586385,0.8929049364253795,0.5721673798106112,1.042419380171915,0.6431666199609684,-0.24755825910357607,0.4110088668605758
-1.473767561000502,-0.999707217092246,0.9962004831192838,-0.9888043505529759,-1.1356919811220356,0.19361119536525534,-1.107522378838242,-0.6478286856863417,-0.592341998833196,-1.1494243303275655,-0.5497421695984948
0.30360132216019775,-0.999707217092246,-1.0038140082695195,-1.6692142418040612,-1.5449213208661605,0.19361119536525534,1.5286573812634303,-1.124171322428214,-1.0041782050979176,-1.5453655323283415,-1.4795012371395309
-0.8813112666136022,-0.999707217092246,-1.0038140082695195,1.1956695108320872,1.0874187564068585,0.19361119536525534,0.5546706114913523,-0.340510855530295,2.2676316557829255,0.8632767798430452,0.8448964317130593
0.30360132216019775,1.0002928686546901,0.9962004831192838,0.19296019740943532,0.6339484069606662,0.5432580658953174,0.292219086702469,-0.5402674451317253,1.3066805078319086,-0.2365598923813323,0.9998562763032319
0.30360132216019775,-0.999707217092246,-1.0038140082695195,-1.0962374912768316,-1.2131137481006538,-0.855329416224931,1.3536896980708415,-0.9551465158423883,-0.7525005234916988,-0.9074602624382025,-1.1695815479591853
1.4885139109339978,1.0002928686546901,-1.0038140082695195,1.4105357922797983,0.9657559797261728,0.19361119536525534,0.34470939166024567,-0.27904728949908564,-0.08898663562075868,1.8641281515672286,0.3490249290245067
-1.473767561000502,1.0002928686546901,-1.0038140082695195,1.016614276292328,1.2201417855130612,1.2425518069554415,1.4353412835607162,1.0270534886641127,2.2218720773090674,1.3472049156217714,0.4110088668605758
-1.473767561000502,1.0002928686546901,-1.0038140082695195,1.2314805577400392,2.0717812222778615,-1.2049762867549931,0.3855351844051831,0.1511976727193797,1.7871560818074168,0.30236007700861267,-0.14684657366404583
-1.473767561000502,1.0002928686546901,-1.0038140082695195,1.4463468391877503,1.6514916301082199,-0.5056825456948688,-1.6149286600967496,2.870960469600393,1.0321230369887608,0.40134537750880667,0.2870409911884377
0.8960576165470977,1.0002928686546901,-1.0038140082695195,-0.30839445930189063,0.036694775982754356,1.2425518069554415,1.1378962221333153,-0.03319302537424829,-0.9812984158609885,-0.1925664254923572,-0.85966185877884
-0.2888549722267022,-0.999707217092246,0.9962004831192838,-1.239481678908639,-1.2573547578027213,0.19361119536525534,-0.3901548777486276,-0.663194577194144,-0.8211398912024858,-1.072435763271859,-1.20057351687722
0.30360132216019775,1.0002928686546901,0.9962004831192838,0.15714915050148345,0.45698436815239607,-0.15603567516480676,-1.4866190257555179,1.0577852716797174,-0.8440196804394147,-0.30255009271479494,0.5039847736146794
-0.2888549722267022,-0.999707217092246,0.9962004831192838,-0.38001655311779436,-0.7264626413779108,-1.2049762867549931,1.4470057957735556,0.4124178283520194,-0.5237026311224091,-0.09358112499216321,-0.797677920942771
0.8960576165470977,-0.999707217092246,0.9962004831192838,1.6612131206354614,2.00541970772476,0.19361119536525534,1.079573661069119,1.088517054695322,2.473549758915286,2.5020334214573676,0.47299280469664484
-0.2888549722267022,1.0002928686546901,0.9962004831192838,0.4436375257650983,0.3242613390461934,-0.855329416224931,0.4205287210437008,0.059002323672565714,0.7346857769086843,-0.21456315893684474,0.13208114659826498
-0.2888549722267022,-0.999707217092246,0.9962004831192838,-1.4901590072643018,-1.290535515079272,-0.855329416224931,0.9570962828343067,-0.801487600764365,-1.0728175728087044,-1.4463802318281476,-1.3555333614673926
0.30360132216019775,1.0002928686546901,-1.0038140082695195,1.4105357922797983,0.6892496690882507,-0.5056825456948688,-0.6001160975797343,1.365103101835764,0.5287676737763235,1.8311330514004973,2.3325109397787167
0.8960576165470977,1.0002928686546901,-1.0038140082695195,0.8733700886605206,0.744550931215835,-1.554623157285055,-0.08104530410838726,-0.11002248291325996,1.6498773463858432,1.358203282344015,0.9688643073851974
0.8960576165470977,1.0002928686546901,0.9962004831192838,-0.5232607407496018,-0.3061730492082691,1.2425518069554415,-0.6117806097925735,-0.340510855530295,-1.1185771512825624,-0.544514160604158,-0.9526377655329437
-1.473767561000502,1.0002928686546901,0.9962004831192838,-1.705025288712013,-1.5559815732916773,-1.554623157285055,-0.681767683069609,-1.124171322428214,-1.1185771512825624,-1.5453655323283415,-1.4175172993034617
1.4885139109339978,-0.999707217092246,0.9962004831192838,0.26458229122533905,-0.2398115346551678,-0.5056825456948688,1.4703348201992341,-0.1253883744210623,0.8490847230933292,0.2803633435641251,-0.2708144493361839
0.30360132216019775,1.0002928686546901,0.9962004831192838,-0.38001655311779436,-0.39465506861240424,-0.855329416224931,-0.3493290850036902,-0.24831550648348097,-0.5465824203593381,-0.33554519288152623,-0.08486263582797675
1.4885139109339978,-0.999707217092246,-1.0038140082695195,-1.4901590072643018,-1.4232585441854746,0.8929049364253795,-0.3143355483651724,-1.1395372139360163,-1.0956973620456334,-1.3693916647724411,-1.2935494236313236
0.30360132216019775,-0.999707217092246,0.9962004831192838,0.3720154319491946,0.7113701739392845,0.8929049364253795,-0.996709512816269,-0.709292251717551,0.25421020293317587,-0.00559419121421301,0.6899365871228866
-0.8813112666136022,1.0002928686546901,0.9962004831192838,-1.6334031948961094,-1.5228008160151267,-0.15603567516480676,1.656967015604662,-1.0166100818735977,-1.1414569405194912,-1.4793753319948788,-1.4485092682214962
0.30360132216019775,-0.999707217092246,0.9962004831192838,1.6970241675434132,1.441346834023399,0.19361119536525534,0.7121415263646823,1.27290775278895,0.34572935988089176,0.7422947458983636,1.4337438411557153
0.8960576165470977,-0.999707217092246,-1.0038140082695195,-1.3827258665404463,-1.312656019930306,-1.554623157285055,-0.20352268234319948,-0.8168534922721673,-1.0270579943348466,-1.1494243303275655,-1.20057351687722
0.30360132216019775,1.0002928686546901,-1.0038140082695195,0.6585038072128094,1.352864814619264,-1.2049762867549931,-1.1250191471575008,0.4124178283520194,0.34572935988089176,0.9622620803432391,0.10108917768023046
0.30360132216019775,1.0002928686546901,-1.0038140082695195,0.4794485726730502,-0.0849680006979314,-0.15603567516480676,-0.3085032922587528,0.47388139438322874,1.1465219831734057,0.6653061788426573,0.03910523984416139
1.4885139109339978,1.0002928686546901,0.9962004831192838,1.482157886095702,0.9325752224496222,0.19361119536525534,0.3330448794474064,-0.939780624334586,1.4210794540165534,2.3370579206237108,-0.02287869799190768
0.30360132216019775,-0.999707217092246,-1.0038140082695195,0.3720154319491946,0.9768162321516897,1.2425518069554415,0.6946447580454234,-0.524901553623923,-0.36354410646390634,0.1593813096194436,0.5659687114507485
0.30360132216019775,1.0002928686546901,0.9962004831192838,0.12133810359353162,-0.09602825312344829,-1.2049762867549931,-0.022722743044190967,-0.524901553623923,-0.5008228418854801,0.4563372111200255,-0.02287869799190768
-0.8813112666136022,-0.999707217092246,0.9962004831192838,-0.1293392247621314,-0.04072699099586385,-0.855329416224931,0.36220615997950456,0.1511976727193797,0.2313304136962469,-0.17056969204786962,0.4420008357786103
0.30360132216019775,-0.999707217092246,0.9962004831192838,1.5179689330036539,1.2090815330875444,0.5432580658953174,0.2163997573190138,-0.43270620457710895,2.5421891266260728,2.128088952901079,2.053583219516406
-0.8813112666136022,1.0002928686546901,-1.0038140082695195,-1.0246153974609278,-1.1246317286965188,-1.554623157285055,0.9104382339829497,-0.9858782988579929,-0.569462209596267,-0.9294569958826902,-0.5497421695984948
-0.8813112666136022,1.0002928686546901,0.9962004831192838,1.6612131206354614,1.054237999130308,0.5432580658953174,0.006438537487907179,0.9348581396172987,2.0617135526505646,2.238072620123517,0.5349767425327139
1.4885139109339978,-0.999707217092246,0.9962004831192838,0.8017479948446169,0.6450086593861831,0.5432580658953174,0.9337672584086282,1.2268100782655431,0.6889261984348263,0.5663208783424633,1.8056474681721297
-0.8813112666136022,-0.999707217092246,-1.0038140082695195,-0.9171822567370722,-0.8370651656330796,1.5921986774855037,1.6861282961367603,-0.017827133866445955,-0.18050579256847454,-0.9624520960494214,-0.9526377655329437
1.4885139109339978,1.0002928686546901,0.9962004831192838,0.515259619581002,0.4127433584503285,0.19361119536525534,-1.0025417689226885,-0.3712426385458996,-0.7067409450178409,0.335355177175344,0.8758884006310937
1.4885139109339978,1.0002928686546901,-1.0038140082695195,1.6970241675434132,1.2643827952151288,0.19361119536525534,0.37970292829876345,-0.3558767470380973,-0.4779430526485512,0.8082849462318263,2.8283824424672694
0.8960576165470977,1.0002928686546901,0.9962004831192838,0.0497160097776279,-0.3282935540593029,-1.554623157285055,0.018103049700746436,0.4277837198598217,-0.9584186266240595,0.5883176117869509,0.8448964317130593
0.8960576165470977,1.0002928686546901,0.9962004831192838,0.5868817133969058,0.35744209632274404,-0.15603567516480676,-1.3291481108821879,-0.8629511667955743,-0.8211398912024858,0.06039600911924964,-0.17783854258208034
0.30360132216019775,1.0002928686546901,-1.0038140082695195,0.6585038072128094,0.36850234874826093,-0.855329416224931,-1.3933029280528038,0.9963217056485081,-1.1414569405194912,0.40134537750880667,1.4337438411557153
0.8960576165470977,-0.999707217092246,0.9962004831192838,-1.5617811010802056,-1.379017534483407,0.8929049364253795,-0.09270981632122652,-0.9858782988579929,-0.8668994696763437,-1.5123704321616103,-1.4485092682214962
0.8960576165470977,1.0002928686546901,0.9962004831192838,-0.7023159752893611,-0.7264626413779108,0.5432580658953174,-1.0025417689226885,-0.6785604687019463,-0.27202494951619044,-0.5775092607708893,-0.3947823250083221
-0.8813112666136022,1.0002928686546901,0.9962004831192838,1.3747247453718465,1.8616364261930407,0.8929049364253795,0.653818965300486,-0.4941697706083183,-0.8668994696763437,0.7642914793428512,0.07009720876219591
0.30360132216019775,1.0002928686546901,-1.0038140082695195,1.5895910268195577,0.5786471448330818,0.5432580658953174,-1.2999868303500897,-0.801487600764365,0.3686091491178207,1.1822294147881147,1.061840214139301
-0.2888549722267022,-0.999707217092246,-1.0038140082695195,-0.738127022197313,-0.903426680186181,-1.2049762867549931,-0.06354853578912836,-0.340510855530295,-0.36354410646390634,-0.3575419263260138,-0.48775823176242566
-1.473767561000502,-0.999707217092246,0.9962004831192838,-1.4901590072643018,-1.4343187966109916,0.8929049364253795,-0.19185817013036022,-1.1395372139360163,-0.9812984158609885,-1.4463802318281476,-1.3555333614673926
1.4885139109339978,-0.999707217092246,-1.0038140082695195,1.5179689330036539,2.0828414747033785,-0.855329416224931,0.8346189045994945,-0.5095356621161207,-1.0041782050979176,1.941116718622935,0.9998562763032319
-1.473767561000502,-0.999707217092246,-1.0038140082695195,-0.8813712098291203,-1.1135714762710018,0.5432580658953174,0.46135451378863823,-1.078073647904807,-0.8668994696763437,-1.0064455629383966,-0.5807341385165293
-0.8813112666136022,1.0002928686546901,0.9962004831192838,0.6226927603048575,0.20259856236550766,-1.554623157285055,0.8462834168123338,1.2268100782655431,-0.24914516027926148,0.9402653468987516,-0.45676626284439115
-0.2888549722267022,-0.999707217092246,-1.0038140082695195,0.5510706664889539,0.8883342127475546,0.8929049364253795,-0.2560129873009761,0.3663201538286124,0.34572935988089176,0.8962718800097765,-0.5187502006804602
0.30360132216019775,1.0002928686546901,0.9962004831192838,0.7301259010287131,1.131659766108926,-0.15603567516480676,0.7354705507903608,2.010470545163462,0.07117188903774412,0.09339110928598096,1.12382415197537
0.8960576165470977,1.0002928686546901,0.9962004831192838,1.0524253232002798,1.8063351640654561,0.8929049364253795,0.9570962828343067,1.134614729218729,0.8719645123302581,0.2693649768418814,1.2168000587294736
-0.8813112666136022,-0.999707217092246,0.9962004831192838,-1.0604264443688796,-0.8702459229096303,0.8929049364253795,1.3245284175387433,-0.9090488413189813,-0.3406643172269774,-0.8194733286602524,-1.1075976101231164
0.8960576165470977,-0.999707217092246,0.9962004831192838,-1.0604264443688796,-0.8260049132075628,-0.5056825456948688,-0.6176128658989931,-0.4941697706083183,-1.0499377835717754,-1.182419430494297,-1.1385895790411509
-1.473767561000502,1.0002928686546901,0.9962004831192838,-0.38001655311779436,-0.46101658316550553,-0.5056825456948688,1.1670575026654133,-0.47880387910051597,0.25421020293317587,-0.04958765810318811,-0.2398224804181494
0.30360132216019775,-0.999707217092246,0.9962004831192838,1.6970241675434132,1.4634673388744328,0.19361119536525534,-0.6526064025375109,0.21266123875058904,2.3820306019675703,1.7211493841780596,1.8986233749262333
1.4885139109339978,-0.999707217092246,-1.0038140082695195,0.4436375257650983,0.8109124457689364,1.2425518069554415,0.17557396457407642,-1.1088054309204116,-0.24914516027926148,0.8742751465652889,0.9378723384671629
-0.2888549722267022,1.0002928686546901,-1.0038140082695195,-0.057717130946227664,-0.18451027252758337,-0.5056825456948688,-1.579935123458232,0.45851550287542636,0.7118059876717553,0.34635354389758777,-0.48775823176242566
0.8960576165470977,-0.999707217092246,0.9962004831192838,-1.0962374912768316,-0.7928241559310122,-0.855329416224931,1.3886832347093592,-0.3712426385458996,-0.5465824203593381,-1.2374112641055157,-0.6427180763525984
0.30360132216019775,1.0002928686546901,-1.0038140082695195,0.5510706664889539,0.6892496690882507,-0.15603567516480676,-0.7692515246659035,1.1807124037421362,0.2313304136962469,0.5663208783424633,0.07009720876219591
-1.473767561000502,-0.999707217092246,-1.0038140082695195,-1.705025288712013,-1.6002225829937449,0.8929049364253795,1.0504123805370207,-1.124171322428214,-1.1414569405194912,-1.5563638990505853,-1.4175172993034617
-0.2888549722267022,1.0002928686546901,-1.0038140082695195,0.6226927603048575,-0.04072699099586385,0.5432580658953174,1.1903865270910918,0.5814426349378451,-0.3864238957008353,0.48933231128675686,0.5039847736146794
0.30360132216019775,1.0002928686546901,-1.0038140082695195,1.3031026515559427,1.054237999130308,-0.5056825456948688,-1.340812623095027,-0.5402674451317253,-0.9584186266240595,1.7541444843447909,-0.053870666909942216
-0.8813112666136022,-0.999707217092246,-1.0038140082695195,1.4463468391877503,1.7731544067889056,-1.2049762867549931,-0.5301290243026987,0.81193100755488,1.5354784002011983,1.7541444843447909,0.8758884006310937
-0.2888549722267022,-0.999707217092246,-1.0038140082695195,1.4463468391877503,0.7224304263648014,0.19361119536525534,-0.2910065239394939,2.7633992290457767,1.3753198755426954,2.150085686345567,2.2395350330246133
0.30360132216019775,1.0002928686546901,0.9962004831192838,-0.2009613185780351,-0.41677557346343796,-0.5056825456948688,-1.2125029887537953,0.1511976727193797,0.4143687275916787,-0.5775092607708893,-0.14684657366404583
0.8960576165470977,1.0002928686546901,-1.0038140082695195,-0.7739380691052647,-0.5273780977186069,-0.855329416224931,0.4321932332565401,-0.3712426385458996,-0.7525005234916988,-0.5005206937151829,-1.0146217033690128
-0.8813112666136022,-0.999707217092246,-1.0038140082695195,-1.239481678908639,-1.0803907189944513,-1.2049762867549931,-1.6324254284160087,-0.5095356621161207,-0.638101577307054,-1.2044161639387845,-1.0456136722870473
-0.8813112666136022,-0.999707217092246,0.9962004831192838,0.3720154319491946,0.29108058176964274,1.5921986774855037,0.6246576847683879,1.3036395358045547,1.3524400863057664,0.19237640978617493,-0.2088305115001149
0.8960576165470977,-0.999707217092246,0.9962004831192838,1.2314805577400392,0.3795626011737778,-0.15603567516480676,-0.011058230831351708,1.3958348848513686,-0.40930368493776426,0.6433094453981697,2.053583219516406
1.4885139109339978,-0.999707217092246,0.9962004831192838,0.4794485726730502,0.04775502840827124,-0.5056825456948688,-0.26767749951381536,1.0270534886641127,-0.4779430526485512,0.5773192450647071,0.9378723384671629
0.8960576165470977,1.0002928686546901,0.9962004831192838,-0.9888043505529759,-0.8149446607820459,-0.5056825456948688,-0.34349682889727057,-0.9244147328267837,-0.36354410646390634,-1.1494243303275655,-0.6737100452706329
-1.473767561000502,-0.999707217092246,-1.0038140082695195,1.0524253232002798,0.9436354748751391,-0.15603567516480676,-1.7140770139058834,2.2563248092882993,1.5125986109642693,0.22537150995290625,2.1775510951885444
-0.2888549722267022,1.0002928686546901,0.9962004831192838,1.6970241675434132,2.547372076575088,-0.15603567516480676,0.8404511607059141,-0.32514496402249266,2.2447518665459962,1.0062555472322143,0.10108917768023046
-1.473767561000502,1.0002928686546901,-1.0038140082695195,-0.6306938814734574,-0.6822216316758433,0.8929049364253795,1.1553929904525742,-0.6939263602097486,0.3228495706439628,-0.5335157938819142,-0.5187502006804602
-0.2888549722267022,1.0002928686546901,0.9962004831192838,-0.9529933036450241,-1.1356919811220356,-1.2049762867549931,1.6861282961367603,-0.17148604894446928,-0.15762600333154558,-1.1054308634385905,-0.48775823176242566
-0.2888549722267022,1.0002928686546901,0.9962004831192838,0.08552705668557975,0.6671291642372169,0.5432580658953174,-0.48347097545134166,-0.8168534922721673,0.002532521326957207,0.632311078675926,0.8448964317130593
1.4885139109339978,1.0002928686546901,0.9962004831192838,-0.021906084038275812,-0.5052575928675731,-0.855329416224931,1.4003477469221985,0.7811992245392754,0.8262049338564001,0.5113290447312444,-0.45676626284439115
-1.473767561000502,1.0002928686546901,0.9962004831192838,1.016614276292328,1.2312020379385782,-0.5056825456948688,0.3913674405116027,-0.4480720960849113,0.9634836692779739,0.35735191061983157,2.115567157352475
0.30360132216019775,1.0002928686546901,-1.0038140082695195,1.1598584639241354,1.1648405233854768,0.19361119536525534,-0.8509031101557782,2.5329108564287415,2.198992288072138,0.5773192450647071,0.22505705335236859
1.4885139109339978,1.0002928686546901,0.9962004831192838,1.482157886095702,1.430286581597882,-0.15603567516480676,-0.8800643906878765,2.2716907007961016,-0.3864238957008353,1.98511018551191,1.7746554992540953
1.4885139109339978,1.0002928686546901,-1.0038140082695195,-0.7023159752893611,-0.6158601171227419,-1.554623157285055,0.9454317706214674,-0.2636813979912833,-0.7296207342547698,-0.5225174271596704,-0.2398224804181494
-1.473767561000502,-0.999707217092246,-1.0038140082695195,-0.6665049283814092,-0.9808484471647992,-0.855329416224931,1.627805735072564,-0.1253883744210623,0.04829209980081515,-0.7754798617712773,-0.42577429392635663
0.30360132216019775,-0.999707217092246,0.9962004831192838,0.19296019740943532,-0.2729922919317185,0.19361119536525534,-1.1891739643281167,0.10509999819597271,0.9863634585149029,0.7532931126206075,0.4420008357786103
-0.8813112666136022,-0.999707217092246,-1.0038140082695195,-0.23677236548598696,-0.4831370880165393,0.19361119536525534,0.4380254893629597,0.32022247930520537,-0.5237026311224091,0.22537150995290625,0.10108917768023046
-0.2888549722267022,1.0002928686546901,-1.0038140082695195,-1.1320485381847833,-1.1688727383985862,0.19361119536525534,-0.069380791895548,-0.6939263602097486,-0.8440196804394147,-1.1384259636053218,-1.20057351687722
0.8960576165470977,-0.999707217092246,-1.0038140082695195,0.6943148541207613,0.4127433584503285,-0.855329416224931,-0.7225934758145465,-0.9551465158423883,0.25421020293317587,-0.04958765810318811,0.07009720876219591
0.30360132216019775,-0.999707217092246,-1.0038140082695195,0.8733700886605206,0.7777316884923857,-0.5056825456948688,0.8287866484930748,-0.1407542659288646,0.43724851682860766,0.2693649768418814,1.8676314060081989
-0.2888549722267022,1.0002928686546901,-1.0038140082695195,0.6585038072128094,0.9657559797261728,0.19361119536525534,1.2545413442617077,0.8426627905704848,-0.7067409450178409,1.2592179818438212,0.3180329601064722
-1.473767561000502,-0.999707217092246,-1.0038140082695195,0.8017479948446169,-0.0739077482724145,0.8929049364253795,1.2370445759424489,-1.0012441903657954,1.695636924859701,0.10438947600822474,1.4337438411557153
-1.473767561000502,-0.999707217092246,-1.0038140082695195,1.6612131206354614,1.6846723873847704,-1.2049762867549931,-1.7432382944379816,1.4726643423903805,2.6565880728107176,2.524030154901855,1.3097759654835772
-0.2888549722267022,-0.999707217092246,-1.0038140082695195,-0.8813712098291203,-0.8149446607820459,-1.2049762867549931,1.283702624793806,-0.6785604687019463,-0.15762600333154558,-1.0394406631051278,-1.0766056412050817
0.8960576165470977,1.0002928686546901,0.9962004831192838,-1.4185369134483983,-1.3568970296323732,-1.2049762867549931,-0.26184524340739573,-0.7246581432253533,-0.9126590481502016,-1.2154145306610282,-1.0456136722870473
-0.2888549722267022,1.0002928686546901,0.9962004831192838,-0.2725834123939388,-0.2508717870806847,1.5921986774855037,0.1114191474034605,0.5968085264456474,-0.31778452799004836,-0.4125337599372327,-0.797677920942771
1.4885139109339978,1.0002928686546901,-1.0038140082695195,-1.1678595850927351,-1.0803907189944513,0.5432580658953174,-1.469122257436259,-0.57099922814733,-0.8440196804394147,-1.127427596883078,-1.0146217033690128
-1.473767561000502,1.0002928686546901,0.9962004831192838,0.6943148541207613,1.0431777467047911,-0.855329416224931,-0.3318323166844313,-0.17148604894446928,-0.5465824203593381,1.0282522806767018,-0.08486263582797675
-1.473767561000502,1.0002928686546901,0.9962004831192838,-1.6334031948961094,-1.5228008160151267,-1.554623157285055,-0.2793420117266546,-1.0166100818735977,-1.0041782050979176,-1.5453655323283415,-1.4485092682214962
0.30360132216019775,1.0002928686546901,0.9962004831192838,-0.738127022197313,-0.7707036510799784,0.8929049364253795,0.6654834775133253,-0.340510855530295,0.18557083522238896,-0.4565272268262078,-0.48775823176242566
-1.473767561000502,1.0002928686546901,-1.0038140082695195,-1.0962374912768316,-1.1467522335475524,1.5921986774855037,-1.5274448185004552,-0.9551465158423883,-0.638101577307054,-1.0614373965496153,-1.0146217033690128
0.8960576165470977,-0.999707217092246,0.9962004831192838,0.12133810359353162,0.7003099215137676,0.5432580658953174,-0.2560129873009761,-0.4941697706083183,-0.7982601019655567,-0.09358112499216321,0.7829124938769902
0.30360132216019775,1.0002928686546901,-1.0038140082695195,-0.23677236548598696,-0.51631784529309,1.2425518069554415,0.4555222576822186,-1.1395372139360163,-0.6838611557809119,-0.33554519288152623,0.008113270926126851
0.30360132216019775,1.0002928686546901,-1.0038140082695195,0.4794485726730502,0.8662137078965209,-0.5056825456948688,-0.46014195102566313,0.7043697670002638,1.4668390324904113,0.09339110928598096,-0.36379035609028754
0.8960576165470977,1.0002928686546901,-1.0038140082695195,-0.8097491160132166,-0.7596433986544615,0.5432580658953174,-1.4399609769041608,-0.4019744215615043,-0.5465824203593381,-0.8854635289937149,-0.3947823250083221
0.30360132216019775,1.0002928686546901,0.9962004831192838,0.08552705668557975,0.6228881545351493,-0.855329416224931,-0.6526064025375109,0.33558837081300774,-0.36354410646390634,0.3683502773420753,-0.2398224804181494
-1.473767561000502,-0.999707217092246,0.9962004831192838,-0.9171822567370722,-1.0803907189944513,-0.855329416224931,-0.792580549091582,-0.8629511667955743,-0.3406643172269774,-0.7644814950490335,-0.9836297344509782
-1.473767561000502,-0.999707217092246,0.9962004831192838,-0.7739380691052647,-0.604799864697225,-1.554623157285055,1.2895348809002256,-0.1253883744210623,-0.7753803127286277,-0.6654961945488395,-0.332798387172253
0.8960576165470977,-0.999707217092246,-1.0038140082695195,-0.5948828345655055,-0.18451027252758337,0.19361119536525534,0.6188254286619682,0.3816860453364147,-0.8897792589132726,-0.7534831283267897,-0.02287869799190768
-1.473767561000502,1.0002928686546901,0.9962004831192838,-1.1678595850927351,-0.9587279423137655,0.19361119536525534,0.7529673191096197,-0.617096902670737,-1.1414569405194912,-0.9954471962161527,-0.9526377655329437
1.4885139109339978,1.0002928686546901,0.9962004831192838,1.6612131206354614,1.1869610282365106,-1.554623157285055,0.9046059778765301,0.2280271302583914,1.1465219831734057,1.4681869495664528,0.5349767425327139
-1.473767561000502,1.0002928686546901,-1.0038140082695195,0.22877124431738718,0.0809357856848219,0.8929049364253795,0.22806426953185308,-1.1395372139360163,1.0321230369887608,0.12638620945271228,-0.14684657366404583
0.8960576165470977,-0.999707217092246,-1.0038140082695195,0.5868817133969058,0.0919960381103388,-1.2049762867549931,1.1203994538140563,-1.1549031054438186,1.8329156602812748,0.6103143452314383,0.07009720876219591
0.8960576165470977,-0.999707217092246,-1.0038140082695195,0.19296019740943532,0.04775502840827124,0.19361119536525534,-0.7517547563466446,0.3663201538286124,1.3066805078319086,-0.060586024825431885,0.6279526492868175
0.30360132216019775,-0.999707217092246,-1.0038140082695195,-0.2725834123939388,0.12517679538688944,-0.15603567516480676,-1.358309391414286,-0.09465659140545762,0.3914889383547497,-0.3135484594370387,0.16307311551629952
-0.2888549722267022,-0.999707217092246,0.9962004831192838,1.0524253232002798,1.4634673388744328,-0.15603567516480676,0.047264330232844584,0.5968085264456474,-0.27202494951619044,1.5231787831776717,2.053583219516406
-1.473767561000502,-0.999707217092246,0.9962004831192838,1.5537799799116059,1.629371125257186,0.19361119536525534,-1.7315737822251422,0.7351015500158684,-0.7982601019655567,2.2600693535680043,0.9998562763032319
-0.8813112666136022,-0.999707217092246,-1.0038140082695195,-0.5948828345655055,-0.7264626413779108,-0.855329416224931,0.23972878174469234,0.028270540656961045,-0.9126590481502016,-0.8084749619380086,-0.17783854258208034
0.30360132216019775,-0.999707217092246,-1.0038140082695195,-1.740836335619965,-1.6112828354192616,0.8929049364253795,1.2953671370066453,-1.0934395394126093,-1.1185771512825624,-1.6113557326618042,-1.5104932060575653
-0.2888549722267022,1.0002928686546901,0.9962004831192838,-0.48744969384164993,-0.14026926282551583,-1.554623157285055,-1.1308514032639205,-0.24831550648348097,-0.40930368493776426,-0.6654961945488395,0.16307311551629952
0.30360132216019775,-0.999707217092246,0.9962004831192838,-1.5259700541722538,-1.4011380393344408,1.5921986774855037,-1.1891739643281167,-0.9244147328267837,-1.0728175728087044,-1.4903736987171226,-1.3865253303854272
0.8960576165470977,-0.999707217092246,-1.0038140082695195,0.6943148541207613,1.0321174942792741,1.2425518069554415,-1.6382576845224281,-0.4941697706083183,-0.7525005234916988,0.12638620945271228,-0.42577429392635663
-1.473767561000502,1.0002928686546901,0.9962004831192838,0.765936947936665,0.6118279021096324,-0.15603567516480676,0.7821285996417179,1.2421759697733454,1.6041177679119851,0.44533884439778176,1.526719747909819
-0.2888549722267022,-0.999707217092246,-1.0038140082695195,-1.1678595850927351,-1.1578124859730694,-0.5056825456948688,1.126231709920476,-0.46343798759271365,-0.8668994696763437,-1.2154145306610282,-0.85966185877884
1.4885139109339978,1.0002928686546901,-1.0038140082695195,0.6226927603048575,0.3132010866206765,0.19361119536525534,0.5313415870656738,1.5802255829449967,1.558358189438127,1.0832441142879208,1.340767934401612
1.4885139109339978,1.0002928686546901,-1.0038140082695195,-0.38001655311779436,-0.14026926282551583,-0.855329416224931,-0.4018193899614669,-0.23294961497567862,0.13981125674853104,-0.29155172599255114,0.3180329601064722
-0.2888549722267022,-0.999707217092246,0.9962004831192838,0.9449921824764242,0.5012253778544636,0.5432580658953174,1.6686315278175015,1.9029093046088457,2.198992288072138,0.7532931126206075,0.9378723384671629
-0.2888549722267022,-0.999707217092246,0.9962004831192838,-0.8455601629211685,-0.7375228938034277,1.5921986774855037,-1.3466448792014467,-0.4019744215615043,-0.11186642485768765,-1.0174439296606403,-0.8906538276968746
0.30360132216019775,1.0002928686546901,-1.0038140082695195,1.482157886095702,2.248745261086132,-1.554623157285055,0.6771479897261645,0.5507108519222403,1.558358189438127,0.5113290447312444,2.0845751884344406
-0.2888549722267022,-0.999707217092246,-1.0038140082695195,0.12133810359353162,0.2468395720675752,-0.15603567516480676,-1.5391093307132946,-0.24831550648348097,-0.8211398912024858,0.3243568104531002,-0.2088305115001149
0.8960576165470977,-0.999707217092246,0.9962004831192838,-1.0246153974609278,-0.803884408356529,1.2425518069554415,1.4528380518799753,-0.3712426385458996,-0.7525005234916988,-0.7314863948823022,-1.0456136722870473
-0.2888549722267022,1.0002928686546901,-1.0038140082695195,-0.057717130946227664,0.18047805751447388,-0.15603567516480676,-0.6934321952824483,-0.8168534922721673,0.8948443015671871,-0.2805533592703074,-0.7047020141886674
1.4885139109339978,-0.999707217092246,0.9962004831192838,0.22877124431738718,-0.2619320395062016,0.5432580658953174,-0.6467741464310913,0.9348581396172987,-0.9126590481502016,-0.21456315893684474,0.16307311551629952
-0.8813112666136022,1.0002928686546901,0.9962004831192838,-0.5590717876575536,-0.18451027252758337,0.19361119536525534,1.3128639053259041,0.13583178121157738,-0.24914516027926148,-0.39053702649274513,-0.2708144493361839
-1.473767561000502,-0.999707217092246,-1.0038140082695195,-0.48744969384164993,-0.317233301633786,0.8929049364253795,1.3536896980708415,0.07436821518036804,-0.638101577307054,-0.43453049338172023,-0.797677920942771
-1.473767561000502,-0.999707217092246,0.9962004831192838,-0.9529933036450241,-0.9144869326116979,-1.2049762867549931,-0.10437432853406577,-0.3712426385458996,-0.11186642485768765,-1.0064455629383966,-0.48775823176242566
0.30360132216019775,1.0002928686546901,0.9962004831192838,-1.5975921479881574,-1.4121982917599578,0.19361119536525534,1.6627992717110818,-1.0627077563970047,-0.9584186266240595,-1.5123704321616103,-1.3555333614673926
-0.8813112666136022,-0.999707217092246,-1.0038140082695195,0.4436375257650983,0.4238036108758454,1.5921986774855037,0.4321932332565401,1.088517054695322,0.7118059876717553,0.09339110928598096,-0.2398224804181494
-0.2888549722267022,-0.999707217092246,0.9962004831192838,0.19296019740943532,0.4348638633013623,-0.5056825456948688,-1.4516254891170002,-0.7400240347331556,-0.8668994696763437,-0.10457949171440699,-0.2398224804181494
0.8960576165470977,1.0002928686546901,-1.0038140082695195,0.765936947936665,0.4127433584503285,0.8929049364253795,-1.3291481108821879,-0.1407542659288646,2.0845933418874933,0.4123437442310504,-0.02287869799190768
0.30360132216019775,1.0002928686546901,0.9962004831192838,-0.3442055062098425,-0.4720768355910224,-0.5056825456948688,-0.2968387800459135,0.19729534724278672,0.04829209980081515,-0.21456315893684474,-0.2088305115001149
-1.473767561000502,1.0002928686546901,0.9962004831192838,0.013904962869676045,-0.0739077482724145,0.5432580658953174,-0.2326839628752976,0.535344960414438,-0.8897792589132726,-0.3135484594370387,0.3180329601064722
1.4885139109339978,1.0002928686546901,-1.0038140082695195,-0.6665049283814092,-0.5716191074206745,0.5432580658953174,0.06476109855210346,-0.709292251717551,-0.27202494951619044,-0.7204880281600584,-0.45676626284439115
-0.8813112666136022,-0.999707217092246,-1.0038140082695195,-1.239481678908639,-1.1688727383985862,0.19361119536525534,-1.072528842199724,-1.0319759733814,-1.0041782050979176,-1.2374112641055157,-1.0766056412050817
-1.473767561000502,-0.999707217092246,0.9962004831192838,-0.9529933036450241,-1.0250894568668667,-0.15603567516480676,0.2980513428088886,-0.3712426385458996,-0.2949047387531194,-1.083434129994103,-0.8286698898608056
-0.2888549722267022,1.0002928686546901,-1.0038140082695195,0.8733700886605206,0.8772739603220377,-1.2049762867549931,1.3128639053259041,0.7043697670002638,1.3524400863057664,1.2262228816770897,1.4027518722376808
1.4885139109339978,1.0002928686546901,0.9962004831192838,0.6943148541207613,0.9768162321516897,-0.855329416224931,-1.533277074606875,-0.801487600764365,1.581237978675056,1.358203282344015,1.46473581007375
1.4885139109339978,-0.999707217092246,-1.0038140082695195,1.482157886095702,2.1713234941075132,0.19361119536525534,1.1845542709846721,2.2255930262726946,1.3753198755426954,0.5113290447312444,2.3325109397787167
-1.473767561000502,-0.999707217092246,0.9962004831192838,0.6943148541207613,1.242262290364095,0.5432580658953174,0.06476109855210346,1.042419380171915,-1.1414569405194912,-0.1375745918811383,0.10108917768023046
-1.473767561000502,-0.999707217092246,-1.0038140082695195,0.0497160097776279,-0.19557052495310026,-1.554623157285055,-0.5476257926219575,0.6890038754924613,0.6660464091978974,0.5773192450647071,0.38001689794254123
-0.2888549722267022,1.0002928686546901,0.9962004831192838,-0.3442055062098425,-0.41677557346343796,0.5432580658953174,-0.5476257926219575,0.08973410668817038,0.5745272522501814,-0.5555125273264018,0.16307311551629952
1.4885139109339978,-0.999707217092246,-1.0038140082695195,-1.5617811010802056,-1.489620058738576,1.2425518069554415,0.9221027461957889,-0.8629511667955743,-1.0956973620456334,-1.4353818651059038,-1.3555333614673926
-0.8813112666136022,1.0002928686546901,-1.0038140082695195,1.5179689330036539,1.5187686010020172,-0.855329416224931,-0.42514841438714535,0.5507108519222403,-0.7753803127286277,0.5003306780090007,1.8676314060081989
-0.2888549722267022,-0.999707217092246,0.9962004831192838,0.765936947936665,0.9657559797261728,-1.2049762867549931,-0.2326839628752976,-0.5095356621161207,1.6498773463858432,0.2913617102863689,1.8056474681721297
0.30360132216019775,-0.999707217092246,0.9962004831192838,0.3720154319491946,0.9989367370027235,0.19361119536525534,0.42636097715012045,-1.1088054309204116,1.3981996647796244,0.918268613454264,0.008113270926126851
0.30360132216019775,-0.999707217092246,-1.0038140082695195,-0.38001655311779436,-0.44995633073998864,0.19361119536525534,-0.15686463349184243,0.33558837081300774,-1.1185771512825624,-0.29155172599255114,-0.797677920942771
1.4885139109339978,1.0002928686546901,0.9962004831192838,0.12133810359353162,0.16941780508895699,-1.554623157285055,-1.4282964646913217,-0.9858782988579929,-0.11186642485768765,0.4563372111200255,0.07009720876219591
0.30360132216019775,-0.999707217092246,-1.0038140082695195,1.0524253232002798,1.2201417855130612,0.8929049364253795,1.6977928083495997,1.27290775278895,-0.15762600333154558,1.0832441142879208,-0.3018064182542185
0.8960576165470977,1.0002928686546901,-1.0038140082695195,-1.1678595850927351,-0.8813061753351472,1.5921986774855037,-0.6001160975797343,-0.6939263602097486,-0.8897792589132726,-0.8744651622714712,-0.9216457966149092
0.30360132216019775,-0.999707217092246,-1.0038140082695195,1.732835214451365,0.9325752224496222,1.2425518069554415,-0.24434847508813687,1.6570550404840083,0.8262049338564001,0.8632767798430452,1.2787839965655428
0.30360132216019775,-0.999707217092246,0.9962004831192838,-1.2752927258165907,-1.2241740005261708,0.5432580658953174,0.0705933546585231,-1.0627077563970047,-0.6838611557809119,-1.1384259636053218,-0.8906538276968746
-0.8813112666136022,-0.999707217092246,-1.0038140082695195,-1.3111037727245427,-1.102511223845485,0.19361119536525534,0.7646318313224589,-0.709292251717551,-1.1414569405194912,-1.2594079975500034,-1.324541392549358
1.4885139109339978,-0.999707217092246,-1.0038140082695195,-0.7023159752893611,-0.51631784529309,-0.855329416224931,-0.08687756021480689,0.028270540656961045,-0.660981366543983,-0.4675255935484516,-0.6427180763525984
0.30360132216019775,-0.999707217092246,0.9962004831192838,-1.45434796035635,-1.390077786908924,-0.855329416224931,-1.5041157940747767,-0.709292251717551,-0.7525005234916988,-1.2704063642722472,-1.20057351687722
0.30360132216019775,-0.999707217092246,0.9962004831192838,-0.38001655311779436,-0.7596433986544615,-0.5056825456948688,-0.39598713385504725,-0.5863651196551323,0.5516474630132525,0.005404175508030765,0.2870409911884377
-1.473767561000502,1.0002928686546901,0.9962004831192838,-1.1320485381847833,-0.9697881947392823,1.5921986774855037,0.6129931725555486,-1.0166100818735977,-0.36354410646390634,-1.083434129994103,-0.9526377655329437
-0.2888549722267022,-0.999707217092246,-1.0038140082695195,-0.23677236548598696,-0.5937396122717081,1.2425518069554415,0.6596512214069057,-0.32514496402249266,-1.0956973620456334,-0.6984912947155708,0.4420008357786103
-0.8813112666136022,-0.999707217092246,0.9962004831192838,0.6585038072128094,0.9104547175985884,-1.2049762867549931,-0.6875999391760287,1.7185186065152178,-0.8897792589132726,0.9072702467320203,1.6196956546639225
-1.473767561000502,1.0002928686546901,-1.0038140082695195,0.22877124431738718,0.04775502840827124,0.8929049364253795,0.8346189045994945,-1.0473418648892023,0.18557083522238896,-0.4125337599372327,0.5659687114507485
1.4885139109339978,1.0002928686546901,0.9962004831192838,0.08552705668557975,-0.1623897676765496,1.2425518069554415,0.6363221969812272,0.01290464914915871,-0.9355388373871306,0.44533884439778176,0.2870409911884377
0.30360132216019775,-0.999707217092246,-1.0038140082695195,0.3720154319491946,0.6118279021096324,-1.2049762867549931,1.266205856474547,1.134614729218729,0.09405167827467309,0.9952571805099705,0.2870409911884377
1.4885139109339978,1.0002928686546901,-1.0038140082695195,-0.021906084038275812,-0.4831370880165393,-0.15603567516480676,-1.4807867696490982,0.7351015500158684,0.002532521326957207,-0.11557785843665076,0.4110088668605758
-1.473767561000502,-0.999707217092246,0.9962004831192838,0.3720154319491946,0.5233458827054973,1.5921986774855037,0.9454317706214674,-0.46343798759271365,-0.2949047387531194,-0.2695549925480636,0.6589446182048521
1.4885139109339978,-0.999707217092246,-1.0038140082695195,0.08552705668557975,-0.19557052495310026,-0.5056825456948688,0.700477014151843,-0.9090488413189813,-1.0956973620456334,-0.4125337599372327,0.10108917768023046
1.4885139109339978,-0.999707217092246,-1.0038140082695195,-0.8455601629211685,-0.5052575928675731,0.8929049364253795,-0.6001160975797343,-1.0319759733814,-0.4779430526485512,-0.5995059942153769,-0.797677920942771
-0.2888549722267022,1.0002928686546901,-1.0038140082695195,-0.23677236548598696,0.14729730023792323,0.8929049364253795,1.6336379911789838,0.04363643216476338,0.5745272522501814,-0.5335157938819142,0.13208114659826498
0.30360132216019775,-0.999707217092246,-1.0038140082695195,-0.38001655311779436,-0.2619320395062016,1.2425518069554415,0.21056750121259418,-0.23294961497567862,0.4601283060655366,-0.24755825910357607,-0.2398224804181494
-0.2888549722267022,1.0002928686546901,-1.0038140082695195,0.9449921824764242,0.3463818438972272,1.5921986774855037,-0.5534580487283772,1.088517054695322,-1.0270579943348466,0.34635354389758777,-0.11585460474601128
-1.473767561000502,-0.999707217092246,0.9962004831192838,-0.5590717876575536,-0.5052575928675731,-1.2049762867549931,-1.2241675009666346,0.12046588970377504,-0.043227057146900734,-0.6654961945488395,-0.7666859520247364
0.8960576165470977,1.0002928686546901,0.9962004831192838,-0.9171822567370722,-1.002968952015833,1.5921986774855037,-0.7050967074952875,-0.24831550648348097,-0.9584186266240595,-0.6215027276598644,-0.5497421695984948
0.8960576165470977,1.0002928686546901,-1.0038140082695195,0.4794485726730502,0.5012253778544636,1.5921986774855037,-1.1600126837960185,-0.801487600764365,0.25421020293317587,0.5443241448979758,0.38001689794254123
1.4885139109339978,1.0002928686546901,0.9962004831192838,0.9091811355684725,0.3906228535992947,0.5432580658953174,-0.524296768196279,0.1511976727193797,0.8033251446194711,0.775289846065095,-0.3947823250083221
-0.2888549722267022,-0.999707217092246,-1.0038140082695195,-1.0246153974609278,-1.1467522335475524,-0.855329416224931,0.7121415263646823,-0.8783170583033766,-1.1185771512825624,-0.9074602624382025,-0.85966185877884
0.8960576165470977,-0.999707217092246,-1.0038140082695195,1.016614276292328,1.629371125257186,-0.5056825456948688,-1.6615867089481067,2.2255930262726946,-0.08898663562075868,1.1932277815103585,0.9688643073851974
-1.473767561000502,-0.999707217092246,-1.0038140082695195,-0.8455601629211685,-0.5052575928675731,-0.855329416224931,-0.046051767469869484,-0.9551465158423883,-0.5237026311224091,-0.5775092607708893,-0.9836297344509782
-0.8813112666136022,1.0002928686546901,-1.0038140082695195,-0.3442055062098425,-0.3282935540593029,-0.855329416224931,-1.4282964646913217,-0.03319302537424829,0.13981125674853104,0.12638620945271228,-0.45676626284439115
0.30360132216019775,1.0002928686546901,0.9962004831192838,-0.5590717876575536,-0.35041405891033667,-1.554623157285055,1.0912381732819583,-1.0627077563970047,0.3228495706439628,-0.4895223269929391,-1.0146217033690128
-0.8813112666136022,1.0002928686546901,0.9962004831192838,-1.1320485381847833,-1.1578124859730694,-1.554623157285055,1.581147686221207,-0.43270620457710895,-0.615221788070125,-1.2374112641055157,-0.8286698898608056
0.8960576165470977,-0.999707217092246,-1.0038140082695195,0.8017479948446169,-0.029666738570346962,-1.554623157285055,-1.4049674402656431,0.9348581396172987,1.672757135622772,0.5773192450647071,0.7209285560409211
-0.8813112666136022,-0.999707217092246,-1.0038140082695195,-1.3111037727245427,-1.3347765247813397,1.5921986774855037,-1.2533287814987326,-1.124171322428214,-0.8668994696763437,-1.2044161639387845,-0.9836297344509782
0.8960576165470977,-0.999707217092246,0.9962004831192838,1.5895910268195577,0.9215149700241053,0.5432580658953174,-1.2766578059244111,2.363886049842916,0.3914889383547497,1.0942424810101645,0.7209285560409211
-1.473767561000502,1.0002928686546901,-1.0038140082695195,1.5895910268195577,1.0210572418537573,0.5432580658953174,0.9920898194728245,1.0577852716797174,-0.592341998833196,1.7211493841780596,2.859374411385304
0.30360132216019775,-0.999707217092246,0.9962004831192838,-0.738127022197313,-0.8923664277606641,-0.855329416224931,-1.072528842199724,-0.8475852752877719,0.16269104598546,-0.6215027276598644,-0.7666859520247364
0.8960576165470977,-0.999707217092246,-1.0038140082695195,0.9091811355684725,1.0984790088323755,-1.2049762867549931,0.4205287210437008,-0.4480720960849113,1.8786752387551329,1.3472049156217714,-0.2088305115001149
-0.8813112666136022,1.0002928686546901,0.9962004831192838,-1.2752927258165907,-1.0250894568668667,0.8929049364253795,-1.1600126837960185,-0.5095356621161207,-0.592341998833196,-1.1384259636053218,-1.0766056412050817
-0.2888549722267022,-0.999707217092246,-1.0038140082695195,0.08552705668557975,0.45698436815239607,0.8929049364253795,-1.3466448792014467,1.1038829462031243,-1.0499377835717754,-0.39053702649274513,-0.3947823250083221
0.30360132216019775,-0.999707217092246,-1.0038140082695195,-0.6665049283814092,-0.7707036510799784,-0.5056825456948688,-1.6790834772673655,-0.4019744215615043,0.13981125674853104,-0.4895223269929391,-1.0456136722870473
0.8960576165470977,1.0002928686546901,0.9962004831192838,-0.8813712098291203,-0.7375228938034277,-1.2049762867549931,-1.2066707326473756,-0.3097790725146903,-1.1185771512825624,-0.6984912947155708,-0.6427180763525984
-0.8813112666136022,-0.999707217092246,-1.0038140082695195,0.515259619581002,0.9104547175985884,-1.554623157285055,0.42636097715012045,-0.38660853005370194,1.2380411401211215,0.17037967634168738,0.8139044627950247
0.30360132216019775,-0.999707217092246,0.9962004831192838,-1.5617811010802056,-1.4343187966109916,-0.5056825456948688,0.10558689129704087,-0.9090488413189813,-1.0499377835717754,-1.4023867649391724,-1.262557454713289
-0.2888549722267022,-0.999707217092246,-1.0038140082695195,-1.5975921479881574,-1.5338610684406435,0.19361119536525534,-0.7225934758145465,-1.1395372139360163,-0.8897792589132726,-1.413385131661416,-1.3555333614673926
-0.8813112666136022,-0.999707217092246,0.9962004831192838,1.4105357922797983,0.4016831060248116,-0.5056825456948688,1.1553929904525742,-0.524901553623923,1.0092432477518318,0.8522784131208014,0.7829124938769902
0.8960576165470977,1.0002928686546901,0.9962004831192838,-1.3111037727245427,-1.2684150102282383,0.19361119536525534,0.12891591572271938,-0.6785604687019463,-0.9355388373871306,-1.1054308634385905,-0.9836297344509782
-0.2888549722267022,-0.999707217092246,0.9962004831192838,-1.740836335619965,-1.5891623305682279,0.19361119536525534,-0.6759354269631894,-1.1395372139360163,-1.0956973620456334,-1.6003573659395605,-1.4485092682214962
-0.2888549722267022,-0.999707217092246,0.9962004831192838,-1.2036706320006871,-1.301595767504789,-0.5056825456948688,0.5371738431720934,-0.7400240347331556,-0.5008228418854801,-1.0064455629383966,-1.262557454713289
-0.8813112666136022,-0.999707217092246,-1.0038140082695195,1.1598584639241354,1.5187686010020172,0.19361119536525534,-0.4076516460678865,1.6570550404840083,-0.24914516027926148,1.9081216184562035,0.2560490222704031
1.4885139109339978,-0.999707217092246,0.9962004831192838,1.5895910268195577,0.7224304263648014,0.8929049364253795,-1.702412501693044,3.0707170592018236,-0.5237026311224091,1.4681869495664528,1.46473581007375
0.30360132216019775,-0.999707217092246,-1.0038140082695195,0.013904962869676045,-0.20663077737861715,-1.2049762867549931,-0.05771627968270874,0.5660767434300428,-0.5237026311224091,0.5553225116202195,0.3490249290245067
0.8960576165470977,-0.999707217092246,0.9962004831192838,0.7301259010287131,0.3353215914717103,-1.2049762867549931,1.1145671977076368,-0.7707558177487603,-0.638101577307054,1.1382359478991395,1.4337438411557153
-1.473767561000502,1.0002928686546901,0.9962004831192838,0.5510706664889539,0.8993944651730715,0.19361119536525534,-1.5216125623940355,-0.7861217092565627,-0.9584186266240595,0.4123437442310504,1.340767934401612
0.30360132216019775,1.0002928686546901,0.9962004831192838,1.1240474170161836,1.5187686010020172,-0.15603567516480676,-0.885896646794296,-0.47880387910051597,2.2218720773090674,1.5671722500666467,0.5659687114507485
-0.2888549722267022,-0.999707217092246,0.9962004831192838,1.6612131206354614,2.2045042513840643,1.5921986774855037,0.07642561076494273,0.904126356601694,1.9473146064659197,2.5350285216240986,0.47299280469664484
-0.2888549722267022,-0.999707217092246,-1.0038140082695195,-0.738127022197313,-0.9587279423137655,-1.2049762867549931,-0.7167612197081268,0.059002323672565714,-1.0728175728087044,-0.6325010943821082,-1.0766056412050817
-0.2888549722267022,1.0002928686546901,0.9962004831192838,1.6254020737275094,1.430286581597882,1.5921986774855037,0.9570962828343067,2.3792519413507183,1.558358189438127,1.358203282344015,1.6506876235819572
1.4885139109339978,1.0002928686546901,-1.0038140082695195,0.515259619581002,-0.15132951525103272,-0.15603567516480676,-1.498283537968357,1.1960782952499385,-0.615221788070125,-0.08258275826991944,0.7209285560409211
-1.473767561000502,1.0002928686546901,-1.0038140082695195,0.8017479948446169,1.441346834023399,0.8929049364253795,-0.6584386586439306,1.1960782952499385,0.8719645123302581,0.13738457617495606,0.8448964317130593
0.30360132216019775,-0.999707217092246,0.9962004831192838,-0.057717130946227664,-0.09602825312344829,0.5432580658953174,-0.9325546956456531,0.4277837198598217,0.13981125674853104,0.2473682433973938,0.03910523984416139
0.8960576165470977,1.0002928686546901,0.9962004831192838,-0.9171822567370722,-1.1135714762710018,1.5921986774855037,0.5605028675977719,-0.9858782988579929,-0.20338558180540353,-0.9294569958826902,-0.45676626284439115
-0.8813112666136022,-0.999707217092246,0.9962004831192838,-0.057717130946227664,0.14729730023792323,0.19361119536525534,-0.9325546956456531,-0.002461242358643623,-0.8211398912024858,-0.5335157938819142,0.6899365871228866
0.8960576165470977,1.0002928686546901,0.9962004831192838,-0.5590717876575536,-0.42783582588895486,0.8929049364253795,1.6044767106468856,-0.939780624334586,-0.27202494951619044,-0.5555125273264018,-0.3947823250083221
1.4885139109339978,1.0002928686546901,-1.0038140082695195,-0.8813712098291203,-0.6711613792503264,-1.2049762867549931,-1.6907479894802049,-0.17148604894446928,-0.8211398912024858,-1.0174439296606403,-0.48775823176242566
-0.2888549722267022,1.0002928686546901,0.9962004831192838,-0.4516386469336981,-0.6932818841013602,0.8929049364253795,-1.2241675009666346,-1.124171322428214,0.13981125674853104,-0.3245468261592825,-0.85966185877884
0.8960576165470977,-0.999707217092246,-1.0038140082695195,-1.3111037727245427,-1.3347765247813397,0.5432580658953174,-0.13936786517258354,-0.6939263602097486,-0.660981366543983,-1.127427596883078,-1.1075976101231164
0.30360132216019775,-0.999707217092246,0.9962004831192838,0.9808032293843761,1.3860455718958145,-0.855329416224931,-0.9850450006034298,-0.8475852752877719,0.6889261984348263,1.2042261482326022,0.10108917768023046
0.30360132216019775,1.0002928686546901,-1.0038140082695195,-1.5259700541722538,-1.3458367772068565,0.5432580658953174,-0.1335356090661639,-0.9705124073501906,-0.8440196804394147,-1.3803900314946849,-1.4175172993034617
-0.8813112666136022,1.0002928686546901,0.9962004831192838,-0.057717130946227664,-0.28405254435723537,-1.2049762867549931,0.6946447580454234,0.6582720924768567,0.5287676737763235,-0.3685402930482576,-0.36379035609028754
-0.2888549722267022,-0.999707217092246,-1.0038140082695195,1.5895910268195577,1.8063351640654561,0.19361119536525534,0.2980513428088886,1.549493799929392,2.6565880728107176,0.775289846065095,1.991599281680337
-1.473767561000502,-0.999707217092246,0.9962004831192838,0.08552705668557975,-0.20663077737861715,0.19361119536525534,-0.15686463349184243,-0.5095356621161207,-0.569462209596267,0.3133584437308565,0.6589446182048521
-1.473767561000502,-0.999707217092246,-1.0038140082695195,1.1598584639241354,0.6892496690882507,-1.554623157285055,0.3680384160859242,-0.2175837234678763,1.672757135622772,1.0282522806767018,1.6196956546639225
0.30360132216019775,-0.999707217092246,0.9962004831192838,-1.5259700541722538,-1.5117405635896097,-1.554623157285055,-0.05771627968270874,-0.9244147328267837,-0.8897792589132726,-1.468376965272635,-1.4175172993034617
0.8960576165470977,-0.999707217092246,-1.0038140082695195,0.8375590417525687,0.25789982449309207,-1.2049762867549931,-0.34349682889727057,0.19729534724278672,0.5974070414871104,0.30236007700861267,-0.42577429392635663
-0.8813112666136022,-0.999707217092246,-1.0038140082695195,-1.239481678908639,-0.9808484471647992,-1.554623157285055,0.7121415263646823,-0.6939263602097486,-1.0041782050979176,-1.0944324967163468,-1.262557454713289
1.4885139109339978,1.0002928686546901,-1.0038140082695195,-1.4185369134483983,-1.2352342529516875,-1.554623157285055,-1.3816384158399646,-0.8783170583033766,-0.8440196804394147,-1.281404730994491,-1.20057351687722
0.8960576165470977,1.0002928686546901,-1.0038140082695195,-1.239481678908639,-1.3237162723558227,0.8929049364253795,0.33887713555382604,-1.124171322428214,-1.1185771512825624,-1.0394406631051278,-1.1695815479591853
-0.8813112666136022,-0.999707217092246,-1.0038140082695195,0.8375590417525687,0.10305629053585567,-1.2049762867549931,0.3272126233409868,2.2255930262726946,1.8100358710443458,1.116239214454652,-0.2088305115001149
0.8960576165470977,1.0002928686546901,0.9962004831192838,0.15714915050148345,0.5344061351310142,0.5432580658953174,-0.03438725525703022,1.1653465122343338,-0.5237026311224091,0.5223274114534882,-0.02287869799190768
-1.473767561000502,-0.999707217092246,0.9962004831192838,-1.4185369134483983,-1.301595767504789,0.5432580658953174,1.3595219541772612,-0.663194577194144,-1.0956973620456334,-1.182419430494297,-1.0456136722870473
-0.8813112666136022,-0.999707217092246,0.9962004831192838,-0.6306938814734574,-0.38359481618688734,-1.2049762867549931,0.48468353821431676,-0.617096902670737,0.11693146751160206,-0.3135484594370387,-1.0456136722870473
-0.8813112666136022,-0.999707217092246,-1.0038140082695195,1.1240474170161836,0.9768162321516897,-1.2049762867549931,-1.358309391414286,0.5199790689066357,2.3362710234937123,1.1052408477324083,1.6816795924999917
-0.2888549722267022,1.0002928686546901,0.9962004831192838,-1.3827258665404463,-1.1799329908241032,-0.15603567516480676,-0.2560129873009761,-1.1395372139360163,-0.8897792589132726,-1.3693916647724411,-1.1075976101231164
-1.473767561000502,1.0002928686546901,0.9962004831192838,-0.48744969384164993,-0.2287512822296509,0.5432580658953174,-1.2474965253923131,0.47388139438322874,0.4143687275916787,-0.6544978278265957,-0.02287869799190768
0.30360132216019775,1.0002928686546901,-1.0038140082695195,-1.239481678908639,-1.0582702141434175,-0.855329416224931,0.6479867091940664,-0.6785604687019463,-0.9584186266240595,-1.0064455629383966,-1.0456136722870473
-1.473767561000502,-0.999707217092246,0.9962004831192838,1.6970241675434132,1.927997940746142,-0.15603567516480676,0.6129931725555486,-0.07929069989765529,1.6269975571489141,1.6331624504001094,-0.02287869799190768
0.8960576165470977,-0.999707217092246,0.9962004831192838,0.12133810359353162,0.21365881479102455,-1.554623157285055,-0.384322621642208,0.9655899226329034,0.025412310563886178,-0.3245468261592825,-0.08486263582797675
-1.473767561000502,1.0002928686546901,-1.0038140082695195,-0.9529933036450241,-1.1246317286965188,0.5432580658953174,-0.1102065846404854,-0.24831550648348097,-0.13474621409461662,-1.0614373965496153,-0.5497421695984948
-0.8813112666136022,1.0002928686546901,0.9962004831192838,0.3362043850412427,0.5675868924075649,0.5432580658953174,1.4353412835607162,-0.38660853005370194,0.6431666199609684,0.9402653468987516,1.1548161208934047
0.30360132216019775,1.0002928686546901,-1.0038140082695195,0.515259619581002,0.14729730023792323,-1.2049762867549931,-0.2793420117266546,-0.340510855530295,-0.9584186266240595,0.3683502773420753,0.8139044627950247
-0.8813112666136022,-0.999707217092246,0.9962004831192838,1.6254020737275094,2.1381427368309627,-1.554623157285055,1.1437284782397348,0.30485658779740304,-0.9355388373871306,1.8531297848449848,1.340767934401612
0.30360132216019775,-0.999707217092246,-1.0038140082695195,-0.8097491160132166,-0.6379806219737757,-0.15603567516480676,-0.46597420713208276,-0.07929069989765529,-0.3406643172269774,-0.8194733286602524,-1.0766056412050817
-1.473767561000502,-0.999707217092246,-1.0038140082695195,1.1956695108320872,0.5122856302799805,0.8929049364253795,0.4380254893629597,-1.078073647904807,1.6498773463858432,1.3472049156217714,1.7746554992540953
-1.473767561000502,-0.999707217092246,-1.0038140082695195,-0.5590717876575536,-0.704342136526877,0.19361119536525534,1.1903865270910918,-0.32514496402249266,-1.0728175728087044,-0.7424847616045459,-0.48775823176242566
-0.8813112666136022,-0.999707217092246,-1.0038140082695195,0.6585038072128094,0.4791048730034298,-1.554623157285055,1.2253800637296097,-0.2175837234678763,1.2838007185949796,0.8522784131208014,1.340767934401612
0.8960576165470977,-0.999707217092246,-1.0038140082695195,-0.5948828345655055,-0.7596433986544615,-1.554623157285055,-0.1860259140239406,-0.27904728949908564,-0.7067409450178409,-0.544514160604158,-0.7047020141886674
-0.8813112666136022,-0.999707217092246,-1.0038140082695195,-1.239481678908639,-1.312656019930306,-1.554623157285055,-0.5009677437706005,-1.0934395394126093,-0.8440196804394147,-1.1604226970498093,-0.85966185877884
0.30360132216019775,-0.999707217092246,0.9962004831192838,0.4794485726730502,0.06987553325930501,1.2425518069554415,0.1697417084676568,-0.09465659140545762,-0.5237026311224091,1.061247380843433,0.10108917768023046
1.4885139109339978,1.0002928686546901,-1.0038140082695195,1.0882363701082318,1.2312020379385782,-1.2049762867549931,-0.9908772567098494,-0.6017310111629346,0.8033251446194711,0.775289846065095,0.596960680368783
-0.2888549722267022,1.0002928686546901,-1.0038140082695195,0.9091811355684725,0.16941780508895699,1.5921986774855037,0.5430060992785131,0.3663201538286124,1.0550028262256899,1.0942424810101645,0.7519205249589557
0.30360132216019775,-0.999707217092246,0.9962004831192838,0.26458229122533905,0.16941780508895699,1.2425518069554415,0.19890298899975495,0.08973410668817038,0.7804453553825422,-0.04958765810318811,-0.3947823250083221
1.4885139109339978,1.0002928686546901,-1.0038140082695195,0.12133810359353162,0.6560689118117,0.19361119536525534,0.36220615997950456,1.27290775278895,1.2380411401211215,0.5443241448979758,0.13208114659826498
1.4885139109339978,1.0002928686546901,0.9962004831192838,-0.7023159752893611,-0.4720768355910224,0.19361119536525534,1.6627992717110818,-0.2175837234678763,-0.2949047387531194,-0.3135484594370387,-0.2708144493361839
0.8960576165470977,-0.999707217092246,-1.0038140082695195,0.19296019740943532,-0.3061730492082691,-1.2049762867549931,1.0387478683241815,-0.3097790725146903,-0.4321834741746932,-0.3685402930482576,0.16307311551629952
0.8960576165470977,-0.999707217092246,0.9962004831192838,1.267291604647991,0.8993944651730715,0.19361119536525534,1.0854059171755386,1.7338844980230201,-0.27202494951619044,0.918268613454264,-0.14684657366404583
0.8960576165470977,1.0002928686546901,0.9962004831192838,1.3031026515559427,1.6404313776827029,-1.2049762867549931,-1.3349803669886076,1.549493799929392,2.427790180441428,2.139087319623323,2.208543064106579
0.30360132216019775,-0.999707217092246,-1.0038140082695195,0.4436375257650983,0.3463818438972272,1.2425518069554415,-0.3260000605780117,-0.8783170583033766,1.0092432477518318,0.2803633435641251,-0.45676626284439115
-0.2888549722267022,1.0002928686546901,-1.0038140082695195,-1.3111037727245427,-1.3347765247813397,-1.2049762867549931,1.645302503391823,-0.5863651196551323,-1.0499377835717754,-1.1164292301608343,-1.20057351687722
-0.2888549722267022,1.0002928686546901,-1.0038140082695195,0.8375590417525687,0.8109124457689364,0.8929049364253795,1.3711864663901003,-0.17148604894446928,1.741396503333559,0.06039600911924964,0.3180329601064722
-0.2888549722267022,1.0002928686546901,0.9962004831192838,0.5868817133969058,0.556526639982048,-0.855329416224931,0.5954964042362897,0.19729534724278672,1.6498773463858432,-0.1375745918811383,0.9998562763032319
0.8960576165470977,1.0002928686546901,-1.0038140082695195,1.267291604647991,1.0984790088323755,-0.855329416224931,1.2895348809002256,1.0577852716797174,0.002532521326957207,1.1932277815103585,1.0308482452212664
0.8960576165470977,-0.999707217092246,0.9962004831192838,1.1598584639241354,1.131659766108926,-1.2049762867549931,0.14641268404197827,2.363886049842916,-0.2262653710423325,1.061247380843433,0.13208114659826498
0.8960576165470977,-0.999707217092246,-1.0038140082695195,-0.48744969384164993,-0.6822216316758433,1.2425518069554415,0.403031952724442,0.04363643216476338,-0.7753803127286277,-0.1925664254923572,-0.5807341385165293
0.30360132216019775,-0.999707217092246,0.9962004831192838,-0.738127022197313,-0.8481254180585965,-0.855329416224931,1.645302503391823,-0.939780624334586,-0.11186642485768765,-0.9954471962161527,-0.8286698898608056
1.4885139109339978,-0.999707217092246,-1.0038140082695195,0.7301259010287131,0.4127433584503285,0.19361119536525534,-1.3933029280528038,0.48924728589103106,-0.8897792589132726,0.5113290447312444,1.0928321830573355
-0.2888549722267022,1.0002928686546901,0.9962004831192838,-1.239481678908639,-0.9697881947392823,-1.2049762867549931,1.0970704293883777,-1.0012441903657954,-1.0728175728087044,-1.0614373965496153,-1.20057351687722
0.8960576165470977,1.0002928686546901,0.9962004831192838,1.482157886095702,1.6514916301082199,-0.855329416224931,0.19307073289333532,2.4868131819053345,0.3686091491178207,2.095093852734348,0.38001689794254123
-1.473767561000502,1.0002928686546901,0.9962004831192838,0.22877124431738718,0.4680446205779129,-0.5056825456948688,-0.32016780447159204,-0.4941697706083183,0.3228495706439628,0.5223274114534882,0.2560490222704031
-1.473767561000502,-0.999707217092246,-1.0038140082695195,-0.23677236548598696,-0.05178724342138073,0.8929049364253795,0.22806426953185308,-0.5402674451317253,-0.5237026311224091,-0.08258275826991944,-0.7047020141886674
-1.473767561000502,1.0002928686546901,-1.0038140082695195,1.3389136984638947,1.7731544067889056,-1.2049762867549931,1.3245284175387433,-0.709292251717551,-1.0270579943348466,1.9961085522341537,1.12382415197537
-1.473767561000502,-0.999707217092246,-1.0038140082695195,-1.4185369134483983,-1.3237162723558227,1.5921986774855037,0.6829802458325841,-0.8783170583033766,-0.8211398912024858,-1.2704063642722472,-1.0766056412050817
1.4885139109339978,-0.999707217092246,0.9962004831192838,-1.3469148196324945,-1.3568970296323732,0.19361119536525534,0.4088642088308616,-1.0934395394126093,-0.7525005234916988,-1.2374112641055157,-0.9836297344509782
-0.8813112666136022,-0.999707217092246,-1.0038140082695195,-0.9529933036450241,-0.6932818841013602,-0.5056825456948688,1.37701872249652,-0.7861217092565627,-0.8668994696763437,-1.0614373965496153,-1.20057351687722
0.30360132216019775,1.0002928686546901,0.9962004831192838,-0.30839445930189063,-0.604799864697225,0.8929049364253795,1.4120122591350377,0.04363643216476338,-1.0728175728087044,0.17037967634168738,0.03910523984416139
-1.473767561000502,1.0002928686546901,-1.0038140082695195,0.8017479948446169,0.7113701739392845,-1.554623157285055,-0.699264451388868,1.595591474452799,1.672757135622772,0.08239274256373719,0.7829124938769902
-1.473767561000502,1.0002928686546901,-1.0038140082695195,-0.6665049283814092,-0.42783582588895486,-0.855329416224931,-0.6701031708567697,-0.617096902670737,0.11693146751160206,-0.7314863948823022,-0.8906538276968746
-0.8813112666136022,-0.999707217092246,-1.0038140082695195,-0.7023159752893611,-0.8370651656330796,1.5921986774855037,-1.4749545135426787,-1.0473418648892023,-0.08898663562075868,-0.7754798617712773,-0.17783854258208034
0.30360132216019775,-0.999707217092246,0.9962004831192838,1.6612131206354614,2.304046523213716,-0.855329416224931,0.1872384767869157,-0.617096902670737,0.11693146751160206,1.4681869495664528,0.7829124938769902
-1.473767561000502,1.0002928686546901,0.9962004831192838,0.40782647885714646,-0.029666738570346962,-0.5056825456948688,1.4936638446249126,-1.170268996951621,0.5058878845393946,-0.10457949171440699,0.9998562763032319
1.4885139109339978,1.0002928686546901,0.9962004831192838,0.9091811355684725,1.1648405233854768,-1.2049762867549931,0.047264330232844584,0.8272968990626824,1.9701943957028487,1.5341771498999155,-0.02287869799190768
-1.473767561000502,-0.999707217092246,-1.0038140082695195,-1.3111037727245427,-1.1246317286965188,-0.5056825456948688,0.5080125626399953,-0.8783170583033766,-0.7067409450178409,-1.3143998311612222,-1.0766056412050817
0.8960576165470977,-0.999707217092246,0.9962004831192838,-1.4901590072643018,-1.3568970296323732,-0.855329416224931,-0.22685170676887798,-0.9244147328267837,-0.9355388373871306,-1.325398197883466,-1.262557454713289
1.4885139109339978,-0.999707217092246,0.9962004831192838,1.1240474170161836,1.5187686010020172,-1.2049762867549931,-0.6642709147503502,1.3804689933435663,-0.4550632634116222,0.4673355778422693,0.5659687114507485
0.30360132216019775,-0.999707217092246,-1.0038140082695195,-0.5232607407496018,-0.7264626413779108,1.5921986774855037,0.08225786687136236,0.2894906962896007,-1.0728175728087044,-0.5335157938819142,-0.5187502006804602
-0.2888549722267022,-0.999707217092246,-1.0038140082695195,0.22877124431738718,-0.35041405891033667,-0.855329416224931,-1.375806159733545,-0.6017310111629346,0.5516474630132525,0.7202980124538761,-0.2088305115001149
1.4885139109339978,-0.999707217092246,-1.0038140082695195,-0.6665049283814092,-0.5052575928675731,-1.554623157285055,-0.9733804883905905,-0.15612015743666696,-0.2949047387531194,-0.43453049338172023,-0.3947823250083221
-0.2888549722267022,1.0002928686546901,-1.0038140082695195,1.1956695108320872,0.6118279021096324,-0.855329416224931,-0.5009677437706005,-1.078073647904807,2.61082849433686,0.40134537750880667,0.9068803695491283
-1.473767561000502,1.0002928686546901,-1.0038140082695195,0.6943148541207613,0.9325752224496222,0.5432580658953174,0.3738706721923438,0.9655899226329034,0.940603880041045,0.676304545564901,0.6899365871228866
1.4885139109339978,1.0002928686546901,0.9962004831192838,-1.5259700541722538,-1.4343187966109916,0.5432580658953174,-0.14520012127900317,-0.8168534922721673,-0.8668994696763437,-1.4793753319948788,-1.20057351687722
-0.8813112666136022,1.0002928686546901,-1.0038140082695195,0.9808032293843761,0.6781894166627338,-0.15603567516480676,-1.591599635671071,2.3485201583351136,1.3066805078319086,0.3683502773420753,-0.14684657366404583
-0.2888549722267022,1.0002928686546901,-1.0038140082695195,-1.5975921479881574,-1.5559815732916773,-0.15603567516480676,1.172889758771833,-0.9705124073501906,-1.0956973620456334,-1.413385131661416,-1.262557454713289
-1.473767561000502,1.0002928686546901,0.9962004831192838,0.9091811355684725,1.3749853194702977,-1.554623157285055,-0.9442192078584923,0.3816860453364147,1.4210794540165534,1.3692016490662589,0.5659687114507485
0.30360132216019775,-0.999707217092246,-1.0038140082695195,1.5537799799116059,0.744550931215835,0.8929049364253795,0.5021803065335756,0.08973410668817038,0.13981125674853104,2.128088952901079,0.008113270926126851
0.8960576165470977,1.0002928686546901,0.9962004831192838,1.5179689330036539,1.0431777467047911,0.8929049364253795,-1.0491998177740456,1.6263232574684037,-1.1414569405194912,1.270216348566065,0.03910523984416139
-0.8813112666136022,1.0002928686546901,-1.0038140082695195,-1.6692142418040612,-1.500680311164093,0.8929049364253795,1.079573661069119,-1.0319759733814,-0.9812984158609885,-1.5893589992173165,-1.5104932060575653
1.4885139109339978,1.0002928686546901,-1.0038140082695195,-0.8455601629211685,-0.7154023889523939,0.5432580658953174,1.0095865877920833,-0.8168534922721673,-0.5008228418854801,-0.8304716953824961,-0.3947823250083221
-1.473767561000502,-0.999707217092246,-1.0038140082695195,0.7301259010287131,0.6118279021096324,-0.15603567516480676,1.079573661069119,0.30485658779740304,1.4668390324904113,1.40219674923299,1.12382415197537
-1.473767561000502,1.0002928686546901,0.9962004831192838,-0.1293392247621314,0.20259856236550766,1.2425518069554415,1.1845542709846721,-0.6017310111629346,-0.7753803127286277,0.2913617102863689,-0.7047020141886674
0.30360132216019775,1.0002928686546901,-1.0038140082695195,0.4794485726730502,1.0210572418537573,-1.2049762867549931,-0.6759354269631894,0.04363643216476338,-0.592341998833196,0.43434047767553796,-0.14684657366404583
-0.2888549722267022,1.0002928686546901,0.9962004831192838,1.3031026515559427,0.4127433584503285,-1.554623157285055,-0.26184524340739573,-0.5556333366395276,-0.7067409450178409,0.3133584437308565,2.0225912505983716
-0.8813112666136022,1.0002928686546901,-1.0038140082695195,-0.7023159752893611,-0.9476676898882486,1.5921986774855037,1.3886832347093592,-0.5402674451317253,-0.18050579256847454,-0.3135484594370387,-0.2088305115001149
0.30360132216019775,-0.999707217092246,0.9962004831192838,0.26458229122533905,0.26896007691860896,-0.855329416224931,0.7063092702582626,-0.4019744215615043,-0.18050579256847454,0.40134537750880667,0.5039847736146794
1.4885139109339978,1.0002928686546901,-1.0038140082695195,-0.48744969384164993,-0.5937396122717081,-1.2049762867549931,-0.20935493844961908,0.30485658779740304,0.025412310563886178,-0.43453049338172023,-0.6117261074345638
-0.2888549722267022,1.0002928686546901,-1.0038140082695195,1.4463468391877503,1.0763585039813417,0.8929049364253795,1.3011993931130648,2.2716907007961016,1.6269975571489141,1.7431461176225471,0.07009720876219591
0.8960576165470977,-0.999707217092246,-1.0038140082695195,1.5179689330036539,1.2090815330875444,0.8929049364253795,0.14058042793555864,0.6429062009690544,1.2609209293580506,0.6543078121204134,1.7746554992540953
-0.2888549722267022,-0.999707217092246,-1.0038140082695195,0.5868817133969058,0.6892496690882507,-0.5056825456948688,-1.3349803669886076,-0.663194577194144,1.558358189438127,0.5443241448979758,1.12382415197537
0.30360132216019775,1.0002928686546901,0.9962004831192838,-0.738127022197313,-0.41677557346343796,-0.15603567516480676,-1.0200385372419476,-0.8783170583033766,-0.18050579256847454,-0.4675255935484516,-1.0766056412050817
1.4885139109339978,1.0002928686546901,0.9962004831192838,-0.2725834123939388,-0.11814875797448206,0.19361119536525534,-0.3901548777486276,0.7811992245392754,0.16269104598546,-0.34654355960377003,-0.11585460474601128
-1.473767561000502,1.0002928686546901,-1.0038140082695195,-0.16515027167008323,-0.0849680006979314,0.5432580658953174,0.25139329395753157,0.3970519368442171,0.8490847230933292,-0.44552886010396403,-0.053870666909942216
1.4885139109339978,1.0002928686546901,0.9962004831192838,0.26458229122533905,-0.3061730492082691,-0.855329416224931,1.4470057957735556,-0.3712426385458996,0.917724090804116,-0.11557785843665076,0.8139044627950247
-0.2888549722267022,1.0002928686546901,-1.0038140082695195,-1.740836335619965,-1.6444635926958124,1.5921986774855037,-0.46597420713208276,-1.1549031054438186,-1.1414569405194912,-1.622354099384048,-1.4485092682214962
0.30360132216019775,-0.999707217092246,-1.0038140082695195,-0.2725834123939388,-0.7264626413779108,-0.5056825456948688,1.645302503391823,0.2433930217661937,0.04829209980081515,-0.016592557936456784,0.16307311551629952
-1.473767561000502,1.0002928686546901,-1.0038140082695195,0.26458229122533905,0.4901651254289467,0.5432580658953174,0.4321932332565401,0.21266123875058904,1.3066805078319086,0.3133584437308565,0.6899365871228866
0.30360132216019775,1.0002928686546901,-1.0038140082695195,-0.3442055062098425,0.0809357856848219,0.19361119536525534,-0.35516134111010983,-0.5556333366395276,-0.9584186266240595,-0.6984912947155708,0.22505705335236859
0.8960576165470977,1.0002928686546901,-1.0038140082695195,1.016614276292328,1.8063351640654561,1.5921986774855037,-1.2416642692858935,1.042419380171915,-0.27202494951619044,0.9512637136209954,0.7829124938769902
0.8960576165470977,-0.999707217092246,-1.0038140082695195,0.19296019740943532,0.5675868924075649,1.5921986774855037,-0.016890486937771336,-0.3712426385458996,1.3524400863057664,-0.2695549925480636,0.9068803695491283
0.8960576165470977,1.0002928686546901,-1.0038140082695195,-1.6692142418040612,-1.5670418257171943,-0.15603567516480676,-0.885896646794296,-1.1549031054438186,-1.0728175728087044,-1.567362265772829,-1.4485092682214962
-0.8813112666136022,1.0002928686546901,-1.0038140082695195,0.515259619581002,0.0919960381103388,-0.855329416224931,1.53448963736985,-0.8475852752877719,-1.1414569405194912,0.973260447065483,1.46473581007375
1.4885139109339978,-0.999707217092246,0.9962004831192838,-1.5975921479881574,-1.5228008160151267,-0.15603567516480676,1.6219734789661444,-0.939780624334586,-1.0499377835717754,-1.4463802318281476,-1.324541392549358
1.4885139109339978,1.0002928686546901,-1.0038140082695195,1.016614276292328,1.3971058243213315,0.8929049364253795,1.5053283568377518,2.4253496158741252,1.71851671409663,0.22537150995290625,1.7436635303360608
0.8960576165470977,-0.999707217092246,-1.0038140082695195,-0.6665049283814092,-0.3282935540593029,0.5432580658953174,0.4905157943207364,-1.170268996951621,-0.8897792589132726,-0.8414700621047398,-0.6427180763525984
0.8960576165470977,-0.999707217092246,-1.0038140082695195,1.1240474170161836,1.430286581597882,0.19361119536525534,0.5663351237041916,0.6121744179534497,1.2838007185949796,1.116239214454652,0.6899365871228866
0.30360132216019775,-0.999707217092246,0.9962004831192838,-0.3442055062098425,-0.06284749584689762,0.8929049364253795,0.9395995145150479,-0.43270620457710895,0.3686091491178207,-0.02759092465870056,-0.6117261074345638
0.8960576165470977,1.0002928686546901,0.9962004831192838,1.4105357922797983,0.7003099215137676,0.5432580658953174,-0.5301290243026987,1.3958348848513686,2.8167465974692205,1.0062555472322143,2.518462753286924
-1.473767561000502,1.0002928686546901,-1.0038140082695195,-1.0604264443688796,-0.7707036510799784,-1.2049762867549931,-0.26184524340739573,-0.5556333366395276,-0.27202494951619044,-1.0174439296606403,-1.0146217033690128
-0.2888549722267022,1.0002928686546901,0.9962004831192838,-0.021906084038275812,0.4791048730034298,0.5432580658953174,1.0270833561113422,-0.6785604687019463,-0.0661068463838297,-0.5775092607708893,0.47299280469664484
0.8960576165470977,1.0002928686546901,-1.0038140082695195,1.2314805577400392,1.0763585039813417,-1.554623157285055,-1.1308514032639205,-0.8629511667955743,-1.0499377835717754,0.7202980124538761,1.991599281680337
1.4885139109339978,1.0002928686546901,0.9962004831192838,-1.2752927258165907,-1.0693304665689343,-1.2049762867549931,-1.0783610983061438,-1.0319759733814,-0.8211398912024858,-1.3473949313279536,-1.1695815479591853
-0.2888549722267022,-0.999707217092246,0.9962004831192838,0.15714915050148345,0.7224304263648014,-1.554623157285055,-1.6907479894802049,0.6582720924768567,-0.9126590481502016,0.7092996457316324,0.8139044627950247
0.8960576165470977,-0.999707217092246,0.9962004831192838,1.3389136984638947,1.319684057342713,-1.554623157285055,-1.1250191471575008,1.3497372103279617,0.2770899921701048,1.2042261482326022,0.2560490222704031
-0.8813112666136022,-0.999707217092246,0.9962004831192838,-0.5948828345655055,-0.903426680186181,-1.2049762867549931,-0.37849036553578835,-0.6785604687019463,-0.7753803127286277,-0.2365598923813323,-0.3018064182542185
0.8960576165470977,-0.999707217092246,-1.0038140082695195,1.4463468391877503,1.2643827952151288,-1.554623157285055,1.2428768320488686,2.4253496158741252,1.581237978675056,1.9741118187896662,1.6816795924999917
0.30360132216019775,1.0002928686546901,0.9962004831192838,0.765936947936665,0.7113701739392845,-1.554623157285055,0.15807719625481753,0.47388139438322874,-0.7753803127286277,1.2922130820105524,-0.3947823250083221
-1.473767561000502,-0.999707217092246,0.9962004831192838,0.3720154319491946,0.4459241157268792,-0.855329416224931,1.6977928083495997,0.9809558141407058,0.20845062445931795,0.17037967634168738,0.8139044627950247
-0.8813112666136022,1.0002928686546901,-1.0038140082695195,0.765936947936665,1.430286581597882,0.5432580658953174,0.9804253072599852,0.3816860453364147,1.2380411401211215,1.358203282344015,-0.3018064182542185
1.4885139109339978,1.0002928686546901,-1.0038140082695195,-1.1320485381847833,-0.8481254180585965,1.5921986774855037,0.6771479897261645,-0.3712426385458996,-0.5008228418854801,-0.9514537293271776,-0.6737100452706329
-0.8813112666136022,-0.999707217092246,-1.0038140082695195,-1.45434796035635,-1.279475262653755,-1.2049762867549931,-0.1685291457046817,-1.0012441903657954,-0.8440196804394147,-1.2594079975500034,-1.2315654857952545
0.8960576165470977,1.0002928686546901,0.9962004831192838,-1.3827258665404463,-1.2241740005261708,0.8929049364253795,-0.08104530410838726,-1.0166100818735977,-0.9355388373871306,-1.413385131661416,-1.262557454713289
0.8960576165470977,-0.999707217092246,-1.0038140082695195,0.40782647885714646,-0.3061730492082691,1.5921986774855037,-0.30267103615233315,1.0270534886641127,1.3295602970688374,0.22537150995290625,0.9378723384671629
0.8960576165470977,-0.999707217092246,0.9962004831192838,-1.5975921479881574,-1.5228008160151267,-1.2049762867549931,0.9454317706214674,-1.0319759733814,-1.0270579943348466,-1.4353818651059038,-1.4485092682214962
-0.2888549722267022,-0.999707217092246,-1.0038140082695195,1.3389136984638947,1.2754430476406458,0.8929049364253795,0.5663351237041916,0.8272968990626824,2.359150812730641,0.5663208783424633,1.8366394370901644
-0.2888549722267022,1.0002928686546901,0.9962004831192838,-0.9888043505529759,-0.6711613792503264,1.5921986774855037,0.06476109855210346,-0.5863651196551323,-1.0041782050979176,-0.8084749619380086,-0.48775823176242566
0.30360132216019775,-0.999707217092246,0.9962004831192838,-0.4158276000257462,-0.12920901039999894,1.2425518069554415,1.3420251858580021,-0.3558767470380973,-0.2262653710423325,-0.39053702649274513,-0.7047020141886674
-0.8813112666136022,1.0002928686546901,-1.0038140082695195,-1.705025288712013,-1.6002225829937449,-0.15603567516480676,0.8521156729187533,-1.1549031054438186,-1.1414569405194912,-1.567362265772829,-1.5104932060575653
1.4885139109339978,-0.999707217092246,0.9962004831192838,-0.738127022197313,-0.37253456376137045,-0.15603567516480676,0.42636097715012045,0.18192945573498437,-0.31778452799004836,-0.5885076274931331,-0.2708144493361839
-0.2888549722267022,-0.999707217092246,0.9962004831192838,0.013904962869676045,0.5012253778544636,1.5921986774855037,-0.05188402357628911,-0.017827133866445955,0.9863634585149029,0.4673355778422693,-0.48775823176242566
0.8960576165470977,1.0002928686546901,0.9962004831192838,-0.2725834123939388,-0.018606486144830077,-0.5056825456948688,-1.2591610376051523,-0.43270620457710895,-1.1185771512825624,-0.6764945612710833,-0.02287869799190768
-1.473767561000502,-0.999707217092246,-1.0038140082695195,0.19296019740943532,-0.19557052495310026,-1.554623157285055,-0.8100773174108409,-0.6324627941785393,-0.20338558180540353,-0.038589291380944336,-0.2708144493361839
1.4885139109339978,-0.999707217092246,0.9962004831192838,-0.3442055062098425,-0.5605588549951576,-1.2049762867549931,1.126231709920476,-0.47880387910051597,0.25421020293317587,-0.7204880281600584,-0.02287869799190768
0.30360132216019775,-0.999707217092246,-1.0038140082695195,1.3031026515559427,1.6957326398102874,-1.554623157285055,-0.9092256712199746,0.6582720924768567,-0.7296207342547698,1.0392506473989456,0.9688643073851974
0.30360132216019775,1.0002928686546901,0.9962004831192838,1.3389136984638947,1.2754430476406458,0.19361119536525534,0.6363221969812272,1.3036395358045547,2.359150812730641,1.2922130820105524,1.4337438411557153
-0.2888549722267022,1.0002928686546901,0.9962004831192838,-0.4516386469336981,-0.7928241559310122,0.19361119536525534,1.5578186617955285,-0.23294961497567862,-1.0041782050979176,-0.7424847616045459,-0.9526377655329437
1.4885139109339978,-0.999707217092246,-1.0038140082695195,-0.16515027167008323,-0.0849680006979314,-0.855329416224931,1.0854059171755386,-0.15612015743666696,0.29996978140703384,-0.04958765810318811,0.38001689794254123
-0.2888549722267022,1.0002928686546901,0.9962004831192838,0.8375590417525687,-0.029666738570346962,1.5921986774855037,0.16390945236123716,1.2882736442967524,1.1694017724103347,0.4233421109532942,1.6506876235819572
1.4885139109339978,-0.999707217092246,-1.0038140082695195,1.0524253232002798,1.2754430476406458,1.5921986774855037,1.1378962221333153,0.07436821518036804,2.2218720773090674,1.6221640836778657,0.8758884006310937
0.8960576165470977,-0.999707217092246,-1.0038140082695195,0.19296019740943532,-0.35041405891033667,-1.2049762867549931,0.700477014151843,-0.29441318100688796,-0.4779430526485512,-0.07158439154767567,-0.48775823176242566
-1.473767561000502,1.0002928686546901,0.9962004831192838,0.8733700886605206,1.1759007758109936,1.2425518069554415,1.4295090274542968,0.2433930217661937,-1.0041782050979176,0.3793486440643191,0.47299280469664484
1.4885139109339978,-0.999707217092246,0.9962004831192838,0.15714915050148345,0.4016831060248116,0.19361119536525534,0.023935305807166067,-0.6478286856863417,-0.9812984158609885,0.6433094453981697,0.008113270926126851
1.4885139109339978,-0.999707217092246,-1.0038140082695195,-0.738127022197313,-0.7928241559310122,-0.855329416224931,-1.5507738429261337,-0.663194577194144,-1.0499377835717754,-0.7644814950490335,-0.85966185877884
0.30360132216019775,1.0002928686546901,-1.0038140082695195,0.6585038072128094,0.04775502840827124,1.5921986774855037,-1.6849157333737852,-0.46343798759271365,-0.31778452799004836,0.5773192450647071,-0.053870666909942216
1.4885139109339978,-0.999707217092246,-1.0038140082695195,-1.1678595850927351,-0.9255471850372148,1.2425518069554415,-0.8275740857300997,-0.8168534922721673,-0.8897792589132726,-1.2484096308277595,-1.1075976101231164
-0.8813112666136022,-0.999707217092246,-1.0038140082695195,0.0497160097776279,-0.018606486144830077,0.19361119536525534,1.1378962221333153,-0.663194577194144,0.5058878845393946,0.14838294289719983,0.03910523984416139
-1.473767561000502,1.0002928686546901,0.9962004831192838,-1.1678595850927351,-1.2684150102282383,-1.554623157285055,-0.5476257926219575,-0.5556333366395276,-0.592341998833196,-1.1714210637720532,-1.1075976101231164
0.8960576165470977,-0.999707217092246,-1.0038140082695195,-1.6692142418040612,-1.5228008160151267,1.2425518069554415,1.330360673645163,-1.170268996951621,-1.1414569405194912,-1.567362265772829,-1.3555333614673926
-1.473767561000502,1.0002928686546901,0.9962004831192838,-0.9171822567370722,-0.9366074374627317,0.8929049364253795,-0.17436140181110132,-0.46343798759271365,-0.36354410646390634,-0.984448829493909,-1.1385895790411509
-0.2888549722267022,-0.999707217092246,-1.0038140082695195,-1.6334031948961094,-1.489620058738576,-0.15603567516480676,-1.6032641478839105,-1.1088054309204116,-1.0728175728087044,-1.468376965272635,-1.324541392549358
0.30360132216019775,-0.999707217092246,-1.0038140082695195,-0.3442055062098425,-0.38359481618688734,-0.15603567516480676,0.7587995752160394,-0.09465659140545762,0.2770899921701048,0.027400908952518316,-0.8906538276968746
1.4885139109339978,-0.999707217092246,0.9962004831192838,1.6254020737275094,1.9058774358951083,-1.554623157285055,1.738618601094537,-0.617096902670737,2.3820306019675703,1.2812147152883087,0.38001689794254123
-0.8813112666136022,-0.999707217092246,0.9962004831192838,-0.7023159752893611,-0.40571532103792113,-1.2049762867549931,1.5869799423276267,-0.9244147328267837,-0.592341998833196,-0.8854635289937149,-0.42577429392635663
-0.8813112666136022,-0.999707217092246,0.9962004831192838,0.26458229122533905,-0.2398115346551678,0.19361119536525534,1.53448963736985,0.5814426349378451,0.7804453553825422,-0.34654355960377003,-0.332798387172253
-0.2888549722267022,-0.999707217092246,0.9962004831192838,0.4436375257650983,1.0431777467047911,-0.5056825456948688,-0.7867482929851624,0.028270540656961045,-0.638101577307054,-0.2365598923813323,0.596960680368783
-0.2888549722267022,1.0002928686546901,-1.0038140082695195,1.3031026515559427,1.4192263291723652,0.19361119536525534,-0.3260000605780117,1.4419325593747758,0.2313304136962469,0.8522784131208014,0.5349767425327139
-0.2888549722267022,-0.999707217092246,0.9962004831192838,1.0882363701082318,1.1648405233854768,-0.5056825456948688,-0.839238597942939,2.2716907007961016,1.4897188217273403,0.5113290447312444,1.4027518722376808
1.4885139109339978,-0.999707217092246,-1.0038140082695195,0.3720154319491946,0.6118279021096324,1.5921986774855037,-0.681767683069609,0.2894906962896007,-0.6838611557809119,0.19237640978617493,0.2870409911884377
-0.8813112666136022,1.0002928686546901,0.9962004831192838,1.732835214451365,2.5805528338516384,-1.554623157285055,1.6103089667533053,1.8568116300854387,-0.4779430526485512,0.5553225116202195,0.47299280469664484
-0.8813112666136022,-0.999707217092246,-1.0038140082695195,-1.5975921479881574,-1.5449213208661605,0.5432580658953174,-0.9092256712199746,-1.0473418648892023,-0.9126590481502016,-1.42438349838366,-1.2935494236313236
0.30360132216019775,1.0002928686546901,0.9962004831192838,0.3362043850412427,0.6781894166627338,-1.2049762867549931,1.1845542709846721,-0.43270620457710895,0.8948443015671871,0.23636987667515003,0.8139044627950247
-0.2888549722267022,1.0002928686546901,0.9962004831192838,0.15714915050148345,0.35744209632274404,-0.15603567516480676,-0.4893032315577613,-0.11002248291325996,-0.13474621409461662,0.3683502773420753,-0.2708144493361839
-1.473767561000502,-0.999707217092246,0.9962004831192838,0.8017479948446169,0.8993944651730715,-1.554623157285055,0.09975463519062125,1.2575418612811478,0.20845062445931795,1.171231048065871,-0.2708144493361839
1.4885139109339978,-0.999707217092246,-1.0038140082695195,-0.23677236548598696,0.014574271131720584,-1.2049762867549931,-1.154180427689599,-1.124171322428214,0.09405167827467309,0.2583666101196376,-0.797677920942771
-1.473767561000502,1.0002928686546901,-1.0038140082695195,-1.3469148196324945,-1.2462945053772045,0.8929049364253795,0.5313415870656738,-0.6017310111629346,-0.7525005234916988,-1.1494243303275655,-1.2935494236313236
-0.8813112666136022,-0.999707217092246,-1.0038140082695195,0.765936947936665,0.6450086593861831,0.5432580658953174,-1.0375353055612064,-0.617096902670737,1.5125986109642693,0.7312963791761199,-0.11585460474601128
-1.473767561000502,1.0002928686546901,0.9962004831192838,-0.8813712098291203,-1.0803907189944513,-1.554623157285055,-1.2941545742436702,-1.1395372139360163,-0.020347267909971763,-0.9954471962161527,-0.7047020141886674
-0.8813112666136022,1.0002928686546901,0.9962004831192838,0.3362043850412427,-0.3282935540593029,0.8929049364253795,0.8404511607059141,0.19729534724278672,-0.5465824203593381,0.5993159785091946,-0.6427180763525984
-0.2888549722267022,1.0002928686546901,0.9962004831192838,-1.1320485381847833,-0.903426680186181,0.5432580658953174,1.2778703686873862,-0.41734031306930663,-0.3406643172269774,-1.1714210637720532,-0.8906538276968746
0.30360132216019775,-0.999707217092246,0.9962004831192838,-0.23677236548598696,-0.5716191074206745,-0.5056825456948688,1.6103089667533053,-0.24831550648348097,0.04829209980081515,-0.37953865977050133,-0.2708144493361839
1.4885139109339978,1.0002928686546901,0.9962004831192838,1.1956695108320872,0.3795626011737778,1.5921986774855037,0.607160916449129,-0.7707558177487603,0.4830080953024656,1.5011820497331843,1.4027518722376808
1.4885139109339978,1.0002928686546901,-1.0038140082695195,0.40782647885714646,-0.1623897676765496,-1.554623157285055,-0.7634192685594838,-0.6478286856863417,1.672757135622772,-0.1375745918811383,0.16307311551629952
-0.8813112666136022,1.0002928686546901,0.9962004831192838,-1.6692142418040612,-1.5117405635896097,0.8929049364253795,0.5196770748528345,-1.0934395394126093,-1.0728175728087044,-1.5343671656060978,-1.4795012371395309
-1.473767561000502,1.0002928686546901,0.9962004831192838,0.3720154319491946,0.0809357856848219,1.2425518069554415,-0.8334063418365194,0.8272968990626824,1.3295602970688374,0.43434047767553796,1.1858080898114391
-1.473767561000502,1.0002928686546901,-1.0038140082695195,-0.021906084038275812,-0.4941973404420562,0.8929049364253795,0.7413028068967804,-0.9090488413189813,-0.8897792589132726,0.06039600911924964,-0.053870666909942216
-0.8813112666136022,-0.999707217092246,0.9962004831192838,1.1598584639241354,0.18047805751447388,-1.554623157285055,-1.358309391414286,2.2255930262726946,0.3686091491178207,1.3362065488995276,-0.14684657366404583
-1.473767561000502,1.0002928686546901,-1.0038140082695195,-0.8813712098291203,-0.6379806219737757,1.2425518069554415,1.6336379911789838,-0.7246581432253533,-0.8211398912024858,-1.1054308634385905,-0.8286698898608056
-0.8813112666136022,-0.999707217092246,0.9962004831192838,1.267291604647991,1.4081660767468482,1.5921986774855037,-1.072528842199724,0.7197356585080661,2.2447518665459962,1.31420981545504,0.9068803695491283
0.8960576165470977,1.0002928686546901,-1.0038140082695195,-1.0246153974609278,-0.7375228938034277,0.8929049364253795,1.5578186617955285,-0.5402674451317253,-0.7067409450178409,-0.9184586291604463,-0.6737100452706329
-0.2888549722267022,-0.999707217092246,-1.0038140082695195,-0.6306938814734574,-0.2398115346551678,0.8929049364253795,-1.7432382944379816,-0.3097790725146903,0.20845062445931795,-0.8524684288269837,-0.5807341385165293
1.4885139109339978,1.0002928686546901,0.9962004831192838,-0.23677236548598696,-0.317233301633786,-0.5056825456948688,-0.1860259140239406,-0.7861217092565627,-1.0270579943348466,-0.24755825910357607,0.4110088668605758
0.8960576165470977,1.0002928686546901,0.9962004831192838,-1.239481678908639,-1.3237162723558227,1.5921986774855037,-1.3291481108821879,-0.9090488413189813,-0.615221788070125,-1.1604226970498093,-1.2315654857952545
-0.8813112666136022,1.0002928686546901,-1.0038140082695195,0.4794485726730502,0.13623704781240634,-0.855329416224931,-0.996709512816269,0.7504674415236707,1.3524400863057664,0.9622620803432391,1.2168000587294736
1.4885139109339978,1.0002928686546901,0.9962004831192838,0.3003933381332909,0.0919960381103388,-0.855329416224931,1.1612252465589936,1.2882736442967524,0.002532521326957207,-0.3135484594370387,-0.5807341385165293
-0.8813112666136022,1.0002928686546901,-1.0038140082695195,1.3747247453718465,0.5344061351310142,-1.554623157285055,0.3155481111281475,0.7965651160470777,-1.0041782050979176,0.2913617102863689,1.526719747909819
-0.2888549722267022,1.0002928686546901,-1.0038140082695195,1.732835214451365,0.5233458827054973,-0.855329416224931,-1.673251221160946,2.1333976772258807,-0.638101577307054,1.7871395845115223,1.8676314060081989
0.8960576165470977,-0.999707217092246,-1.0038140082695195,-0.09352817785417952,0.3795626011737778,0.5432580658953174,1.0212511000049227,0.5046131773988334,0.18557083522238896,-0.2695549925480636,0.47299280469664484
-1.473767561000502,1.0002928686546901,-1.0038140082695195,-1.0246153974609278,-0.7264626413779108,-1.2049762867549931,-0.20935493844961908,-1.0166100818735977,-0.9126590481502016,-1.182419430494297,-0.6737100452706329
0.8960576165470977,1.0002928686546901,-1.0038140082695195,0.3362043850412427,0.06987553325930501,1.2425518069554415,-0.03438725525703022,-0.11002248291325996,-0.043227057146900734,-0.21456315893684474,0.4420008357786103
-1.473767561000502,1.0002928686546901,-1.0038140082695195,1.732835214451365,1.3086238049171963,0.8929049364253795,-0.19185817013036022,-0.617096902670737,2.8167465974692205,2.3920497542349297,2.0225912505983716
-1.473767561000502,-0.999707217092246,0.9962004831192838,-0.8097491160132166,-0.9255471850372148,0.19361119536525534,-1.4574577452234196,-0.524901553623923,-0.6838611557809119,-0.44552886010396403,-1.1075976101231164
1.4885139109339978,-0.999707217092246,0.9962004831192838,0.22877124431738718,-0.018606486144830077,1.5921986774855037,1.283702624793806,1.2268100782655431,1.100762404699548,-0.11557785843665076,-0.48775823176242566
0.30360132216019775,1.0002928686546901,0.9962004831192838,-0.6665049283814092,-0.44995633073998864,-0.855329416224931,0.6363221969812272,0.21266123875058904,0.16269104598546,-0.7754798617712773,-1.0766056412050817
-1.473767561000502,1.0002928686546901,0.9962004831192838,1.5179689330036539,1.8616364261930407,-0.5056825456948688,-0.9383869517520728,2.6558379884911605,0.3228495706439628,2.1720824197900543,2.3015189708606822
0.30360132216019775,-0.999707217092246,-1.0038140082695195,-0.9171822567370722,-0.6490408743992926,-1.2049762867549931,1.2312123198360292,-0.7400240347331556,-0.3864238957008353,-0.6325010943821082,-0.3947823250083221
0.30360132216019775,1.0002928686546901,0.9962004831192838,-0.4516386469336981,-0.51631784529309,0.19361119536525534,1.6744637839239211,-0.5402674451317253,-1.0270579943348466,-0.02759092465870056,-0.8286698898608056
0.30360132216019775,1.0002928686546901,0.9962004831192838,0.9449921824764242,1.5630096107040847,-0.15603567516480676,-1.3991351841592234,-0.11002248291325996,0.25421020293317587,0.7422947458983636,-0.2398224804181494
0.30360132216019775,1.0002928686546901,0.9962004831192838,-1.2752927258165907,-1.1135714762710018,-0.855329416224931,-1.4399609769041608,-1.1395372139360163,-1.0956973620456334,-1.0504390298273716,-1.262557454713289
-1.473767561000502,-0.999707217092246,-1.0038140082695195,-0.2725834123939388,-0.5826793598461912,-1.2049762867549931,0.5663351237041916,0.7504674415236707,-0.660981366543983,0.2033747765084187,-0.8906538276968746
-0.8813112666136022,1.0002928686546901,0.9962004831192838,-0.8097491160132166,-1.0250894568668667,1.5921986774855037,0.7529673191096197,-1.0012441903657954,-0.40930368493776426,-0.5335157938819142,-1.1075976101231164
1.4885139109339978,-0.999707217092246,0.9962004831192838,1.482157886095702,1.5077083485765004,1.5921986774855037,0.1114191474034605,1.042419380171915,1.3295602970688374,2.0620987525676164,1.7436635303360608
-1.473767561000502,1.0002928686546901,-1.0038140082695195,1.0524253232002798,0.3132010866206765,0.8929049364253795,1.1203994538140563,0.9809558141407058,1.2151613508841925,0.9072702467320203,1.7436635303360608
0.8960576165470977,-0.999707217092246,-1.0038140082695195,-1.3827258665404463,-1.390077786908924,-0.5056825456948688,1.5928121984340462,-0.9090488413189813,-0.660981366543983,-1.3693916647724411,-1.262557454713289
1.4885139109339978,1.0002928686546901,0.9962004831192838,-1.2036706320006871,-1.102511223845485,0.8929049364253795,1.2895348809002256,-0.893682949811179,-0.8668994696763437,-1.226412897383272,-1.2315654857952545
-0.2888549722267022,1.0002928686546901,-1.0038140082695195,0.515259619581002,0.9657559797261728,1.2425518069554415,-0.8275740857300997,-0.9705124073501906,1.695636924859701,0.3243568104531002,0.7209285560409211
1.4885139109339978,-0.999707217092246,-1.0038140082695195,1.732835214451365,2.2708657659371654,-0.15603567516480676,-1.2066707326473756,0.059002323672565714,-0.15762600333154558,2.6450121888465365,2.4874707843688895
0.30360132216019775,-0.999707217092246,0.9962004831192838,-0.7739380691052647,-1.0361497092923837,0.19361119536525534,-1.4341287207977411,0.13583178121157738,-0.5465824203593381,-0.5555125273264018,-0.5807341385165293
-0.8813112666136022,-0.999707217092246,0.9962004831192838,1.6970241675434132,0.8993944651730715,0.19361119536525534,-0.9850450006034298,-0.663194577194144,1.741396503333559,1.6881542840113284,2.7663985046312005
1.4885139109339978,-0.999707217092246,-1.0038140082695195,1.5537799799116059,0.7334906787903183,-0.855329416224931,1.4645025640928144,0.8887604650938917,1.5354784002011983,1.061247380843433,0.5659687114507485
-1.473767561000502,-0.999707217092246,0.9962004831192838,-0.2725834123939388,-0.09602825312344829,0.5432580658953174,0.012270793594326809,-0.57099922814733,-0.9355388373871306,0.17037967634168738,0.22505705335236859
0.30360132216019775,1.0002928686546901,-1.0038140082695195,0.013904962869676045,0.3353215914717103,-0.15603567516480676,-1.1891739643281167,-1.1395372139360163,0.6889261984348263,0.03839927567476209,0.4110088668605758
0.30360132216019775,1.0002928686546901,0.9962004831192838,-1.45434796035635,-1.3237162723558227,0.5432580658953174,1.1145671977076368,-0.8629511667955743,-1.1185771512825624,-1.2704063642722472,-1.20057351687722
0.8960576165470977,-0.999707217092246,-1.0038140082695195,-0.6306938814734574,-0.4831370880165393,-1.2049762867549931,-0.273509755620235,-0.5095356621161207,-0.9355388373871306,-0.7204880281600584,-0.5187502006804602
-0.2888549722267022,1.0002928686546901,0.9962004831192838,-0.5232607407496018,-0.2619320395062016,1.2425518069554415,1.2545413442617077,0.16656356422718205,-0.20338558180540353,-0.5335157938819142,-0.2708144493361839
-0.2888549722267022,-0.999707217092246,-1.0038140082695195,0.40782647885714646,0.9104547175985884,-0.5056825456948688,0.03559981802000532,0.3816860453364147,1.3295602970688374,0.7312963791761199,1.3097759654835772
-0.8813112666136022,-0.999707217092246,-1.0038140082695195,1.482157886095702,1.6072506204061523,-0.15603567516480676,0.047264330232844584,1.5802255829449967,1.558358189438127,2.2600693535680043,2.1775510951885444
1.4885139109339978,-0.999707217092246,-1.0038140082695195,1.6970241675434132,2.481010562021986,1.2425518069554415,-1.6324254284160087,1.7953480640542294,0.025412310563886178,0.5223274114534882,0.03910523984416139
0.30360132216019775,-0.999707217092246,0.9962004831192838,-1.3111037727245427,-1.379017534483407,0.5432580658953174,0.5546706114913523,-0.57099922814733,-1.0956973620456334,-1.2704063642722472,-1.0146217033690128
-0.8813112666136022,1.0002928686546901,0.9962004831192838,-0.2725834123939388,-0.6379806219737757,-0.855329416224931,-0.3260000605780117,-0.017827133866445955,0.04829209980081515,-0.038589291380944336,-0.2398224804181494
1.4885139109339978,1.0002928686546901,0.9962004831192838,1.2314805577400392,1.1759007758109936,0.5432580658953174,1.0912381732819583,0.9809558141407058,1.3753198755426954,1.8971232517339598,1.9606073127623025
0.8960576165470977,1.0002928686546901,0.9962004831192838,0.6585038072128094,0.7556111836413519,-0.15603567516480676,-0.5067999998770202,-0.2175837234678763,0.940603880041045,0.5993159785091946,-0.332798387172253
0.8960576165470977,-0.999707217092246,-1.0038140082695195,-0.30839445930189063,0.18047805751447388,-0.855329416224931,-1.2708255498179917,0.32022247930520537,-0.27202494951619044,-0.038589291380944336,0.2870409911884377
-0.8813112666136022,1.0002928686546901,-1.0038140082695195,-1.705025288712013,-1.5559815732916773,0.19361119536525534,-0.9092256712199746,-1.0627077563970047,-1.0499377835717754,-1.5343671656060978,-1.4795012371395309
1.4885139109339978,-0.999707217092246,-1.0038140082695195,-0.8813712098291203,-0.6711613792503264,-0.5056825456948688,1.4761670763056538,-0.5863651196551323,-0.9812984158609885,-0.5335157938819142,-0.5187502006804602
-1.473767561000502,1.0002928686546901,-1.0038140082695195,-1.740836335619965,-1.6223430878447787,1.5921986774855037,0.09392237908420162,-1.078073647904807,-1.0956973620456334,-1.6003573659395605,-1.4795012371395309
-1.473767561000502,-0.999707217092246,0.9962004831192838,-0.5232607407496018,-0.7264626413779108,-0.855329416224931,-0.4076516460678865,-0.617096902670737,-0.3864238957008353,-0.4235321266594764,0.07009720876219591
-1.473767561000502,1.0002928686546901,-1.0038140082695195,1.6612131206354614,2.4478298047454357,1.5921986774855037,0.5954964042362897,0.7043697670002638,2.565068915863002,0.9842588137877267,1.7126715614180261
-0.2888549722267022,-0.999707217092246,-1.0038140082695195,0.0497160097776279,-0.18451027252758337,-1.554623157285055,1.0387478683241815,-0.07929069989765529,0.04829209980081515,0.03839927567476209,0.3490249290245067
-1.473767561000502,-0.999707217092246,-1.0038140082695195,-0.1293392247621314,-0.04072699099586385,1.5921986774855037,0.9104382339829497,0.7351015500158684,0.002532521326957207,0.027400908952518316,-0.3947823250083221
1.4885139109339978,1.0002928686546901,-1.0038140082695195,-1.6334031948961094,-1.5117405635896097,0.19361119536525534,-0.4193161582807257,-1.1395372139360163,-1.0041782050979176,-1.5453655323283415,-1.4795012371395309
0.30360132216019775,1.0002928686546901,-1.0038140082695195,1.1956695108320872,1.33074430976823,0.19361119536525534,0.029767561913585695,2.1333976772258807,0.8719645123302581,0.9402653468987516,-0.08486263582797675
-0.8813112666136022,-0.999707217092246,0.9962004831192838,0.9091811355684725,1.131659766108926,-0.15603567516480676,-0.022722743044190967,0.059002323672565714,-1.0499377835717754,1.072245747565677,1.8676314060081989
-0.2888549722267022,1.0002928686546901,0.9962004831192838,-0.7739380691052647,-0.5494986025696407,-0.15603567516480676,-1.655754452841687,0.08973410668817038,-1.0499377835717754,-0.9514537293271776,-1.0456136722870473
-0.8813112666136022,1.0002928686546901,0.9962004831192838,-1.5975921479881574,-1.5228008160151267,-0.15603567516480676,0.5838318920234504,-1.0934395394126093,-1.0270579943348466,-1.523368798883854,-1.2935494236313236
-0.8813112666136022,-0.999707217092246,0.9962004831192838,1.732835214451365,2.691155358106807,0.19361119536525534,1.21954780762319,0.6582720924768567,-0.2949047387531194,1.655159183844597,2.6424306289590622
-0.2888549722267022,1.0002928686546901,-1.0038140082695195,-0.2725834123939388,-0.37253456376137045,1.5921986774855037,0.5954964042362897,0.627540309461252,-0.08898663562075868,-0.10457949171440699,-0.5187502006804602
-0.8813112666136022,-0.999707217092246,-1.0038140082695195,1.4463468391877503,1.2201417855130612,-0.5056825456948688,0.7471350630032001,2.0412023281790668,0.4830080953024656,1.3911983825107463,1.2168000587294736
-0.2888549722267022,-0.999707217092246,-1.0038140082695195,0.9449921824764242,0.16941780508895699,-0.855329416224931,-0.2560129873009761,0.8272968990626824,-0.4779430526485512,0.3243568104531002,1.0928321830573355
-0.8813112666136022,1.0002928686546901,-1.0038140082695195,0.3362043850412427,-0.17345002010206648,0.19361119536525534,-0.05771627968270874,0.2280271302583914,-1.0728175728087044,-0.2805533592703074,0.6589446182048521
0.8960576165470977,1.0002928686546901,-1.0038140082695195,-0.2725834123939388,-0.14026926282551583,-1.554623157285055,1.7211218327752782,0.3970519368442171,-1.1185771512825624,-0.7204880281600584,-0.5187502006804602
-1.473767561000502,1.0002928686546901,-1.0038140082695195,-0.7739380691052647,-0.6269203695482588,1.2425518069554415,1.6686315278175015,-0.4941697706083183,-0.615221788070125,-0.9514537293271776,-0.45676626284439115
-0.2888549722267022,1.0002928686546901,-1.0038140082695195,1.3747247453718465,0.29108058176964274,1.5921986774855037,0.023935305807166067,-0.6478286856863417,2.8853859651800073,1.5231787831776717,2.518462753286924
1.4885139109339978,1.0002928686546901,-1.0038140082695195,-0.057717130946227664,-0.4831370880165393,1.2425518069554415,0.08225786687136236,-0.11002248291325996,-0.9584186266240595,-0.07158439154767567,0.10108917768023046
-0.2888549722267022,1.0002928686546901,0.9962004831192838,0.515259619581002,1.0984790088323755,1.5921986774855037,1.4528380518799753,0.6121744179534497,0.8262049338564001,0.2473682433973938,-0.17783854258208034
-1.473767561000502,1.0002928686546901,0.9962004831192838,0.15714915050148345,0.014574271131720584,-1.2049762867549931,1.5169928690505912,-0.4480720960849113,1.0321230369887608,0.6873029122871448,-0.6427180763525984
0.30360132216019775,-0.999707217092246,0.9962004831192838,-0.2725834123939388,-0.2619320395062016,0.8929049364253795,-1.4749545135426787,-0.6478286856863417,-0.8897792589132726,-0.3575419263260138,-0.36379035609028754
0.8960576165470977,1.0002928686546901,0.9962004831192838,-1.0604264443688796,-1.0693304665689343,1.2425518069554415,-1.4574577452234196,-1.1395372139360163,-1.1414569405194912,-0.9404553626049339,-0.9216457966149092
-0.2888549722267022,1.0002928686546901,-1.0038140082695195,0.4794485726730502,0.9657559797261728,1.2425518069554415,0.8521156729187533,1.1192488377109266,-0.2262653710423325,0.12638620945271228,0.6279526492868175
-0.2888549722267022,-0.999707217092246,-1.0038140082695195,0.4794485726730502,1.0874187564068585,0.19361119536525534,0.39719969661802235,0.9194922481094964,0.11693146751160206,1.1382359478991395,0.13208114659826498
-0.8813112666136022,-0.999707217092246,0.9962004831192838,0.515259619581002,0.6007676496841156,-1.554623157285055,-1.7082447577994637,1.2882736442967524,-0.7067409450178409,0.3243568104531002,-0.5497421695984948
-1.473767561000502,-0.999707217092246,0.9962004831192838,1.6970241675434132,0.9657559797261728,0.5432580658953174,-0.8159095735172606,-1.0012441903657954,1.9244348172289907,0.6543078121204134,0.6899365871228866
0.8960576165470977,-0.999707217092246,0.9962004831192838,0.6226927603048575,0.7666714360668688,-1.2049762867549931,-0.8917289029007157,-0.5863651196551323,-0.08898663562075868,0.4123437442310504,1.3097759654835772
-0.8813112666136022,-0.999707217092246,0.9962004831192838,0.0497160097776279,0.12517679538688944,-0.855329416224931,-0.4368129265999846,0.535344960414438,-0.36354410646390634,0.6103143452314383,-0.11585460474601128
1.4885139109339978,1.0002928686546901,0.9962004831192838,1.5537799799116059,2.226624756235098,0.8929049364253795,-1.7315737822251422,-0.524901553623923,1.71851671409663,2.4030481209571737,2.456478815450855
0.8960576165470977,-0.999707217092246,-1.0038140082695195,0.8733700886605206,1.4966480961509834,1.5921986774855037,-0.46014195102566313,-0.4480720960849113,-0.3406643172269774,0.005404175508030765,0.22505705335236859
-0.8813112666136022,1.0002928686546901,-1.0038140082695195,-1.4185369134483983,-1.390077786908924,-0.855329416224931,1.5111606129441715,-0.8783170583033766,-0.7067409450178409,-1.3693916647724411,-1.3555333614673926
0.8960576165470977,1.0002928686546901,0.9962004831192838,1.6254020737275094,1.6514916301082199,0.19361119536525534,1.581147686221207,-1.1088054309204116,0.3914889383547497,2.5350285216240986,0.19406508443433404
-1.473767561000502,-0.999707217092246,0.9962004831192838,-0.9529933036450241,-0.8813061753351472,1.5921986774855037,-0.4951354876641809,-0.524901553623923,-0.660981366543983,-0.9294569958826902,-0.9836297344509782
-0.2888549722267022,1.0002928686546901,-1.0038140082695195,-1.2752927258165907,-1.2131137481006538,0.8929049364253795,1.0037543316856636,-0.7707558177487603,-0.9584186266240595,-1.0394406631051278,-1.20057351687722
1.4885139109339978,1.0002928686546901,0.9962004831192838,0.19296019740943532,-0.40571532103792113,-1.2049762867549931,0.5605028675977719,0.30485658779740304,0.4830080953024656,-0.37953865977050133,0.8758884006310937
0.8960576165470977,-0.999707217092246,0.9962004831192838,1.3747247453718465,2.0828414747033785,1.5921986774855037,-1.072528842199724,0.9194922481094964,-0.4321834741746932,2.029103652400885,2.4254868465328205
0.30360132216019775,1.0002928686546901,-1.0038140082695195,-0.48744969384164993,-0.7375228938034277,1.5921986774855037,1.4819993324120733,0.12046588970377504,0.16269104598546,-0.8414700621047398,-0.02287869799190768
-1.473767561000502,1.0002928686546901,-1.0038140082695195,0.013904962869676045,-0.17345002010206648,1.2425518069554415,-1.4457932330105805,-0.893682949811179,-0.2949047387531194,-0.08258275826991944,0.8139044627950247
-0.2888549722267022,-0.999707217092246,0.9962004831192838,1.016614276292328,0.21365881479102455,0.8929049364253795,0.03559981802000532,1.7953480640542294,2.0845933418874933,0.7422947458983636,1.6816795924999917
-0.8813112666136022,-0.999707217092246,0.9962004831192838,-0.2725834123939388,0.22471906721654142,-1.2049762867549931,-0.20352268234319948,0.44314961136762404,0.3686091491178207,-0.4015353932149889,-0.85966185877884
-0.8813112666136022,1.0002928686546901,-1.0038140082695195,-0.7023159752893611,-0.43889607831447175,1.2425518069554415,0.3855351844051831,-0.8475852752877719,0.09405167827467309,-0.34654355960377003,-0.7666859520247364
0.30360132216019775,1.0002928686546901,0.9962004831192838,-0.38001655311779436,-0.7264626413779108,-1.2049762867549931,0.39719969661802235,0.6121744179534497,0.29996978140703384,0.016402542230274538,-0.45676626284439115
0.8960576165470977,1.0002928686546901,-1.0038140082695195,-0.2725834123939388,0.14729730023792323,-1.2049762867549931,-0.3493290850036902,0.47388139438322874,0.25421020293317587,-0.643499461104352,-0.8906538276968746
1.4885139109339978,-0.999707217092246,0.9962004831192838,-1.0604264443688796,-0.8923664277606641,-0.15603567516480676,-0.477638719344922,-0.9705124073501906,-0.4779430526485512,-1.072435763271859,-1.1075976101231164
0.8960576165470977,1.0002928686546901,0.9962004831192838,-0.4158276000257462,-0.35041405891033667,0.5432580658953174,1.7152895766688585,-0.23294961497567862,-0.0661068463838297,-0.24755825910357607,0.07009720876219591
0.8960576165470977,-0.999707217092246,-1.0038140082695195,-1.239481678908639,-1.1356919811220356,-0.5056825456948688,0.5021803065335756,-0.663194577194144,-0.6838611557809119,-1.2484096308277595,-1.0766056412050817
-0.8813112666136022,-0.999707217092246,0.9962004831192838,1.6254020737275094,2.093901727128895,1.5921986774855037,1.3361929297515827,2.8555945780925907,3.205703014497013,0.6213127119536822,2.3015189708606822
1.4885139109339978,-0.999707217092246,-1.0038140082695195,-0.38001655311779436,-0.6711613792503264,-0.15603567516480676,-0.4893032315577613,-1.0627077563970047,0.3228495706439628,-0.5775092607708893,0.16307311551629952
0.8960576165470977,-0.999707217092246,-1.0038140082695195,0.6585038072128094,0.14729730023792323,-0.5056825456948688,-1.0083740250291082,-0.5556333366395276,0.04829209980081515,0.34635354389758777,1.2477920276475083
-0.8813112666136022,1.0002928686546901,0.9962004831192838,0.9091811355684725,1.1980212806620274,-0.855329416224931,-1.2533287814987326,-0.755389926240958,-0.8668994696763437,0.5333257781757319,0.9068803695491283
0.30360132216019775,-0.999707217092246,-1.0038140082695195,-1.0604264443688796,-0.7707036510799784,-0.855329416224931,0.9046059778765301,-1.0166100818735977,-0.4779430526485512,-1.127427596883078,-1.2315654857952545
1.4885139109339978,-0.999707217092246,0.9962004831192838,1.0524253232002798,1.618310872831669,1.2425518069554415,1.5636509179019482,1.5648596914371944,2.0845933418874933,0.8412800463985577,1.3097759654835772
1.4885139109339978,1.0002928686546901,0.9962004831192838,0.3362043850412427,-0.317233301633786,0.19361119536525534,0.4730190260014775,0.5968085264456474,0.07117188903774412,-0.14857295860338207,0.7209285560409211
0.8960576165470977,-0.999707217092246,0.9962004831192838,-1.1320485381847833,-0.9255471850372148,-0.855329416224931,-0.2326839628752976,-0.6017310111629346,-0.638101577307054,-0.984448829493909,-1.1695815479591853
0.30360132216019775,1.0002928686546901,-1.0038140082695195,-0.7023159752893611,-0.5937396122717081,0.19361119536525534,1.2895348809002256,-0.17148604894446928,0.04829209980081515,-0.4675255935484516,-0.17783854258208034
-0.8813112666136022,1.0002928686546901,0.9962004831192838,0.9091811355684725,0.4016831060248116,0.5432580658953174,-1.1425159154767597,2.056568219686869,-0.0661068463838297,1.0502490141211893,1.5577117168278536
0.8960576165470977,-0.999707217092246,0.9962004831192838,-0.4158276000257462,-0.6601011268248095,0.19361119536525534,0.8054576240673964,-0.7246581432253533,-0.615221788070125,-0.3135484594370387,0.07009720876219591
0.30360132216019775,1.0002928686546901,0.9962004831192838,-0.5232607407496018,-0.21769102980413405,0.8929049364253795,-0.24434847508813687,0.35095426232081006,-0.2262653710423325,-0.5775092607708893,-0.8906538276968746
-0.8813112666136022,1.0002928686546901,0.9962004831192838,1.5895910268195577,1.4966480961509834,0.8929049364253795,-0.42514841438714535,2.625106205475556,-0.020347267909971763,1.8311330514004973,0.5039847736146794
-0.2888549722267022,1.0002928686546901,0.9962004831192838,-0.4516386469336981,-0.0739077482724145,0.8929049364253795,-0.1860259140239406,-0.7861217092565627,-0.5465824203593381,-0.5115190604374267,-0.6117261074345638
-1.473767561000502,1.0002928686546901,0.9962004831192838,-0.057717130946227664,-0.36147431133585356,0.8929049364253795,0.6421544530876467,1.088517054695322,-0.9355388373871306,0.3683502773420753,-0.36379035609028754
1.4885139109339978,-0.999707217092246,0.9962004831192838,-0.5232607407496018,-0.7375228938034277,1.5921986774855037,-0.028554999150610594,-0.47880387910051597,0.3228495706439628,-0.8524684288269837,-0.14684657366404583
0.8960576165470977,-0.999707217092246,-1.0038140082695195,0.515259619581002,-0.0739077482724145,-1.2049762867549931,-0.06354853578912836,0.4277837198598217,1.0321230369887608,0.8412800463985577,0.4420008357786103
-1.473767561000502,-0.999707217092246,-1.0038140082695195,0.6226927603048575,0.6671291642372169,0.5432580658953174,-1.7432382944379816,-1.1549031054438186,0.8490847230933292,0.14838294289719983,1.5577117168278536
-1.473767561000502,-0.999707217092246,0.9962004831192838,-1.6692142418040612,-1.578102078142711,-1.554623157285055,1.4936638446249126,-1.170268996951621,-1.0270579943348466,-1.523368798883854,-1.4175172993034617
0.8960576165470977,1.0002928686546901,0.9962004831192838,-0.16515027167008323,-0.6269203695482588,1.5921986774855037,0.08225786687136236,-0.3558767470380973,0.20845062445931795,-0.15957132532562585,-0.6117261074345638
0.30360132216019775,-0.999707217092246,0.9962004831192838,0.8017479948446169,0.7113701739392845,1.5921986774855037,-0.24434847508813687,-0.8629511667955743,-0.27202494951619044,1.2372212483993335,1.340767934401612
-0.8813112666136022,1.0002928686546901,0.9962004831192838,-1.1320485381847833,-1.1799329908241032,0.19361119536525534,0.8346189045994945,-0.9705124073501906,-0.6838611557809119,-1.182419430494297,-1.1695815479591853
0.8960576165470977,-0.999707217092246,0.9962004831192838,0.6585038072128094,0.4238036108758454,0.5432580658953174,-1.5682706112453926,0.2741248047817984,0.4830080953024656,0.40134537750880667,1.061840214139301
-0.8813112666136022,1.0002928686546901,-1.0038140082695195,-1.3827258665404463,-1.1799329908241032,-1.2049762867549931,-0.9325546956456531,-0.663194577194144,-0.7296207342547698,-1.3473949313279536,-1.1695815479591853
0.30360132216019775,1.0002928686546901,-1.0038140082695195,-1.0246153974609278,-0.9697881947392823,1.5921986774855037,0.39719969661802235,-0.18685194045227163,-0.24914516027926148,-0.7534831283267897,-0.6427180763525984
-1.473767561000502,1.0002928686546901,-1.0038140082695195,-0.7023159752893611,-0.5605588549951576,0.5432580658953174,-1.2999868303500897,-0.17148604894446928,-0.5465824203593381,-0.39053702649274513,-0.2088305115001149
-1.473767561000502,-0.999707217092246,-1.0038140082695195,-0.8097491160132166,-0.8702459229096303,-0.855329416224931,0.44969000157579897,-0.617096902670737,-0.638101577307054,-1.0394406631051278,-0.5497421695984948
-0.2888549722267022,-0.999707217092246,0.9962004831192838,-1.5259700541722538,-1.4232585441854746,0.19361119536525534,-1.498283537968357,-0.8168534922721673,-0.8440196804394147,-1.468376965272635,-1.2935494236313236
-0.8813112666136022,-0.999707217092246,0.9962004831192838,-0.057717130946227664,0.0035140187062036978,-0.15603567516480676,-0.9908772567098494,-0.27904728949908564,0.5287676737763235,-0.08258275826991944,-0.5187502006804602
1.4885139109339978,-0.999707217092246,0.9962004831192838,1.5179689330036539,1.6957326398102874,1.2425518069554415,1.4120122591350377,1.8107139555620317,1.2151613508841925,2.139087319623323,1.1548161208934047
-0.2888549722267022,-0.999707217092246,0.9962004831192838,1.0882363701082318,0.7887919409179026,1.2425518069554415,0.8054576240673964,2.2716907007961016,1.741396503333559,1.3032114487327962,0.7209285560409211
-0.2888549722267022,-0.999707217092246,0.9962004831192838,-1.4901590072643018,-1.4232585441854746,1.5921986774855037,-1.3524771353078664,-1.1549031054438186,-0.8668994696763437,-1.2924030977167347,-1.1385895790411509
-0.2888549722267022,1.0002928686546901,-1.0038140082695195,1.3031026515559427,0.8330329506199702,-1.2049762867549931,-1.3641416475207055,0.10509999819597271,2.2447518665459962,1.655159183844597,0.6899365871228866
-0.2888549722267022,1.0002928686546901,-1.0038140082695195,0.08552705668557975,-0.2287512822296509,0.5432580658953174,-1.060864329986885,-0.4019744215615043,0.2770899921701048,0.335355177175344,0.5659687114507485
-1.473767561000502,-0.999707217092246,-1.0038140082695195,1.2314805577400392,0.6450086593861831,-0.855329416224931,0.3855351844051831,-0.6017310111629346,1.0550028262256899,1.358203282344015,1.9606073127623025
-1.473767561000502,1.0002928686546901,0.9962004831192838,0.6226927603048575,0.014574271131720584,0.5432580658953174,0.5838318920234504,1.9029093046088457,-0.5465824203593381,-0.1375745918811383,1.0308482452212664
-1.473767561000502,-0.999707217092246,-1.0038140082695195,1.482157886095702,1.131659766108926,-1.554623157285055,1.0737414049626992,2.7480333375379744,-0.6838611557809119,0.48933231128675686,2.3015189708606822
-0.2888549722267022,-0.999707217092246,0.9962004831192838,-1.4901590072643018,-1.4011380393344408,0.8929049364253795,-0.8217418296236801,-1.170268996951621,-1.1185771512825624,-1.3143998311612222,-1.20057351687722
0.8960576165470977,1.0002928686546901,0.9962004831192838,-0.5590717876575536,-0.35041405891033667,-0.5056825456948688,-1.6615867089481067,0.028270540656961045,-1.1185771512825624,-0.2805533592703074,-0.7047020141886674
0.8960576165470977,-0.999707217092246,0.9962004831192838,-1.0246153974609278,-1.1135714762710018,-0.855329416224931,-1.6965802455866246,-0.663194577194144,-0.5465824203593381,-0.9404553626049339,-0.5807341385165293
0.8960576165470977,1.0002928686546901,0.9962004831192838,-0.4158276000257462,-0.6932818841013602,-0.15603567516480676,0.3855351844051831,0.2741248047817984,-0.2262653710423325,-0.6544978278265957,0.10108917768023046
0.30360132216019775,1.0002928686546901,-1.0038140082695195,-0.2009613185780351,-0.38359481618688734,1.2425518069554415,1.0270833561113422,0.18192945573498437,-0.5008228418854801,-0.2695549925480636,-0.14684657366404583
-1.473767561000502,1.0002928686546901,0.9962004831192838,0.8017479948446169,0.8219726981944533,0.19361119536525534,1.4703348201992341,-0.6478286856863417,-0.36354410646390634,1.061247380843433,0.10108917768023046
-0.2888549722267022,-0.999707217092246,0.9962004831192838,-1.0604264443688796,-0.7817639035054953,-1.2049762867549931,-0.04021951136344985,-0.8475852752877719,-0.569462209596267,-0.7974765952157647,-0.7047020141886674
-0.2888549722267022,-0.999707217092246,-1.0038140082695195,1.6970241675434132,0.6339484069606662,0.19361119536525534,0.9862575633664049,-0.6324627941785393,1.1922815616472637,2.579021988513074,2.6114386600410278
1.4885139109339978,1.0002928686546901,-1.0038140082695195,1.4463468391877503,1.3971058243213315,0.8929049364253795,-0.30267103615233315,2.2102271347648923,0.4601283060655366,1.842131418122741,1.3717599033196464
-0.2888549722267022,1.0002928686546901,-1.0038140082695195,0.7301259010287131,1.3086238049171963,-0.15603567516480676,-0.9850450006034298,2.0258364366712645,0.7575655661456132,1.0282522806767018,-0.2398224804181494
-0.2888549722267022,-0.999707217092246,-1.0038140082695195,1.6254020737275094,1.629371125257186,0.19361119536525534,1.0445801244306012,-0.7861217092565627,2.8853859651800073,0.8302816796763138,0.9378723384671629
-0.2888549722267022,1.0002928686546901,-1.0038140082695195,1.2314805577400392,1.9390581931716588,1.2425518069554415,-0.745922500240225,0.7811992245392754,1.0092432477518318,2.0620987525676164,2.3325109397787167
-0.2888549722267022,-0.999707217092246,0.9962004831192838,-0.09352817785417952,-0.2508717870806847,-0.5056825456948688,0.8229543923866552,0.2741248047817984,-0.9355388373871306,-0.4565272268262078,-0.3947823250083221
-0.2888549722267022,1.0002928686546901,-1.0038140082695195,1.0882363701082318,0.36850234874826093,-0.855329416224931,-1.3233158547757682,1.779982172546427,1.1922815616472637,1.7431461176225471,0.9068803695491283
-0.2888549722267022,1.0002928686546901,-1.0038140082695195,0.9808032293843761,0.21365881479102455,0.5432580658953174,-1.4457932330105805,1.7646162810386248,0.5058878845393946,0.4563372111200255,0.6589446182048521
-0.8813112666136022,-0.999707217092246,-1.0038140082695195,1.6612131206354614,2.0717812222778615,-0.15603567516480676,1.3653542102836806,2.625106205475556,2.565068915863002,1.4461902161219653,0.5039847736146794
-0.2888549722267022,1.0002928686546901,0.9962004831192838,-1.5617811010802056,-1.390077786908924,0.19361119536525534,-0.9908772567098494,-0.9090488413189813,-0.8440196804394147,-1.3693916647724411,-1.2935494236313236
-1.473767561000502,-0.999707217092246,0.9962004831192838,0.3362043850412427,0.9657559797261728,-1.2049762867549931,-1.1950062204345364,-0.1253883744210623,0.18557083522238896,0.7422947458983636,-0.14684657366404583
0.30360132216019775,-0.999707217092246,-1.0038140082695195,-1.0604264443688796,-1.0803907189944513,-0.5056825456948688,1.0037543316856636,-0.3558767470380973,-0.2949047387531194,-0.984448829493909,-1.2315654857952545
1.4885139109339978,-0.999707217092246,0.9962004831192838,-0.4158276000257462,0.036694775982754356,0.19361119536525534,-0.9675482322841709,0.30485658779740304,0.09405167827467309,-0.7974765952157647,-0.11585460474601128
-0.8813112666136022,-0.999707217092246,-1.0038140082695195,-0.1293392247621314,-0.12920901039999894,-1.554623157285055,-1.0958578666254026,-0.4480720960849113,0.025412310563886178,-0.5005206937151829,-0.3947823250083221
-1.473767561000502,-0.999707217092246,0.9962004831192838,0.3003933381332909,0.0035140187062036978,0.8929049364253795,-1.1658449399024382,1.1807124037421362,-0.40930368493776426,-0.3245468261592825,0.47299280469664484
-0.2888549722267022,1.0002928686546901,0.9962004831192838,-0.5590717876575536,-0.35041405891033667,0.5432580658953174,-0.7167612197081268,-0.9858782988579929,0.4143687275916787,-0.30255009271479494,-0.6427180763525984
0.30360132216019775,-0.999707217092246,0.9962004831192838,-1.1320485381847833,-0.8923664277606641,-0.855329416224931,-0.09270981632122652,-1.0934395394126093,-0.5008228418854801,-0.9514537293271776,-0.9216457966149092
0.8960576165470977,-0.999707217092246,-1.0038140082695195,1.6254020737275094,1.3639250670447807,1.5921986774855037,0.46718676989505786,2.4407155073819276,0.5745272522501814,2.4910350547351237,0.4110088668605758
0.8960576165470977,1.0002928686546901,0.9962004831192838,0.3003933381332909,0.14729730023792323,-1.554623157285055,0.968760795047146,0.8426627905704848,1.0092432477518318,0.5333257781757319,-0.45676626284439115
1.4885139109339978,-0.999707217092246,-1.0038140082695195,0.5868817133969058,0.22471906721654142,1.2425518069554415,0.08225786687136236,0.33558837081300774,0.4143687275916787,1.0392506473989456,0.6589446182048521
0.30360132216019775,-0.999707217092246,-1.0038140082695195,0.6943148541207613,0.4127433584503285,-1.554623157285055,0.5371738431720934,-0.18685194045227163,0.5516474630132525,0.005404175508030765,-0.332798387172253
0.8960576165470977,1.0002928686546901,-1.0038140082695195,-0.057717130946227664,-0.4941973404420562,1.5921986774855037,-1.6207609162031693,-0.9705124073501906,-1.0499377835717754,-0.44552886010396403,0.47299280469664484
1.4885139109339978,1.0002928686546901,-1.0038140082695195,-1.0246153974609278,-0.8813061753351472,-0.15603567516480676,-0.3901548777486276,-0.7400240347331556,-1.0728175728087044,-0.8414700621047398,-1.0456136722870473
1.4885139109339978,-0.999707217092246,0.9962004831192838,-1.5975921479881574,-1.5117405635896097,0.19361119536525534,-0.524296768196279,-0.9090488413189813,-1.1185771512825624,-1.4573785985503913,-1.2935494236313236
0.8960576165470977,-0.999707217092246,-1.0038140082695195,-1.1320485381847833,-1.002968952015833,-1.554623157285055,-0.7984128051980016,-0.8322193837799696,-0.3864238957008353,-1.072435763271859,-0.7666859520247364
-1.473767561000502,-0.999707217092246,-1.0038140082695195,0.6226927603048575,0.6228881545351493,1.5921986774855037,1.283702624793806,1.3804689933435663,1.581237978675056,1.270216348566065,0.9378723384671629
-0.2888549722267022,1.0002928686546901,0.9962004831192838,-1.5975921479881574,-1.5559815732916773,-0.5056825456948688,1.6686315278175015,-1.0473418648892023,-1.1414569405194912,-1.5343671656060978,-1.4485092682214962
0.30360132216019775,-0.999707217092246,0.9962004831192838,0.0497160097776279,0.0035140187062036978,0.8929049364253795,0.2980513428088886,-0.9551465158423883,0.16269104598546,-0.1815680587701134,-0.2708144493361839
-1.473767561000502,-0.999707217092246,-1.0038140082695195,0.4794485726730502,1.0984790088323755,0.8929049364253795,0.1697417084676568,1.319005427312357,-0.4779430526485512,0.3243568104531002,0.4420008357786103
-0.2888549722267022,-0.999707217092246,0.9962004831192838,1.267291604647991,1.0763585039813417,1.5921986774855037,0.047264330232844584,0.9348581396172987,0.5974070414871104,1.8311330514004973,0.13208114659826498
-0.2888549722267022,1.0002928686546901,0.9962004831192838,0.3720154319491946,-0.317233301633786,1.2425518069554415,0.5721673798106112,1.0116875971563104,0.940603880041045,-0.2805533592703074,-0.45676626284439115
-0.8813112666136022,-0.999707217092246,0.9962004831192838,-0.057717130946227664,0.4348638633013623,0.5432580658953174,0.4555222576822186,-0.32514496402249266,0.940603880041045,0.2803633435641251,0.47299280469664484
-0.2888549722267022,-0.999707217092246,0.9962004831192838,0.7301259010287131,0.4016831060248116,0.19361119536525534,1.3945154908157789,-0.9858782988579929,0.04829209980081515,0.1593813096194436,-0.02287869799190768
-0.8813112666136022,1.0002928686546901,0.9962004831192838,1.6970241675434132,2.304046523213716,0.19361119536525534,0.17557396457407642,3.147546516740835,-0.20338558180540353,1.611165716955622,1.929615343844268
-1.473767561000502,1.0002928686546901,0.9962004831192838,0.6226927603048575,0.2357793196420583,1.2425518069554415,1.4120122591350377,0.45851550287542636,0.8262049338564001,0.09339110928598096,1.1548161208934047
-0.8813112666136022,-0.999707217092246,-1.0038140082695195,0.8375590417525687,0.35744209632274404,1.5921986774855037,-1.0375353055612064,1.6877868234996132,0.940603880041045,0.2583666101196376,-0.2708144493361839
1.4885139109339978,-0.999707217092246,-1.0038140082695195,-0.1293392247621314,-0.0849680006979314,0.8929049364253795,1.6627992717110818,0.3663201538286124,-0.13474621409461662,-0.643499461104352,-0.36379035609028754
-0.8813112666136022,-0.999707217092246,0.9962004831192838,0.5868817133969058,0.4016831060248116,-0.855329416224931,1.1612252465589936,0.18192945573498437,0.20845062445931795,0.3133584437308565,0.3490249290245067
-1.473767561000502,1.0002928686546901,0.9962004831192838,1.4105357922797983,0.3906228535992947,1.2425518069554415,1.5519864056891088,2.963155818647207,-1.1414569405194912,0.632311078675926,1.9606073127623025
0.30360132216019775,1.0002928686546901,0.9962004831192838,-0.5232607407496018,-0.7264626413779108,-0.5056825456948688,1.1145671977076368,-0.32514496402249266,0.20845062445931795,-0.5885076274931331,0.07009720876219591
-0.2888549722267022,1.0002928686546901,0.9962004831192838,0.40782647885714646,0.14729730023792323,-1.2049762867549931,-0.5184645120898594,1.0116875971563104,-0.0661068463838297,0.335355177175344,0.4110088668605758
-0.8813112666136022,1.0002928686546901,-1.0038140082695195,-1.2752927258165907,-1.01402920444135,-0.855329416224931,-0.5359612804091183,-0.755389926240958,-0.5237026311224091,-1.1384259636053218,-0.9526377655329437
1.4885139109339978,-0.999707217092246,-1.0038140082695195,1.482157886095702,0.3795626011737778,1.5921986774855037,-0.5942838414733146,-1.0012441903657954,-1.0728175728087044,0.9952571805099705,1.7746554992540953
-0.2888549722267022,-0.999707217092246,-1.0038140082695195,-0.2009613185780351,-0.6158601171227419,0.8929049364253795,-1.1366836593703402,-0.8783170583033766,0.2313304136962469,0.2033747765084187,-0.7047020141886674
0.8960576165470977,-0.999707217092246,0.9962004831192838,0.765936947936665,1.1980212806620274,-0.855329416224931,-0.16269688959826206,-0.43270620457710895,-1.1414569405194912,0.8192833129540701,-0.2398224804181494
0.30360132216019775,-0.999707217092246,-1.0038140082695195,1.6254020737275094,0.5233458827054973,0.5432580658953174,-0.8567353662621979,-0.5095356621161207,2.565068915863002,1.4681869495664528,0.5039847736146794
-1.473767561000502,1.0002928686546901,0.9962004831192838,1.3747247453718465,1.3860455718958145,-0.855329416224931,-1.3233158547757682,1.641689148976206,2.2676316557829255,2.040102019123129,0.3490249290245067
0.30360132216019775,1.0002928686546901,0.9962004831192838,0.08552705668557975,0.4901651254289467,-1.554623157285055,-0.9675482322841709,1.1038829462031243,1.1236421939364767,-0.4785239602706953,-0.6117261074345638
0.30360132216019775,-0.999707217092246,0.9962004831192838,-1.2036706320006871,-1.1688727383985862,0.19361119536525534,-1.2474965253923131,-0.9244147328267837,-0.8440196804394147,-1.0944324967163468,-1.0146217033690128
0.8960576165470977,1.0002928686546901,-1.0038140082695195,0.22877124431738718,0.4901651254289467,-0.5056825456948688,0.5371738431720934,0.19729534724278672,-0.638101577307054,-0.33554519288152623,-0.6117261074345638
-0.8813112666136022,1.0002928686546901,0.9962004831192838,1.732835214451365,2.5694925814261214,0.19361119536525534,-0.016890486937771336,0.3816860453364147,0.9863634585149029,2.3480562873459547,0.5659687114507485
-0.8813112666136022,-0.999707217092246,0.9962004831192838,1.0524253232002798,1.7067928922358042,-0.15603567516480676,0.7063092702582626,2.4868131819053345,0.8033251446194711,1.072245747565677,1.46473581007375
-1.473767561000502,-0.999707217092246,0.9962004831192838,0.3720154319491946,0.8993944651730715,0.19361119536525534,-0.7050967074952875,-0.57099922814733,-0.615221788070125,0.2803633435641251,-0.02287869799190768
0.8960576165470977,1.0002928686546901,0.9962004831192838,-1.0962374912768316,-1.102511223845485,0.8929049364253795,0.7296382946839411,-0.3558767470380973,-0.27202494951619044,-1.1604226970498093,-0.6737100452706329
1.4885139109339978,1.0002928686546901,-1.0038140082695195,-1.45434796035635,-1.4564393014620254,-1.2049762867549931,-0.4368129265999846,-0.7400240347331556,-0.7296207342547698,-1.42438349838366,-1.324541392549358
-0.2888549722267022,1.0002928686546901,-1.0038140082695195,-1.2752927258165907,-1.1799329908241032,1.2425518069554415,-0.996709512816269,-0.46343798759271365,-0.8668994696763437,-1.0504390298273716,-1.20057351687722
0.30360132216019775,-0.999707217092246,0.9962004831192838,0.765936947936665,0.14729730023792323,1.2425518069554415,-0.4893032315577613,0.04363643216476338,0.29996978140703384,0.23636987667515003,1.7436635303360608
-0.2888549722267022,-0.999707217092246,-1.0038140082695195,0.3362043850412427,0.2468395720675752,0.8929049364253795,1.2078832954103507,-0.8783170583033766,-0.660981366543983,0.5553225116202195,-0.45676626284439115
0.30360132216019775,-0.999707217092246,0.9962004831192838,1.6254020737275094,2.104961979554412,-1.554623157285055,0.8521156729187533,-0.7707558177487603,-0.6838611557809119,1.9631134520674225,0.5349767425327139
-0.2888549722267022,1.0002928686546901,-1.0038140082695195,-1.0604264443688796,-1.1578124859730694,-1.554623157285055,-0.3085032922587528,-0.23294961497567862,-0.40930368493776426,-1.0394406631051278,-1.0766056412050817
0.8960576165470977,1.0002928686546901,-1.0038140082695195,0.765936947936665,0.28002032934412585,-0.855329416224931,-1.5216125623940355,0.3663201538286124,0.9863634585149029,1.3911983825107463,0.6899365871228866
1.4885139109339978,1.0002928686546901,0.9962004831192838,-1.5259700541722538,-1.4011380393344408,-1.2049762867549931,1.0562446366434404,-1.078073647904807,-0.9355388373871306,-1.4793753319948788,-1.4175172993034617
-0.2888549722267022,-0.999707217092246,-1.0038140082695195,-0.4158276000257462,-0.17345002010206648,-0.15603567516480676,-1.3174835986693487,0.627540309461252,-0.9126590481502016,-0.7424847616045459,-0.42577429392635663
-0.8813112666136022,1.0002928686546901,-1.0038140082695195,-1.3111037727245427,-1.19099324324962,0.5432580658953174,1.0970704293883777,-0.9090488413189813,-0.8668994696763437,-1.2044161639387845,-1.2935494236313236
1.4885139109339978,1.0002928686546901,0.9962004831192838,0.19296019740943532,-0.0739077482724145,-0.15603567516480676,-0.8275740857300997,-0.09465659140545762,0.6431666199609684,0.5993159785091946,-0.11585460474601128
-1.473767561000502,1.0002928686546901,0.9962004831192838,-0.1293392247621314,-0.5052575928675731,1.5921986774855037,-0.5067999998770202,0.13583178121157738,-0.2262653710423325,-0.3135484594370387,0.6279526492868175
0.30360132216019775,-0.999707217092246,-1.0038140082695195,0.4436375257650983,0.20259856236550766,0.8929049364253795,-1.229999757073054,0.6429062009690544,-0.660981366543983,0.10438947600822474,-0.5497421695984948
0.30360132216019775,-0.999707217092246,0.9962004831192838,0.6226927603048575,0.5233458827054973,-0.15603567516480676,-0.48347097545134166,1.3036395358045547,0.2313304136962469,1.1932277815103585,1.0928321830573355
0.8960576165470977,1.0002928686546901,-1.0038140082695195,0.3720154319491946,0.7998521933434195,1.2425518069554415,-1.4457932330105805,0.6582720924768567,0.002532521326957207,1.017253913954458,-0.053870666909942216
-0.2888549722267022,1.0002928686546901,-1.0038140082695195,-0.6665049283814092,-0.7264626413779108,1.2425518069554415,0.22806426953185308,-1.0012441903657954,-0.020347267909971763,-0.7204880281600584,-0.45676626284439115
-1.473767561000502,1.0002928686546901,-1.0038140082695195,-1.1678595850927351,-1.2131137481006538,-0.855329416224931,1.3828509786029397,-0.9551465158423883,-0.7067409450178409,-0.9184586291604463,-0.9216457966149092
1.4885139109339978,1.0002928686546901,-1.0038140082695195,1.732835214451365,2.038600465001311,1.5921986774855037,-0.1102065846404854,-0.07929069989765529,1.3295602970688374,2.4470415878461487,3.0143342559754767
0.30360132216019775,1.0002928686546901,0.9962004831192838,0.12133810359353162,-0.05178724342138073,-1.2049762867549931,-1.3991351841592234,0.7351015500158684,1.1236421939364767,-0.00559419121421301,0.3490249290245067
0.8960576165470977,1.0002928686546901,0.9962004831192838,0.4794485726730502,0.9657559797261728,-0.855329416224931,-1.7432382944379816,1.3343713188201594,1.5125986109642693,1.072245747565677,0.6279526492868175
1.4885139109339978,1.0002928686546901,-1.0038140082695195,-0.6665049283814092,-0.8591856704841134,0.19361119536525534,-0.09270981632122652,0.2894906962896007,0.11693146751160206,-0.5005206937151829,-0.42577429392635663
0.8960576165470977,-0.999707217092246,0.9962004831192838,-1.6692142418040612,-1.5228008160151267,-1.554623157285055,-0.6001160975797343,-1.0934395394126093,-1.0956973620456334,-1.5453655323283415,-1.4175172993034617
-0.8813112666136022,-0.999707217092246,0.9962004831192838,1.267291604647991,0.4901651254289467,0.8929049364253795,-0.588451585366895,1.1192488377109266,-0.4550632634116222,0.6433094453981697,0.10108917768023046
-1.473767561000502,-0.999707217092246,-1.0038140082695195,0.12133810359353162,0.35744209632274404,-0.5056825456948688,0.1522449401483979,0.7043697670002638,-0.4550632634116222,-0.2365598923813323,-0.053870666909942216
-1.473767561000502,-0.999707217092246,-1.0038140082695195,1.5895910268195577,0.8219726981944533,-0.855329416224931,1.5286573812634303,2.640472096983358,1.8786752387551329,1.5231787831776717,0.19406508443433404
1.4885139109339978,1.0002928686546901,-1.0038140082695195,-1.740836335619965,-1.6112828354192616,0.8929049364253795,-1.183341708221697,-1.1549031054438186,-1.1414569405194912,-1.6113557326618042,-1.4795012371395309
-1.473767561000502,1.0002928686546901,0.9962004831192838,-0.9171822567370722,-0.704342136526877,0.5432580658953174,-1.2241675009666346,-0.03319302537424829,-0.8211398912024858,-0.7314863948823022,-0.42577429392635663
-1.473767561000502,1.0002928686546901,-1.0038140082695195,-1.5259700541722538,-1.4121982917599578,-1.554623157285055,0.6829802458325841,-1.0473418648892023,-0.8668994696763437,-1.325398197883466,-1.4175172993034617
-0.2888549722267022,1.0002928686546901,-1.0038140082695195,1.6612131206354614,2.4920708144475032,-0.855329416224931,0.012270793594326809,-1.1088054309204116,-0.4321834741746932,0.9512637136209954,2.115567157352475
1.4885139109339978,1.0002928686546901,-1.0038140082695195,-0.16515027167008323,-0.40571532103792113,0.8929049364253795,0.403031952724442,-0.15612015743666696,-0.4321834741746932,-0.544514160604158,0.16307311551629952
0.30360132216019775,1.0002928686546901,-1.0038140082695195,-0.9529933036450241,-0.6490408743992926,-1.554623157285055,0.48468353821431676,-0.6785604687019463,-0.13474621409461662,-1.0944324967163468,-1.0766056412050817
-1.473767561000502,-0.999707217092246,0.9962004831192838,1.6254020737275094,0.5454663875565311,0.8929049364253795,-1.0025417689226885,-0.04855891688205062,-0.615221788070125,2.128088952901079,0.7519205249589557
0.8960576165470977,-0.999707217092246,-1.0038140082695195,1.0524253232002798,1.142720018534443,-1.2049762867549931,0.7179737824711019,1.4880302338981828,2.0388337634136358,1.215224514954846,-0.02287869799190768
0.30360132216019775,1.0002928686546901,0.9962004831192838,-1.0604264443688796,-1.002968952015833,-0.5056825456948688,-1.4749545135426787,-0.3097790725146903,-1.0041782050979176,-1.1714210637720532,-0.6427180763525984
0.8960576165470977,-0.999707217092246,-1.0038140082695195,-1.2752927258165907,-1.1356919811220356,0.8929049364253795,-1.2066707326473756,-0.8783170583033766,-0.8897792589132726,-1.3363965646057097,-0.9216457966149092
-0.2888549722267022,-0.999707217092246,0.9962004831192838,-1.0246153974609278,-1.1135714762710018,1.5921986774855037,1.5169928690505912,-0.57099922814733,-0.8668994696763437,-0.9624520960494214,-0.5807341385165293
-1.473767561000502,-0.999707217092246,0.9962004831192838,-0.9171822567370722,-1.0361497092923837,1.2425518069554415,-0.6117806097925735,-0.3712426385458996,-0.13474621409461662,-0.7314863948823022,-0.8286698898608056
0.30360132216019775,1.0002928686546901,0.9962004831192838,-0.38001655311779436,-0.5273780977186069,0.5432580658953174,0.05892884244568384,-0.8322193837799696,0.43724851682860766,-0.37953865977050133,-0.11585460474601128
-0.8813112666136022,-0.999707217092246,0.9962004831192838,-0.38001655311779436,-0.4720768355910224,0.5432580658953174,-0.005225974724932079,-0.6017310111629346,0.3686091491178207,-0.17056969204786962,-0.17783854258208034
0.30360132216019775,1.0002928686546901,0.9962004831192838,1.2314805577400392,1.0763585039813417,1.2425518069554415,0.8754446973444319,0.32022247930520537,-0.8668994696763437,1.8201346846782536,1.588703685745888
-1.473767561000502,1.0002928686546901,-1.0038140082695195,-0.738127022197313,-0.9587279423137655,-1.554623157285055,0.5371738431720934,0.04363643216476338,-0.11186642485768765,-0.6874929279933271,-0.7666859520247364
-1.473767561000502,1.0002928686546901,0.9962004831192838,-0.4158276000257462,-0.11814875797448206,1.5921986774855037,1.2370445759424489,-0.27904728949908564,-0.31778452799004836,-0.5115190604374267,0.10108917768023046
0.30360132216019775,-0.999707217092246,0.9962004831192838,1.3747247453718465,0.45698436815239607,0.19361119536525534,0.9804253072599852,0.6890038754924613,-0.638101577307054,1.0502490141211893,0.8448964317130593
-1.473767561000502,1.0002928686546901,-1.0038140082695195,0.4794485726730502,-0.10708850554896517,-1.554623157285055,-0.5067999998770202,-0.9090488413189813,0.9634836692779739,0.8742751465652889,-0.45676626284439115
-0.2888549722267022,1.0002928686546901,-1.0038140082695195,0.3003933381332909,0.6228881545351493,0.5432580658953174,-0.4018193899614669,-0.06392480838985296,0.18557083522238896,-0.22556152565908852,1.1858080898114391
-0.8813112666136022,-0.999707217092246,0.9962004831192838,-1.45434796035635,-1.3458367772068565,-0.15603567516480676,1.2487090881552882,-0.709292251717551,-1.0270579943348466,-1.3034014644389784,-1.2935494236313236
0.30360132216019775,1.0002928686546901,-1.0038140082695195,0.6943148541207613,0.7113701739392845,0.19361119536525534,0.8171221362802357,-0.9090488413189813,0.5974070414871104,1.0282522806767018,1.061840214139301
0.8960576165470977,-0.999707217092246,0.9962004831192838,1.6970241675434132,1.6072506204061523,-1.2049762867549931,-1.3174835986693487,0.5507108519222403,0.11693146751160206,2.4910350547351237,1.5577117168278536
-0.2888549722267022,1.0002928686546901,-1.0038140082695195,-0.3442055062098425,-0.44995633073998864,-0.5056825456948688,-1.218335244860215,-1.0319759733814,-0.4321834741746932,-0.5555125273264018,-0.48775823176242566
-0.2888549722267022,1.0002928686546901,0.9962004831192838,0.5868817133969058,0.8772739603220377,-1.2049762867549931,-1.719909270012303,1.0577852716797174,0.4830080953024656,1.0062555472322143,1.5577117168278536
-0.2888549722267022,-0.999707217092246,-1.0038140082695195,-1.239481678908639,-1.2573547578027213,-0.15603567516480676,1.3886832347093592,-0.57099922814733,-0.8897792589132726,-1.0614373965496153,-1.0456136722870473
-0.8813112666136022,1.0002928686546901,0.9962004831192838,0.12133810359353162,0.6118279021096324,-0.5056825456948688,0.8987737217701104,-0.8629511667955743,-0.9584186266240595,0.4233421109532942,-0.42577429392635663
0.8960576165470977,1.0002928686546901,-1.0038140082695195,-1.0604264443688796,-0.8260049132075628,-1.2049762867549931,0.9804253072599852,-0.9705124073501906,-0.7525005234916988,-0.9074602624382025,-1.1385895790411509
1.4885139109339978,-0.999707217092246,0.9962004831192838,-0.9529933036450241,-0.9144869326116979,1.5921986774855037,0.7354705507903608,-0.893682949811179,-1.0499377835717754,-0.6984912947155708,-0.797677920942771
0.30360132216019775,-0.999707217092246,-1.0038140082695195,0.40782647885714646,-0.029666738570346962,0.5432580658953174,-0.1860259140239406,-0.9705124073501906,0.940603880041045,0.6213127119536822,1.1858080898114391
0.30360132216019775,1.0002928686546901,0.9962004831192838,0.9808032293843761,0.28002032934412585,-0.855329416224931,1.6161412228597247,1.2421759697733454,2.3362710234937123,1.0942424810101645,1.8056474681721297
-0.8813112666136022,-0.999707217092246,-1.0038140082695195,0.6943148541207613,0.5897073972585987,-0.15603567516480676,-1.0783610983061438,1.872177521593241,0.5745272522501814,0.6103143452314383,0.03910523984416139
0.8960576165470977,-0.999707217092246,-1.0038140082695195,-0.9888043505529759,-1.0803907189944513,0.8929049364253795,-0.6351096342182521,-0.20221783196007395,-0.2949047387531194,-1.0614373965496153,-0.8906538276968746
-1.473767561000502,-0.999707217092246,-1.0038140082695195,-0.5590717876575536,-0.317233301633786,0.8929049364253795,-0.699264451388868,0.33558837081300774,0.2313304136962469,-0.7974765952157647,-0.08486263582797675
-1.473767561000502,-0.999707217092246,-1.0038140082695195,-1.0246153974609278,-0.9697881947392823,-1.2049762867549931,1.487831588518493,-1.0166100818735977,-0.7753803127286277,-0.9514537293271776,-1.1385895790411509
-0.2888549722267022,1.0002928686546901,-1.0038140082695195,0.4436375257650983,0.3795626011737778,0.5432580658953174,1.5928121984340462,0.3663201538286124,1.581237978675056,0.10438947600822474,0.7829124938769902
0.8960576165470977,-0.999707217092246,0.9962004831192838,-0.9171822567370722,-0.7928241559310122,-0.5056825456948688,-0.7867482929851624,-0.5402674451317253,-0.4550632634116222,-0.6764945612710833,-0.6117261074345638
-0.2888549722267022,-0.999707217092246,-1.0038140082695195,-1.1678595850927351,-1.091450971419968,-1.554623157285055,0.46718676989505786,-1.0012441903657954,-0.8211398912024858,-1.028442296382884,-1.262557454713289
-0.2888549722267022,-0.999707217092246,0.9962004831192838,-1.4185369134483983,-1.2684150102282383,-1.554623157285055,1.2078832954103507,-0.7400240347331556,-0.9584186266240595,-1.3473949313279536,-1.3865253303854272
-1.473767561000502,1.0002928686546901,-1.0038140082695195,-1.740836335619965,-1.5891623305682279,1.5921986774855037,-1.5624383551389731,-1.1088054309204116,-1.1414569405194912,-1.6113557326618042,-1.5104932060575653
-0.8813112666136022,1.0002928686546901,0.9962004831192838,-0.2725834123939388,0.12517679538688944,0.5432580658953174,1.126231709920476,-1.0934395394126093,-1.0499377835717754,-0.544514160604158,-0.3018064182542185
0.8960576165470977,1.0002928686546901,0.9962004831192838,-0.38001655311779436,-0.0739077482724145,-0.855329416224931,0.653818965300486,-0.7861217092565627,0.16269104598546,-0.4675255935484516,-0.2708144493361839
0.8960576165470977,-0.999707217092246,-1.0038140082695195,-1.5975921479881574,-1.500680311164093,1.5921986774855037,1.5753154301147874,-0.939780624334586,-0.9126590481502016,-1.4793753319948788,-1.4795012371395309
-0.2888549722267022,-0.999707217092246,-1.0038140082695195,0.0497160097776279,0.11411654296137257,0.19361119536525534,1.6977928083495997,0.45851550287542636,1.0550028262256899,0.07139437584149341,-0.332798387172253
0.8960576165470977,1.0002928686546901,0.9962004831192838,0.3003933381332909,-0.018606486144830077,0.5432580658953174,0.15807719625481753,1.365103101835764,-0.08898663562075868,0.2693649768418814,0.9998562763032319
-0.8813112666136022,-0.999707217092246,0.9962004831192838,1.3031026515559427,2.0717812222778615,-0.15603567516480676,0.9745930511535656,1.3497372103279617,-0.9812984158609885,0.47833394456451306,1.2477920276475083
0.8960576165470977,1.0002928686546901,0.9962004831192838,-0.7739380691052647,-0.6932818841013602,1.2425518069554415,1.330360673645163,-1.0934395394126093,-0.36354410646390634,-0.43453049338172023,-1.0456136722870473
0.30360132216019775,-0.999707217092246,0.9962004831192838,-0.1293392247621314,-0.21769102980413405,0.19361119536525534,-0.9267224395392335,-0.5402674451317253,-0.3864238957008353,0.1593813096194436,-0.2088305115001149
-1.473767561000502,-0.999707217092246,0.9962004831192838,0.3003933381332909,-0.007546233719313188,-0.15603567516480676,1.1378962221333153,-0.23294961497567862,-0.15762600333154558,-0.02759092465870056,0.13208114659826498
1.4885139109339978,-0.999707217092246,-1.0038140082695195,0.0497160097776279,0.6118279021096324,-1.554623157285055,-0.35516134111010983,-0.663194577194144,-0.6838611557809119,-0.060586024825431885,-0.42577429392635663
0.8960576165470977,1.0002928686546901,-1.0038140082695195,-1.6692142418040612,-1.578102078142711,0.19361119536525534,-0.7050967074952875,-1.0473418648892023,-1.1185771512825624,-1.5343671656060978,-1.5104932060575653
0.8960576165470977,-0.999707217092246,0.9962004831192838,-1.2752927258165907,-1.312656019930306,0.8929049364253795,-1.264993293711572,-1.124171322428214,-0.592341998833196,-1.3143998311612222,-1.20057351687722
-1.473767561000502,1.0002928686546901,0.9962004831192838,1.0882363701082318,0.954695727300656,-0.15603567516480676,1.1378962221333153,-0.32514496402249266,2.404910391204499,0.6103143452314383,1.1858080898114391
0.30360132216019775,-0.999707217092246,0.9962004831192838,0.6943148541207613,0.9989367370027235,-1.554623157285055,-1.4282964646913217,1.641689148976206,0.4601283060655366,0.08239274256373719,0.9068803695491283
1.4885139109339978,1.0002928686546901,-1.0038140082695195,0.013904962869676045,0.06987553325930501,-1.2049762867549931,0.047264330232844584,-0.23294961497567862,0.6202868307240395,-0.2805533592703074,0.6279526492868175
-1.473767561000502,1.0002928686546901,-1.0038140082695195,0.5510706664889539,0.5675868924075649,-0.855329416224931,-0.2910065239394939,0.5046131773988334,-0.9355388373871306,0.8742751465652889,1.4957277789917844
-0.2888549722267022,-0.999707217092246,0.9962004831192838,1.482157886095702,1.1205995136834093,-1.2049762867549931,1.330360673645163,2.824862795076986,2.496429548152215,0.4563372111200255,1.8676314060081989
-1.473767561000502,-0.999707217092246,0.9962004831192838,-0.5590717876575536,-0.38359481618688734,0.5432580658953174,0.292219086702469,-0.7400240347331556,-0.9812984158609885,-0.4125337599372327,-0.053870666909942216
0.30360132216019775,1.0002928686546901,-1.0038140082695195,-1.4901590072643018,-1.4121982917599578,0.8929049364253795,0.5954964042362897,-1.0473418648892023,-1.1414569405194912,-1.4463802318281476,-1.4175172993034617
-0.2888549722267022,1.0002928686546901,0.9962004831192838,1.1240474170161836,0.4901651254289467,0.8929049364253795,0.2163997573190138,0.6121744179534497,-0.615221788070125,1.5011820497331843,1.7746554992540953
0.8960576165470977,-0.999707217092246,-1.0038140082695195,-0.48744969384164993,-0.41677557346343796,0.19361119536525534,0.7529673191096197,-0.5095356621161207,0.18557083522238896,-0.8634667955492275,-0.8286698898608056
0.30360132216019775,1.0002928686546901,0.9962004831192838,1.5537799799116059,0.6892496690882507,-0.15603567516480676,-1.6090964039903302,-0.3712426385458996,2.404910391204499,1.5891689835111344,1.9606073127623025
-1.473767561000502,1.0002928686546901,0.9962004831192838,-1.5617811010802056,-1.4564393014620254,1.2425518069554415,0.2980513428088886,-1.0934395394126093,-0.8440196804394147,-1.3583932980501974,-1.3865253303854272
0.30360132216019775,-0.999707217092246,-1.0038140082695195,0.9808032293843761,0.7334906787903183,-0.5056825456948688,-0.477638719344922,0.028270540656961045,0.025412310563886178,0.47833394456451306,1.2787839965655428
-0.8813112666136022,1.0002928686546901,-1.0038140082695195,0.6585038072128094,0.8330329506199702,0.8929049364253795,-1.1950062204345364,-0.57099922814733,-0.15762600333154558,1.3472049156217714,1.1548161208934047
0.8960576165470977,-0.999707217092246,0.9962004831192838,-0.7739380691052647,-0.43889607831447175,-1.554623157285055,-0.30267103615233315,0.08973410668817038,-0.0661068463838297,-0.6215027276598644,-0.5807341385165293
0.8960576165470977,1.0002928686546901,0.9962004831192838,0.5868817133969058,1.054237999130308,-0.855329416224931,-0.588451585366895,0.8272968990626824,-0.9812984158609885,0.40134537750880667,1.061840214139301
-0.8813112666136022,-0.999707217092246,0.9962004831192838,1.6254020737275094,2.2929862707881994,-0.5056825456948688,-0.37849036553578835,2.6097403139677535,2.9082657544169366,1.842131418122741,0.13208114659826498
0.30360132216019775,1.0002928686546901,0.9962004831192838,0.3362043850412427,0.0919960381103388,0.19361119536525534,0.04143207412642495,-0.755389926240958,1.5125986109642693,0.4563372111200255,0.8758884006310937
1.4885139109339978,-0.999707217092246,0.9962004831192838,-0.48744969384164993,-0.5716191074206745,1.5921986774855037,0.6421544530876467,0.07436821518036804,-0.9584186266240595,-0.34654355960377003,-0.85966185877884
0.8960576165470977,-0.999707217092246,-1.0038140082695195,1.6254020737275094,1.9722389504482094,0.5432580658953174,-1.533277074606875,-0.2636813979912833,0.8033251446194711,1.6441608171223532,-0.02287869799190768
-0.2888549722267022,1.0002928686546901,0.9962004831192838,-1.740836335619965,-1.6112828354192616,-0.5056825456948688,-0.273509755620235,-1.0934395394126093,-1.0956973620456334,-1.5893589992173165,-1.4795012371395309
-1.473767561000502,-0.999707217092246,-1.0038140082695195,-1.1678595850927351,-0.9144869326116979,-0.15603567516480676,1.4819993324120733,-1.0166100818735977,-1.0499377835717754,-1.2594079975500034,-1.0146217033690128
0.30360132216019775,1.0002928686546901,0.9962004831192838,0.26458229122533905,-0.17345002010206648,0.19361119536525534,-1.6207609162031693,-0.893682949811179,-0.3864238957008353,0.7862882127873387,-0.48775823176242566
-1.473767561000502,1.0002928686546901,0.9962004831192838,-0.9888043505529759,-1.01402920444135,0.8929049364253795,0.9162704900893693,-0.709292251717551,-0.660981366543983,-0.8414700621047398,-1.1695815479591853
-1.473767561000502,1.0002928686546901,-1.0038140082695195,-0.8455601629211685,-0.7485831462289446,0.5432580658953174,0.06476109855210346,-1.0166100818735977,-0.7067409450178409,-0.9954471962161527,-0.6737100452706329
0.30360132216019775,1.0002928686546901,0.9962004831192838,1.2314805577400392,1.3860455718958145,-1.2049762867549931,-0.8275740857300997,-0.6017310111629346,-1.0499377835717754,0.4123437442310504,0.07009720876219591
-1.473767561000502,1.0002928686546901,-1.0038140082695195,-1.5259700541722538,-1.4232585441854746,0.8929049364253795,0.8171221362802357,-0.8783170583033766,-1.0041782050979176,-1.4463802318281476,-1.4175172993034617
0.8960576165470977,1.0002928686546901,0.9962004831192838,-1.0246153974609278,-0.7264626413779108,-1.554623157285055,-0.8042450613044213,-0.939780624334586,-0.4550632634116222,-1.1494243303275655,-0.8906538276968746
-0.8813112666136022,-0.999707217092246,-1.0038140082695195,0.9808032293843761,0.9657559797261728,-1.2049762867549931,-1.6674189650545264,-0.755389926240958,2.359150812730641,0.8632767798430452,1.8366394370901644
0.30360132216019775,1.0002928686546901,-1.0038140082695195,1.3747247453718465,2.215564503809581,-0.15603567516480676,1.7211218327752782,1.4726643423903805,0.13981125674853104,1.3802000157885026,1.4957277789917844
-1.473767561000502,1.0002928686546901,0.9962004831192838,-0.2725834123939388,0.04775502840827124,1.2425518069554415,-0.9267224395392335,-0.20221783196007395,-0.8440196804394147,-0.5665108940486455,-0.08486263582797675
0.8960576165470977,-0.999707217092246,-1.0038140082695195,-0.1293392247621314,-0.4831370880165393,1.5921986774855037,-0.6059483536861539,0.5814426349378451,0.4143687275916787,0.2033747765084187,-0.14684657366404583
0.8960576165470977,-0.999707217092246,0.9962004831192838,0.765936947936665,0.8772739603220377,0.5432580658953174,0.26305780617037083,0.8887604650938917,-0.3406643172269774,0.34635354389758777,-0.2398224804181494
0.8960576165470977,1.0002928686546901,0.9962004831192838,-0.5232607407496018,-0.6269203695482588,-1.554623157285055,1.4120122591350377,-0.4019744215615043,-0.13474621409461662,-0.1815680587701134,-0.8906538276968746
1.4885139109339978,1.0002928686546901,-1.0038140082695195,-1.0962374912768316,-0.9144869326116979,1.2425518069554415,-0.48347097545134166,-0.4480720960849113,-0.36354410646390634,-0.9514537293271776,-1.0456136722870473
-0.2888549722267022,1.0002928686546901,0.9962004831192838,0.4794485726730502,0.45698436815239607,-0.855329416224931,-1.0783610983061438,-0.04855891688205062,-0.7296207342547698,0.43434047767553796,-0.332798387172253
-0.8813112666136022,-0.999707217092246,0.9962004831192838,-0.4516386469336981,-0.704342136526877,0.19361119536525534,0.4146964649372812,-0.3558767470380973,-0.0661068463838297,-0.3245468261592825,-0.36379035609028754
-0.8813112666136022,1.0002928686546901,0.9962004831192838,0.22877124431738718,0.5454663875565311,0.5432580658953174,-0.9150579273263942,0.6429062009690544,0.5287676737763235,0.30236007700861267,0.47299280469664484
-0.8813112666136022,-0.999707217092246,-1.0038140082695195,1.0882363701082318,1.4634673388744328,-0.855329416224931,0.8462834168123338,1.9643728706400552,1.2609209293580506,0.7312963791761199,0.8448964317130593
-0.8813112666136022,-0.999707217092246,-1.0038140082695195,0.013904962869676045,-0.37253456376137045,0.19361119536525534,-1.6615867089481067,1.1038829462031243,0.5974070414871104,-0.30255009271479494,-0.02287869799190768
0.8960576165470977,1.0002928686546901,-1.0038140082695195,-0.738127022197313,-0.8813061753351472,-1.554623157285055,0.4730190260014775,-1.0166100818735977,-0.36354410646390634,-0.6105043609376206,-1.0146217033690128
0.8960576165470977,-0.999707217092246,-1.0038140082695195,0.6585038072128094,0.6228881545351493,-1.2049762867549931,1.4003477469221985,-0.755389926240958,-0.592341998833196,0.10438947600822474,0.7519205249589557
-0.2888549722267022,1.0002928686546901,0.9962004831192838,-0.738127022197313,-0.8149446607820459,0.5432580658953174,-0.2560129873009761,-0.1407542659288646,-0.5237026311224091,-0.6105043609376206,-1.0146217033690128
0.8960576165470977,-0.999707217092246,0.9962004831192838,1.6612131206354614,1.0874187564068585,-1.2049762867549931,-0.3318323166844313,0.35095426232081006,1.6041177679119851,1.556173883344403,2.6114386600410278
-0.2888549722267022,-0.999707217092246,0.9962004831192838,0.6585038072128094,1.1205995136834093,-1.2049762867549931,0.9570962828343067,0.2280271302583914,-0.31778452799004836,0.676304545564901,0.16307311551629952
-0.2888549722267022,1.0002928686546901,0.9962004831192838,-1.5617811010802056,-1.489620058738576,-0.15603567516480676,-0.3493290850036902,-0.939780624334586,-0.9126590481502016,-1.4573785985503913,-1.262557454713289
0.30360132216019775,-0.999707217092246,-1.0038140082695195,0.6943148541207613,0.4791048730034298,0.5432580658953174,0.700477014151843,0.7197356585080661,1.2151613508841925,0.335355177175344,1.6196956546639225
1.4885139109339978,1.0002928686546901,0.9962004831192838,1.1240474170161836,1.319684057342713,-1.2049762867549931,0.2572255500639512,1.2114441867577408,0.6202868307240395,0.676304545564901,-0.2708144493361839
-0.2888549722267022,-0.999707217092246,0.9962004831192838,0.22877124431738718,-0.018606486144830077,1.5921986774855037,-1.264993293711572,0.8733945735860894,0.16269104598546,-0.3685402930482576,0.3180329601064722
0.8960576165470977,-0.999707217092246,-1.0038140082695195,1.6612131206354614,1.2975635524916793,-0.15603567516480676,-0.8100773174108409,0.5968085264456474,-0.24914516027926148,1.7871395845115223,1.340767934401612
-0.8813112666136022,1.0002928686546901,0.9962004831192838,-0.16515027167008323,-0.17345002010206648,1.2425518069554415,-0.6526064025375109,0.5660767434300428,0.8033251446194711,0.03839927567476209,0.13208114659826498
0.8960576165470977,1.0002928686546901,-1.0038140082695195,-1.2036706320006871,-1.1799329908241032,0.19361119536525534,1.2953671370066453,-0.663194577194144,-0.7067409450178409,-1.127427596883078,-1.0766056412050817
1.4885139109339978,-0.999707217092246,0.9962004831192838,1.1956695108320872,0.25789982449309207,0.19361119536525534,0.12308365961629976,1.1960782952499385,1.9701943957028487,1.1932277815103585,0.2560490222704031
-1.473767561000502,1.0002928686546901,-1.0038140082695195,0.3362043850412427,0.014574271131720584,-0.5056825456948688,0.6421544530876467,0.21266123875058904,-0.7525005234916988,0.13738457617495606,-0.45676626284439115
-1.473767561000502,1.0002928686546901,0.9962004831192838,1.1598584639241354,0.18047805751447388,1.2425518069554415,-1.0317030494547867,0.07436821518036804,1.2838007185949796,0.8962718800097765,1.991599281680337
0.8960576165470977,-0.999707217092246,0.9962004831192838,-0.9171822567370722,-1.091450971419968,-0.15603567516480676,-0.34349682889727057,-0.801487600764365,-0.5008228418854801,-0.8854635289937149,-1.0146217033690128
-0.8813112666136022,1.0002928686546901,-1.0038140082695195,1.0524253232002798,1.7399736495123548,-1.554623157285055,-1.655754452841687,2.45608139888973,-0.8668994696763437,0.47833394456451306,0.7209285560409211
-0.8813112666136022,-0.999707217092246,0.9962004831192838,0.15714915050148345,-0.029666738570346962,-1.554623157285055,-1.1425159154767597,-0.017827133866445955,0.8948443015671871,0.5003306780090007,-0.2708144493361839
-0.8813112666136022,-0.999707217092246,0.9962004831192838,0.5510706664889539,0.6118279021096324,-1.2049762867549931,-0.028554999150610594,-0.41734031306930663,-1.0956973620456334,1.2372212483993335,1.2168000587294736
-0.8813112666136022,-0.999707217092246,0.9962004831192838,1.0524253232002798,1.0431777467047911,0.19361119536525534,0.292219086702469,0.5046131773988334,-0.7753803127286277,0.7312963791761199,1.3097759654835772
0.30360132216019775,-0.999707217092246,-1.0038140082695195,-0.16515027167008323,-0.5716191074206745,-1.2049762867549931,0.6013286603427094,-0.11002248291325996,-0.7982601019655567,0.10438947600822474,-0.14684657366404583
1.4885139109339978,1.0002928686546901,-1.0038140082695195,-1.1678595850927351,-0.9919086995903161,1.2425518069554415,-1.358309391414286,-0.617096902670737,-0.592341998833196,-0.9734504627716652,-1.1385895790411509
-0.2888549722267022,-0.999707217092246,0.9962004831192838,-0.057717130946227664,-0.28405254435723537,-1.554623157285055,0.9804253072599852,-0.9858782988579929,0.5516474630132525,-0.2365598923813323,-0.36379035609028754
-1.473767561000502,-0.999707217092246,-1.0038140082695195,-1.1320485381847833,-0.9255471850372148,-1.2049762867549931,1.0679091488562797,-1.1395372139360163,-0.36354410646390634,-1.127427596883078,-0.797677920942771
-1.473767561000502,1.0002928686546901,-1.0038140082695195,-1.1320485381847833,-1.2241740005261708,1.2425518069554415,1.1787220148782527,-1.0934395394126093,-0.9584186266240595,-1.1384259636053218,-1.1695815479591853
-0.2888549722267022,1.0002928686546901,-1.0038140082695195,0.15714915050148345,0.5786471448330818,0.19361119536525534,1.6802960400303406,0.19729534724278672,1.0092432477518318,-0.3135484594370387,-0.5187502006804602
-0.8813112666136022,1.0002928686546901,-1.0038140082695195,0.8017479948446169,0.9436354748751391,0.8929049364253795,1.4761670763056538,0.2894906962896007,0.4143687275916787,0.8192833129540701,1.0928321830573355
-1.473767561000502,1.0002928686546901,-1.0038140082695195,-0.1293392247621314,0.036694775982754356,0.8929049364253795,-1.6790834772673655,0.81193100755488,-1.0956973620456334,0.2583666101196376,-0.7047020141886674
-0.2888549722267022,-0.999707217092246,-1.0038140082695195,1.1240474170161836,0.8109124457689364,1.2425518069554415,1.5053283568377518,0.904126356601694,2.1303529203613514,1.457188582844209,1.061840214139301
-0.8813112666136022,-0.999707217092246,0.9962004831192838,1.3031026515559427,1.6404313776827029,0.19361119536525534,-0.3260000605780117,2.2102271347648923,1.764276292570488,1.6991526507335721,2.394494877614786
-1.473767561000502,1.0002928686546901,0.9962004831192838,-1.705025288712013,-1.5891623305682279,-1.2049762867549931,0.023935305807166067,-1.0319759733814,-1.0956973620456334,-1.6003573659395605,-1.4795012371395309
0.8960576165470977,-0.999707217092246,0.9962004831192838,1.482157886095702,1.131659766108926,0.5432580658953174,0.968760795047146,2.102665894210276,0.3686091491178207,1.0942424810101645,0.19406508443433404
-1.473767561000502,1.0002928686546901,-1.0038140082695195,0.9091811355684725,1.1095392612578923,-0.855329416224931,1.6861282961367603,0.7965651160470777,1.3524400863057664,1.0282522806767018,0.7829124938769902
-0.2888549722267022,-0.999707217092246,-1.0038140082695195,-1.2752927258165907,-1.312656019930306,-1.2049762867549931,0.9570962828343067,-1.1088054309204116,-0.8668994696763437,-1.072435763271859,-1.324541392549358
0.30360132216019775,-0.999707217092246,0.9962004831192838,1.2314805577400392,1.728913397086838,1.5921986774855037,-0.8800643906878765,2.3792519413507183,-0.8211398912024858,0.8522784131208014,0.9068803695491283
1.4885139109339978,-0.999707217092246,-1.0038140082695195,0.8375590417525687,1.319684057342713,-1.2049762867549931,-1.626593172309589,1.8875434131010433,2.198992288072138,1.1052408477324083,1.3717599033196464
-0.2888549722267022,1.0002928686546901,0.9962004831192838,-0.738127022197313,-0.8591856704841134,-0.15603567516480676,0.6596512214069057,-0.3712426385458996,-0.9126590481502016,-0.39053702649274513,-0.36379035609028754
-1.473767561000502,-0.999707217092246,0.9962004831192838,1.1240474170161836,0.6228881545351493,0.5432580658953174,-1.3233158547757682,-0.57099922814733,-1.1185771512825624,1.2042261482326022,0.07009720876219591
-1.473767561000502,1.0002928686546901,0.9962004831192838,-1.1320485381847833,-0.9808484471647992,0.8929049364253795,1.2370445759424489,-0.9858782988579929,-1.1185771512825624,-1.1054308634385905,-0.9526377655329437
-1.473767561000502,-0.999707217092246,-1.0038140082695195,1.5895910268195577,1.4634673388744328,1.2425518069554415,-0.12770335295974428,-0.20221783196007395,1.2151613508841925,1.655159183844597,2.8283824424672694
-0.8813112666136022,-0.999707217092246,-1.0038140082695195,-1.1320485381847833,-1.01402920444135,1.5921986774855037,-0.34349682889727057,-0.9858782988579929,-0.8211398912024858,-1.1934177972165407,-1.1385895790411509
-1.473767561000502,1.0002928686546901,0.9962004831192838,1.5537799799116059,2.104961979554412,-0.15603567516480676,-0.5067999998770202,0.8580286820782871,2.427790180441428,1.9191199851784473,0.4110088668605758
-0.2888549722267022,-0.999707217092246,-1.0038140082695195,-0.09352817785417952,-0.21769102980413405,-1.554623157285055,-0.09270981632122652,0.950224031125101,0.18557083522238896,-0.6215027276598644,0.07009720876219591
1.4885139109339978,1.0002928686546901,-1.0038140082695195,0.0497160097776279,-0.3282935540593029,1.5921986774855037,-0.5009677437706005,0.904126356601694,-0.6838611557809119,0.18137804306393115,0.13208114659826498
0.30360132216019775,-0.999707217092246,0.9962004831192838,-1.0604264443688796,-0.8591856704841134,0.5432580658953174,0.3330448794474064,-0.29441318100688796,-1.0499377835717754,-1.0944324967163468,-0.6737100452706329
-0.8813112666136022,-0.999707217092246,-1.0038140082695195,-1.1678595850927351,-0.9587279423137655,-0.855329416224931,-0.34349682889727057,-0.7707558177487603,-0.40930368493776426,-1.1164292301608343,-1.20057351687722
0.30360132216019775,1.0002928686546901,0.9962004831192838,-0.3442055062098425,-0.20663077737861715,-0.15603567516480676,0.4146964649372812,-0.8629511667955743,0.11693146751160206,-0.21456315893684474,0.3490249290245067
0.30360132216019775,1.0002928686546901,-1.0038140082695195,0.08552705668557975,0.5675868924075649,-1.2049762867549931,1.5928121984340462,-0.4941697706083183,0.5287676737763235,0.35735191061983157,0.8139044627950247
-1.473767561000502,-0.999707217092246,-1.0038140082695195,-1.3111037727245427,-1.0803907189944513,-0.5056825456948688,-0.04021951136344985,-0.524901553623923,-1.0499377835717754,-1.1934177972165407,-1.2935494236313236
-0.2888549722267022,1.0002928686546901,0.9962004831192838,1.1240474170161836,1.3971058243213315,0.8929049364253795,1.330360673645163,0.6121744179534497,0.8490847230933292,1.1932277815103585,1.7746554992540953
0.30360132216019775,1.0002928686546901,-1.0038140082695195,1.4105357922797983,1.2754430476406458,0.5432580658953174,0.22806426953185308,-0.340510855530295,-1.1414569405194912,1.7761412177892786,0.07009720876219591
1.4885139109339978,-0.999707217092246,0.9962004831192838,-0.738127022197313,-0.36147431133585356,0.5432580658953174,-0.8159095735172606,-0.23294961497567862,-0.043227057146900734,-0.37953865977050133,-0.2398224804181494
-1.473767561000502,-0.999707217092246,-1.0038140082695195,0.40782647885714646,0.5454663875565311,1.5921986774855037,-1.4807867696490982,0.2741248047817984,0.20845062445931795,0.2473682433973938,-0.2708144493361839
0.30360132216019775,1.0002928686546901,0.9962004831192838,-0.021906084038275812,0.16941780508895699,1.5921986774855037,-1.0433675616676261,-0.9858782988579929,0.002532521326957207,0.39034701078656286,0.596960680368783
-1.473767561000502,1.0002928686546901,0.9962004831192838,-0.9529933036450241,-0.6711613792503264,-0.5056825456948688,-1.3466448792014467,-0.8168534922721673,-1.0956973620456334,-1.0504390298273716,-0.5187502006804602
-1.473767561000502,1.0002928686546901,-1.0038140082695195,1.3747247453718465,0.4348638633013623,-1.554623157285055,0.7354705507903608,0.12046588970377504,2.2905114450198543,0.4233421109532942,1.1858080898114391
-0.8813112666136022,1.0002928686546901,0.9962004831192838,0.4436375257650983,0.9657559797261728,-0.15603567516480676,1.4295090274542968,1.3497372103279617,-0.020347267909971763,0.18137804306393115,-0.14684657366404583
-1.473767561000502,-0.999707217092246,0.9962004831192838,1.1598584639241354,1.6404313776827029,-1.2049762867549931,0.006438537487907179,1.088517054695322,1.71851671409663,1.061247380843433,2.1775510951885444
0.30360132216019775,1.0002928686546901,-1.0038140082695195,-0.1293392247621314,0.16941780508895699,0.19361119536525534,1.0270833561113422,-0.5402674451317253,-0.7525005234916988,0.23636987667515003,-0.45676626284439115
-0.8813112666136022,1.0002928686546901,-1.0038140082695195,1.6254020737275094,1.1980212806620274,0.8929049364253795,-1.3466448792014467,1.6877868234996132,2.6565880728107176,1.6221640836778657,1.061840214139301
-0.2888549722267022,-0.999707217092246,-1.0038140082695195,-0.23677236548598696,-0.29511279678275226,1.2425518069554415,-0.6234451220054128,0.059002323672565714,-0.8668994696763437,-0.5555125273264018,-0.7047020141886674
-1.473767561000502,-0.999707217092246,-1.0038140082695195,0.3720154319491946,0.9325752224496222,1.5921986774855037,1.499496100731332,-0.6478286856863417,0.04829209980081515,0.2803633435641251,0.4420008357786103
-0.2888549722267022,1.0002928686546901,-1.0038140082695195,1.6254020737275094,1.7731544067889056,0.19361119536525534,-0.12187109685332466,0.3663201538286124,-0.638101577307054,1.2482196151215774,2.6424306289590622
1.4885139109339978,-0.999707217092246,-1.0038140082695195,1.1240474170161836,0.36850234874826093,-1.2049762867549931,-1.1950062204345364,0.32022247930520537,0.16269104598546,1.3472049156217714,1.8986233749262333
0.30360132216019775,-0.999707217092246,0.9962004831192838,-1.3111037727245427,-1.290535515079272,0.19361119536525534,0.06476109855210346,-0.9705124073501906,-1.0041782050979176,-1.2484096308277595,-1.1075976101231164
0.8960576165470977,1.0002928686546901,-1.0038140082695195,0.9449921824764242,1.0321174942792741,1.5921986774855037,-0.09854207242764615,0.35095426232081006,0.3686091491178207,1.5341771498999155,0.47299280469664484
-0.8813112666136022,1.0002928686546901,-1.0038140082695195,-0.30839445930189063,-0.4941973404420562,-0.855329416224931,-0.7750837807723231,-0.017827133866445955,0.4601283060655366,-0.12657622515889452,-0.08486263582797675
-1.473767561000502,1.0002928686546901,0.9962004831192838,-0.021906084038275812,0.20259856236550766,-0.855329416224931,0.14641268404197827,-0.1253883744210623,0.2770899921701048,0.027400908952518316,0.2870409911884377
1.4885139109339978,-0.999707217092246,-1.0038140082695195,0.19296019740943532,0.5675868924075649,-1.2049762867549931,1.0095865877920833,0.47388139438322874,0.2313304136962469,-0.17056969204786962,0.8139044627950247
1.4885139109339978,1.0002928686546901,-1.0038140082695195,1.5895910268195577,0.7777316884923857,1.5921986774855037,-1.4399609769041608,2.6097403139677535,-1.1414569405194912,1.7211493841780596,0.6279526492868175
0.8960576165470977,1.0002928686546901,0.9962004831192838,0.3003933381332909,0.6118279021096324,-0.15603567516480676,1.3186961614323238,0.6429062009690544,0.6660464091978974,0.6433094453981697,1.0928321830573355
-0.8813112666136022,1.0002928686546901,0.9962004831192838,-1.0962374912768316,-0.9476676898882486,-0.15603567516480676,1.5986444545404659,-0.939780624334586,-1.0956973620456334,-0.9734504627716652,-0.797677920942771
-1.473767561000502,1.0002928686546901,-1.0038140082695195,-1.0246153974609278,-0.8481254180585965,-1.554623157285055,-1.5507738429261337,-0.6324627941785393,-1.0041782050979176,-0.984448829493909,-1.0766056412050817
-0.2888549722267022,-0.999707217092246,-1.0038140082695195,0.8017479948446169,0.4348638633013623,0.5432580658953174,-0.273509755620235,-0.8475852752877719,1.9244348172289907,0.18137804306393115,-0.3018064182542185
0.8960576165470977,-0.999707217092246,-1.0038140082695195,-1.1678595850927351,-1.2241740005261708,-0.5056825456948688,1.0387478683241815,-0.8168534922721673,-0.569462209596267,-1.2704063642722472,-0.9526377655329437
-1.473767561000502,1.0002928686546901,-1.0038140082695195,1.016614276292328,1.8063351640654561,0.5432580658953174,1.4586703079863947,1.826079847069834,1.2151613508841925,1.2592179818438212,1.7436635303360608
-1.473767561000502,-0.999707217092246,-1.0038140082695195,-1.2752927258165907,-1.279475262653755,0.5432580658953174,0.8637801851315926,-1.124171322428214,-0.8211398912024858,-1.3363965646057097,-1.1695815479591853
0.8960576165470977,-0.999707217092246,-1.0038140082695195,0.7301259010287131,1.4524070864489158,-0.855329416224931,1.4645025640928144,-0.29441318100688796,0.4830080953024656,1.1932277815103585,1.46473581007375
-0.8813112666136022,1.0002928686546901,0.9962004831192838,1.4463468391877503,0.9325752224496222,1.5921986774855037,-0.3726581094293687,-0.7246581432253533,2.8853859651800073,1.2372212483993335,-0.14684657366404583
0.8960576165470977,1.0002928686546901,0.9962004831192838,-1.2752927258165907,-1.3237162723558227,-0.15603567516480676,1.5111606129441715,-0.9244147328267837,-1.1414569405194912,-1.1494243303275655,-1.0146217033690128
0.30360132216019775,1.0002928686546901,0.9962004831192838,-1.5617811010802056,-1.4564393014620254,1.2425518069554415,-0.32016780447159204,-1.0319759733814,-0.8440196804394147,-1.5013720654393663,-1.4175172993034617
1.4885139109339978,1.0002928686546901,-1.0038140082695195,-1.4185369134483983,-1.4011380393344408,-1.2049762867549931,1.330360673645163,-0.7861217092565627,-0.9126590481502016,-1.2154145306610282,-1.3555333614673926
0.8960576165470977,-0.999707217092246,0.9962004831192838,0.08552705668557975,-0.4941973404420562,0.19361119536525534,-0.30267103615233315,-1.0012441903657954,1.1922815616472637,-0.39053702649274513,0.22505705335236859
-0.8813112666136022,1.0002928686546901,-1.0038140082695195,0.8017479948446169,0.4459241157268792,0.5432580658953174,0.0006062813814875498,1.6724209319918109,0.09405167827467309,0.08239274256373719,-0.3947823250083221
-0.2888549722267022,-0.999707217092246,0.9962004831192838,-0.5590717876575536,-0.7817639035054953,-1.2049762867549931,-0.05771627968270874,-0.57099922814733,0.3914889383547497,-0.29155172599255114,-0.7047020141886674
-0.8813112666136022,1.0002928686546901,0.9962004831192838,-1.6334031948961094,-1.489620058738576,1.2425518069554415,0.10558689129704087,-1.0934395394126093,-1.1185771512825624,-1.5123704321616103,-1.3865253303854272
0.30360132216019775,1.0002928686546901,-1.0038140082695195,0.8375590417525687,0.9215149700241053,-1.554623157285055,-0.8100773174108409,2.010470545163462,1.6498773463858432,1.1822294147881147,1.3097759654835772
0.30360132216019775,-0.999707217092246,0.9962004831192838,-1.6334031948961094,-1.4674995538875422,1.2425518069554415,0.1114191474034605,-1.170268996951621,-1.0041782050979176,-1.5563638990505853,-1.4175172993034617
-1.473767561000502,1.0002928686546901,0.9962004831192838,0.6585038072128094,0.7666714360668688,1.5921986774855037,-1.7257415261187226,0.9348581396172987,-0.08898663562075868,0.7532931126206075,0.596960680368783
0.30360132216019775,-0.999707217092246,-1.0038140082695195,-0.8455601629211685,-0.8149446607820459,0.5432580658953174,1.581147686221207,-0.32514496402249266,0.07117188903774412,-1.0394406631051278,-0.8906538276968746
-1.473767561000502,1.0002928686546901,0.9962004831192838,0.8017479948446169,0.9768162321516897,1.2425518069554415,0.30388359891530825,1.3958348848513686,-1.1185771512825624,0.48933231128675686,-0.14684657366404583
-1.473767561000502,-0.999707217092246,-1.0038140082695195,0.8733700886605206,0.8662137078965209,0.5432580658953174,0.7354705507903608,0.21266123875058904,-0.043227057146900734,0.5553225116202195,0.6589446182048521
-0.2888549722267022,1.0002928686546901,0.9962004831192838,-0.4516386469336981,-0.3061730492082691,-0.5056825456948688,-1.5099480501811964,-0.8783170583033766,-0.5465824203593381,-0.5995059942153769,-0.735693983106702
0.30360132216019775,1.0002928686546901,-1.0038140082695195,-1.239481678908639,-0.9919086995903161,1.2425518069554415,0.2163997573190138,-0.6324627941785393,-0.9812984158609885,-1.083434129994103,-1.1075976101231164
-0.8813112666136022,-0.999707217092246,0.9962004831192838,0.19296019740943532,0.18047805751447388,0.8929049364253795,-0.4134839021743061,-0.002461242358643623,0.34572935988089176,-0.3135484594370387,-0.332798387172253
-0.2888549722267022,1.0002928686546901,-1.0038140082695195,-0.09352817785417952,0.06987553325930501,1.5921986774855037,1.5228251251570106,-0.893682949811179,-0.3864238957008353,-0.1925664254923572,0.03910523984416139
-0.8813112666136022,1.0002928686546901,0.9962004831192838,-1.5617811010802056,-1.5228008160151267,-0.15603567516480676,-0.44264518270640424,-1.0473418648892023,-0.8897792589132726,-1.4903736987171226,-1.262557454713289
-0.8813112666136022,-0.999707217092246,0.9962004831192838,-1.740836335619965,-1.6334033402702954,1.2425518069554415,1.5169928690505912,-1.1088054309204116,-1.1185771512825624,-1.622354099384048,-1.4795012371395309
-1.473767561000502,1.0002928686546901,-1.0038140082695195,1.1240474170161836,0.6339484069606662,0.5432580658953174,0.9745930511535656,-0.47880387910051597,1.672757135622772,0.35735191061983157,2.208543064106579
-0.2888549722267022,-0.999707217092246,-1.0038140082695195,0.7301259010287131,0.6892496690882507,0.19361119536525534,0.5838318920234504,0.5968085264456474,1.9244348172289907,0.8192833129540701,-0.053870666909942216
-0.8813112666136022,-0.999707217092246,-1.0038140082695195,1.5179689330036539,1.4855878437254666,0.5432580658953174,0.3330448794474064,1.503396125405985,0.940603880041045,1.3472049156217714,2.3325109397787167
-0.2888549722267022,1.0002928686546901,0.9962004831192838,-0.4158276000257462,-0.8260049132075628,-0.15603567516480676,-1.0375353055612064,0.33558837081300774,0.5745272522501814,-0.11557785843665076,-0.8906538276968746
-1.473767561000502,1.0002928686546901,-1.0038140082695195,-0.5948828345655055,-0.4831370880165393,-0.855329416224931,-0.9325546956456531,-0.340510855530295,-0.8211398912024858,-0.39053702649274513,-0.9526377655329437
1.4885139109339978,-0.999707217092246,-1.0038140082695195,-1.705025288712013,-1.578102078142711,-0.855329416224931,-0.6234451220054128,-1.0319759733814,-1.0728175728087044,-1.5893589992173165,-1.4175172993034617
0.30360132216019775,1.0002928686546901,0.9962004831192838,-1.0604264443688796,-0.8591856704841134,-1.2049762867549931,-1.626593172309589,-0.6478286856863417,-0.5237026311224091,-0.9734504627716652,-0.85966185877884
-0.8813112666136022,-0.999707217092246,-1.0038140082695195,-0.9171822567370722,-1.0250894568668667,0.19361119536525534,0.403031952724442,-0.017827133866445955,-1.0041782050979176,-0.9734504627716652,-0.3947823250083221
0.8960576165470977,-0.999707217092246,0.9962004831192838,0.3362043850412427,-0.2508717870806847,0.5432580658953174,0.7238060385775216,-1.0473418648892023,-0.7753803127286277,-0.17056969204786962,-0.2708144493361839
-0.8813112666136022,1.0002928686546901,-1.0038140082695195,1.3389136984638947,1.6625518825337366,1.2425518069554415,1.738618601094537,1.4726643423903805,0.6660464091978974,1.4901836830109403,1.8986233749262333
0.30360132216019775,1.0002928686546901,-1.0038140082695195,1.3031026515559427,0.30214083419515964,0.19361119536525534,1.738618601094537,1.365103101835764,-0.3406643172269774,1.8091363179560098,2.3325109397787167
0.30360132216019775,-0.999707217092246,-1.0038140082695195,0.3003933381332909,0.6671291642372169,0.8929049364253795,-0.7167612197081268,0.6429062009690544,-0.043227057146900734,-0.038589291380944336,0.8448964317130593
-1.473767561000502,1.0002928686546901,-1.0038140082695195,1.6970241675434132,1.5740698631296015,1.5921986774855037,0.1114191474034605,-0.9705124073501906,2.198992288072138,2.0511003858453725,1.0308482452212664
-0.8813112666136022,1.0002928686546901,0.9962004831192838,1.2314805577400392,1.2201417855130612,-0.5056825456948688,1.2370445759424489,2.3485201583351136,0.3228495706439628,1.9081216184562035,2.394494877614786
-1.473767561000502,-0.999707217092246,0.9962004831192838,-0.38001655311779436,-0.0739077482724145,-1.554623157285055,0.6654834775133253,-0.20221783196007395,-0.020347267909971763,-0.3245468261592825,-0.08486263582797675
0.8960576165470977,1.0002928686546901,-1.0038140082695195,0.08552705668557975,0.36850234874826093,-0.5056825456948688,-0.7517547563466446,-0.709292251717551,0.9863634585149029,-0.02759092465870056,-0.02287869799190768
0.8960576165470977,-0.999707217092246,-1.0038140082695195,1.6612131206354614,2.3482875329157835,-1.2049762867549931,1.0095865877920833,0.9655899226329034,1.4439592432534822,2.524030154901855,2.6424306289590622
0.30360132216019775,1.0002928686546901,-1.0038140082695195,0.013904962869676045,-0.46101658316550553,0.8929049364253795,1.3245284175387433,0.6582720924768567,-0.4779430526485512,-0.24755825910357607,-0.7047020141886674
-0.2888549722267022,-0.999707217092246,-1.0038140082695195,-0.2725834123939388,-0.05178724342138073,-1.554623157285055,1.5869799423276267,-0.524901553623923,0.5287676737763235,-0.1375745918811383,-0.17783854258208034
-0.8813112666136022,1.0002928686546901,0.9962004831192838,-0.738127022197313,-1.01402920444135,0.8929049364253795,-0.4718064632385024,-0.57099922814733,-0.7525005234916988,-0.39053702649274513,-0.332798387172253
-0.8813112666136022,-0.999707217092246,0.9962004831192838,0.8375590417525687,1.5851301155551185,0.8929049364253795,-1.6090964039903302,0.3816860453364147,-0.13474621409461662,1.5671722500666467,0.9688643073851974
0.8960576165470977,1.0002928686546901,-1.0038140082695195,-0.6306938814734574,-0.903426680186181,1.5921986774855037,-0.5534580487283772,0.10509999819597271,-0.40930368493776426,-0.8634667955492275,-0.7666859520247364
0.8960576165470977,-0.999707217092246,-1.0038140082695195,-1.705025288712013,-1.5449213208661605,1.2425518069554415,-0.32016780447159204,-1.0473418648892023,-1.1185771512825624,-1.5783606324950727,-1.5104932060575653
0.30360132216019775,-0.999707217092246,0.9962004831192838,-0.2725834123939388,0.15835755266344012,-0.15603567516480676,-0.16269688959826206,-0.27904728949908564,-0.2949047387531194,-0.25855662582581984,0.2560490222704031
1.4885139109339978,-0.999707217092246,0.9962004831192838,-1.5617811010802056,-1.5338610684406435,1.5921986774855037,0.6129931725555486,-0.9090488413189813,-1.1414569405194912,-1.42438349838366,-1.3555333614673926
0.30360132216019775,1.0002928686546901,0.9962004831192838,1.1240474170161836,0.6007676496841156,-0.15603567516480676,-0.9208901834328138,1.319005427312357,1.4668390324904113,1.5341771498999155,0.3490249290245067
1.4885139109339978,-0.999707217092246,-1.0038140082695195,-0.9171822567370722,-0.9697881947392823,0.8929049364253795,-0.05188402357628911,-0.663194577194144,-0.24914516027926148,-1.028442296382884,-0.45676626284439115
-0.8813112666136022,-0.999707217092246,0.9962004831192838,1.482157886095702,1.5519493582785677,-0.855329416224931,0.4088642088308616,0.3663201538286124,1.8100358710443458,0.9072702467320203,2.0845751884344406
-0.2888549722267022,-0.999707217092246,-1.0038140082695195,-0.09352817785417952,0.4127433584503285,-1.2049762867549931,1.5578186617955285,0.4124178283520194,0.2313304136962469,-0.1375745918811383,0.2870409911884377
1.4885139109339978,-0.999707217092246,-1.0038140082695195,-0.6665049283814092,-0.3282935540593029,-0.855329416224931,-0.6176128658989931,0.028270540656961045,0.2770899921701048,-0.9294569958826902,-0.8906538276968746
-1.473767561000502,-0.999707217092246,0.9962004831192838,0.12133810359353162,0.4791048730034298,0.8929049364253795,0.9279350023022086,-0.755389926240958,-0.5237026311224091,0.34635354389758777,0.3180329601064722
-0.8813112666136022,-0.999707217092246,-1.0038140082695195,0.6226927603048575,0.855153455471004,-1.2049762867549931,-0.5709548170476361,-0.5556333366395276,1.0092432477518318,0.23636987667515003,-0.17783854258208034
1.4885139109339978,-0.999707217092246,0.9962004831192838,-0.021906084038275812,0.13623704781240634,0.5432580658953174,-0.430980670493565,0.8426627905704848,0.940603880041045,0.016402542230274538,-0.5187502006804602
-0.2888549722267022,1.0002928686546901,-1.0038140082695195,-1.2036706320006871,-1.091450971419968,1.5921986774855037,0.9454317706214674,-0.7707558177487603,-1.0270579943348466,-1.2594079975500034,-1.1695815479591853
-0.8813112666136022,1.0002928686546901,0.9962004831192838,0.6943148541207613,0.5675868924075649,0.5432580658953174,1.3886832347093592,0.028270540656961045,-0.638101577307054,0.5003306780090007,0.16307311551629952
-0.8813112666136022,1.0002928686546901,0.9962004831192838,0.0497160097776279,0.5897073972585987,-0.15603567516480676,-1.1191868910510812,-0.9858782988579929,-0.36354410646390634,0.335355177175344,-0.36379035609028754
-1.473767561000502,-0.999707217092246,0.9962004831192838,0.6943148541207613,0.7666714360668688,0.5432580658953174,-0.7692515246659035,0.3816860453364147,0.3228495706439628,1.2042261482326022,0.2560490222704031
-0.8813112666136022,1.0002928686546901,-1.0038140082695195,-1.2036706320006871,-0.9476676898882486,-1.2049762867549931,1.1553929904525742,-0.7246581432253533,-0.7067409450178409,-0.9954471962161527,-1.1385895790411509
-1.473767561000502,1.0002928686546901,-1.0038140082695195,-1.239481678908639,-1.1799329908241032,1.2425518069554415,-0.792580549091582,-1.1395372139360163,-0.6838611557809119,-1.2154145306610282,-0.9836297344509782
-1.473767561000502,-0.999707217092246,0.9962004831192838,0.0497160097776279,0.05881528083378813,-0.855329416224931,0.5430060992785131,-0.57099922814733,0.4601283060655366,-0.25855662582581984,0.16307311551629952
0.8960576165470977,-0.999707217092246,-1.0038140082695195,1.5537799799116059,1.8837569310440745,-0.855329416224931,1.7444508572009567,3.086082950709626,1.558358189438127,0.47833394456451306,1.12382415197537
0.30360132216019775,-0.999707217092246,-1.0038140082695195,-1.6334031948961094,-1.5117405635896097,-0.855329416224931,-1.2066707326473756,-0.939780624334586,-1.0956973620456334,-1.468376965272635,-1.3555333614673926
-0.8813112666136022,1.0002928686546901,-1.0038140082695195,-0.8097491160132166,-0.9255471850372148,1.2425518069554415,-0.016890486937771336,0.059002323672565714,-1.0499377835717754,-0.8634667955492275,-1.0766056412050817
-0.8813112666136022,-0.999707217092246,-1.0038140082695195,0.8733700886605206,0.0919960381103388,-0.15603567516480676,-0.33766457279085094,1.3497372103279617,-0.11186642485768765,0.7972865795095826,0.03910523984416139
0.8960576165470977,1.0002928686546901,-1.0038140082695195,-0.30839445930189063,-0.6379806219737757,-1.2049762867549931,0.7413028068967804,0.3816860453364147,0.7118059876717553,0.10438947600822474,0.16307311551629952
-0.2888549722267022,1.0002928686546901,0.9962004831192838,0.013904962869676045,0.18047805751447388,-1.554623157285055,-0.5534580487283772,-0.17148604894446928,-0.5237026311224091,0.21437314323066248,-0.17783854258208034
0.8960576165470977,1.0002928686546901,0.9962004831192838,-0.30839445930189063,-0.40571532103792113,-0.855329416224931,-0.2793420117266546,0.47388139438322874,0.5974070414871104,-0.4235321266594764,0.008113270926126851
0.30360132216019775,1.0002928686546901,0.9962004831192838,-0.30839445930189063,-0.604799864697225,-1.554623157285055,-1.183341708221697,-1.0473418648892023,0.7346857769086843,-0.7204880281600584,-0.2088305115001149
-0.8813112666136022,1.0002928686546901,0.9962004831192838,0.9808032293843761,1.33074430976823,0.8929049364253795,-0.8450708540493587,1.319005427312357,-0.36354410646390634,0.21437314323066248,1.991599281680337
1.4885139109339978,1.0002928686546901,-1.0038140082695195,-0.48744969384164993,-0.38359481618688734,-1.2049762867549931,-1.0841933544125635,0.13583178121157738,0.11693146751160206,-0.34654355960377003,-0.7047020141886674
0.8960576165470977,-0.999707217092246,-1.0038140082695195,-1.239481678908639,-1.0693304665689343,-0.15603567516480676,-0.12770335295974428,-1.0934395394126093,-0.8668994696763437,-1.2154145306610282,-1.1075976101231164
-0.2888549722267022,1.0002928686546901,-1.0038140082695195,1.2314805577400392,0.4127433584503285,1.2425518069554415,-0.7050967074952875,2.502179073413137,2.587948705099931,1.1822294147881147,1.991599281680337
-0.8813112666136022,1.0002928686546901,0.9962004831192838,0.12133810359353162,-0.17345002010206648,-1.2049762867549931,1.2953671370066453,0.627540309461252,0.8490847230933292,0.5223274114534882,0.19406508443433404
-0.2888549722267022,1.0002928686546901,-1.0038140082695195,0.6226927603048575,0.6781894166627338,1.5921986774855037,0.34470939166024567,0.04363643216476338,0.4601283060655366,1.1822294147881147,1.4337438411557153
-0.8813112666136022,-0.999707217092246,-1.0038140082695195,-0.4158276000257462,-0.7928241559310122,-0.855329416224931,-0.8800643906878765,-1.1395372139360163,-0.7067409450178409,-0.5885076274931331,-0.3018064182542185
-0.2888549722267022,-0.999707217092246,-1.0038140082695195,-0.6306938814734574,-0.7596433986544615,-0.855329416224931,0.3155481111281475,-0.43270620457710895,-0.4321834741746932,-0.7534831283267897,-0.11585460474601128
0.8960576165470977,-0.999707217092246,0.9962004831192838,0.6585038072128094,0.12517679538688944,-0.5056825456948688,0.04143207412642495,-0.2636813979912833,-0.9355388373871306,0.9402653468987516,-0.42577429392635663
0.30360132216019775,-0.999707217092246,0.9962004831192838,-0.3442055062098425,-0.2729922919317185,-0.15603567516480676,-0.7809160368787428,-0.17148604894446928,-0.7067409450178409,-0.11557785843665076,-0.5497421695984948
1.4885139109339978,1.0002928686546901,0.9962004831192838,0.0497160097776279,0.3242613390461934,-0.5056825456948688,1.2253800637296097,-0.7861217092565627,0.43724851682860766,-0.12657622515889452,0.16307311551629952
-0.2888549722267022,1.0002928686546901,-1.0038140082695195,1.0524253232002798,1.5630096107040847,-1.2049762867549931,0.006438537487907179,1.3804689933435663,1.8786752387551329,1.5671722500666467,0.47299280469664484
1.4885139109339978,-0.999707217092246,-1.0038140082695195,-1.5617811010802056,-1.4121982917599578,0.8929049364253795,-0.885896646794296,-0.9551465158423883,-0.9812984158609885,-1.3803900314946849,-1.2935494236313236
0.8960576165470977,-0.999707217092246,-1.0038140082695195,1.5179689330036539,2.2929862707881994,1.2425518069554415,-0.8042450613044213,0.35095426232081006,1.764276292570488,1.215224514954846,1.991599281680337
-0.8813112666136022,1.0002928686546901,-1.0038140082695195,1.3747247453718465,0.9768162321516897,-0.855329416224931,-1.2766578059244111,1.3804689933435663,0.5516474630132525,1.3802000157885026,0.7829124938769902
-0.8813112666136022,1.0002928686546901,0.9962004831192838,1.0524253232002798,0.6118279021096324,-0.855329416224931,-0.1685291457046817,-1.0012441903657954,1.5354784002011983,0.8852735132875328,1.9606073127623025
-1.473767561000502,1.0002928686546901,0.9962004831192838,-0.6665049283814092,-0.8591856704841134,1.2425518069554415,1.0562446366434404,-0.5095356621161207,-0.5465824203593381,-0.6764945612710833,-0.6737100452706329
-1.473767561000502,-0.999707217092246,-1.0038140082695195,-0.1293392247621314,0.36850234874826093,-1.2049762867549931,-0.48347097545134166,-1.0012441903657954,0.7804453553825422,-0.5225174271596704,0.3490249290245067
0.8960576165470977,-0.999707217092246,-1.0038140082695195,-0.1293392247621314,-0.2287512822296509,0.5432580658953174,-0.6234451220054128,-1.0012441903657954,-0.11186642485768765,-0.11557785843665076,0.4420008357786103
0.8960576165470977,1.0002928686546901,0.9962004831192838,0.15714915050148345,0.5344061351310142,-0.5056825456948688,0.3913674405116027,-0.57099922814733,-0.0661068463838297,0.3133584437308565,0.9068803695491283
0.30360132216019775,-0.999707217092246,-1.0038140082695195,-0.7023159752893611,-0.43889607831447175,0.8929049364253795,1.5519864056891088,-0.6017310111629346,-0.08898663562075868,-0.9404553626049339,-0.2398224804181494
-0.8813112666136022,1.0002928686546901,0.9962004831192838,1.3031026515559427,1.7178531446613212,-0.855329416224931,0.6363221969812272,2.010470545163462,-0.11186642485768765,1.3692016490662589,1.340767934401612
1.4885139109339978,-0.999707217092246,0.9962004831192838,0.3362043850412427,-0.36147431133585356,-1.554623157285055,0.17557396457407642,-0.7707558177487603,-1.1414569405194912,0.44533884439778176,-0.2398224804181494
-0.2888549722267022,1.0002928686546901,0.9962004831192838,0.8375590417525687,1.441346834023399,-0.5056825456948688,-1.2999868303500897,2.2102271347648923,0.002532521326957207,0.2473682433973938,0.07009720876219591
0.8960576165470977,-0.999707217092246,0.9962004831192838,1.016614276292328,1.1869610282365106,0.5432580658953174,-1.3174835986693487,0.5199790689066357,2.1303529203613514,1.3802000157885026,0.8139044627950247
-1.473767561000502,1.0002928686546901,0.9962004831192838,1.4463468391877503,0.8993944651730715,1.2425518069554415,-1.0783610983061438,1.5648596914371944,-0.569462209596267,2.0511003858453725,0.4420008357786103
-0.2888549722267022,-0.999707217092246,0.9962004831192838,-1.705025288712013,-1.6002225829937449,-1.2049762867549931,-1.0958578666254026,-1.0627077563970047,-1.1414569405194912,-1.5343671656060978,-1.5104932060575653
-0.2888549722267022,-0.999707217092246,0.9962004831192838,1.5537799799116059,0.8330329506199702,0.5432580658953174,-0.5476257926219575,-0.5402674451317253,2.725227440521505,1.0502490141211893,2.0225912505983716
0.8960576165470977,1.0002928686546901,-1.0038140082695195,0.40782647885714646,0.744550931215835,0.19361119536525534,-0.7984128051980016,0.2894906962896007,-0.6838611557809119,0.1593813096194436,1.0308482452212664
0.30360132216019775,1.0002928686546901,-1.0038140082695195,-0.6306938814734574,-0.6490408743992926,0.19361119536525534,-1.6032641478839105,-0.340510855530295,-0.5465824203593381,-0.8414700621047398,-0.9216457966149092
-1.473767561000502,-0.999707217092246,-1.0038140082695195,0.515259619581002,0.11411654296137257,-1.2049762867549931,1.2428768320488686,1.4880302338981828,1.3066805078319086,0.5553225116202195,0.38001689794254123
0.8960576165470977,1.0002928686546901,0.9962004831192838,-1.6334031948961094,-1.5117405635896097,-0.855329416224931,-0.8042450613044213,-0.9551465158423883,-1.0270579943348466,-1.4793753319948788,-1.4795012371395309
1.4885139109339978,1.0002928686546901,0.9962004831192838,-1.3469148196324945,-1.3347765247813397,0.8929049364253795,1.3245284175387433,-1.124171322428214,-0.7525005234916988,-1.1054308634385905,-1.1075976101231164
-0.8813112666136022,-0.999707217092246,0.9962004831192838,0.7301259010287131,0.6228881545351493,1.5921986774855037,-0.9442192078584923,0.32022247930520537,0.5287676737763235,1.0502490141211893,1.1858080898114391
1.4885139109339978,-0.999707217092246,0.9962004831192838,1.6970241675434132,1.6736121349592537,-0.855329416224931,1.5636509179019482,2.0412023281790668,2.519309337389144,1.655159183844597,0.8139044627950247
-0.8813112666136022,-0.999707217092246,-1.0038140082695195,-0.1293392247621314,0.18047805751447388,0.19361119536525534,0.2805545744896297,0.44314961136762404,0.7575655661456132,-0.5005206937151829,-0.48775823176242566
0.30360132216019775,1.0002928686546901,-1.0038140082695195,1.6612131206354614,0.6007676496841156,0.8929049364253795,-0.4368129265999846,2.563642639444346,1.3981996647796244,1.3472049156217714,0.3490249290245067
0.8960576165470977,-0.999707217092246,-1.0038140082695195,0.6943148541207613,1.1648405233854768,1.5921986774855037,-0.011058230831351708,1.9029093046088457,1.9473146064659197,1.358203282344015,1.588703685745888
-1.473767561000502,1.0002928686546901,-1.0038140082695195,-1.3469148196324945,-1.1356919811220356,0.19361119536525534,-0.2560129873009761,-0.7861217092565627,-0.8668994696763437,-1.2154145306610282,-1.0146217033690128
-0.2888549722267022,-0.999707217092246,-1.0038140082695195,0.19296019740943532,0.22471906721654142,0.8929049364253795,-0.07521304800196763,0.950224031125101,-0.660981366543983,-0.09358112499216321,-0.2088305115001149
0.8960576165470977,1.0002928686546901,0.9962004831192838,1.5179689330036539,2.3814682901923345,1.5921986774855037,1.21954780762319,1.3804689933435663,2.2218720773090674,1.2482196151215774,0.6589446182048521
0.30360132216019775,-0.999707217092246,-1.0038140082695195,1.4463468391877503,1.6072506204061523,1.5921986774855037,-0.541793536515538,-0.06392480838985296,-0.11186642485768765,1.9961085522341537,2.4254868465328205
0.30360132216019775,-0.999707217092246,-1.0038140082695195,0.3720154319491946,-0.18451027252758337,-1.554623157285055,0.6888125019390038,1.2575418612811478,-0.18050579256847454,0.10438947600822474,-0.48775823176242566
0.30360132216019775,-0.999707217092246,0.9962004831192838,-0.09352817785417952,-0.40571532103792113,0.19361119536525534,-0.3726581094293687,-0.6017310111629346,0.6889261984348263,0.049397642397005864,0.13208114659826498
1.4885139109339978,-0.999707217092246,-1.0038140082695195,-1.5617811010802056,-1.4674995538875422,-1.2049762867549931,1.079573661069119,-1.078073647904807,-0.9126590481502016,-1.4353818651059038,-1.3555333614673926
1.4885139109339978,1.0002928686546901,0.9962004831192838,0.3362043850412427,-0.05178724342138073,1.2425518069554415,-0.7984128051980016,1.2114441867577408,1.0778826154626189,-0.14857295860338207,-0.45676626284439115
0.30360132216019775,-0.999707217092246,-1.0038140082695195,-1.3469148196324945,-1.3568970296323732,-0.5056825456948688,0.7821285996417179,-0.57099922814733,-0.7067409450178409,-1.2484096308277595,-0.9836297344509782
-0.2888549722267022,-0.999707217092246,0.9962004831192838,-1.239481678908639,-1.1578124859730694,0.19361119536525534,-0.09854207242764615,-0.9244147328267837,-0.8440196804394147,-1.0944324967163468,-1.2315654857952545
0.30360132216019775,-0.999707217092246,-1.0038140082695195,1.267291604647991,0.9325752224496222,-1.2049762867549931,-1.6032641478839105,0.9655899226329034,-0.27202494951619044,1.4681869495664528,-0.2088305115001149
-0.8813112666136022,1.0002928686546901,-1.0038140082695195,-0.8097491160132166,-0.6711613792503264,0.19361119536525534,-0.950051463964912,-0.6017310111629346,-1.0270579943348466,-0.8084749619380086,-0.42577429392635663
-0.2888549722267022,1.0002928686546901,-1.0038140082695195,1.6970241675434132,1.1205995136834093,0.19361119536525534,-1.6674189650545264,1.9490069791322528,0.04829209980081515,1.1382359478991395,1.340767934401612
0.8960576165470977,-0.999707217092246,-1.0038140082695195,-1.0246153974609278,-1.002968952015833,0.19361119536525534,-1.5682706112453926,-0.3097790725146903,-0.4779430526485512,-1.1164292301608343,-0.85966185877884
-0.2888549722267022,1.0002928686546901,0.9962004831192838,-0.8455601629211685,-1.0472099617179005,-0.5056825456948688,1.4645025640928144,-0.617096902670737,0.002532521326957207,-0.5115190604374267,-0.332798387172253
1.4885139109339978,-0.999707217092246,-1.0038140082695195,-0.48744969384164993,-0.12920901039999894,-1.554623157285055,-0.7575870124530643,-0.57099922814733,-1.0041782050979176,-0.786478228493521,-0.6737100452706329
-1.473767561000502,1.0002928686546901,0.9962004831192838,-1.45434796035635,-1.2352342529516875,-0.15603567516480676,0.12308365961629976,-0.7861217092565627,-0.8440196804394147,-1.2594079975500034,-1.20057351687722
1.4885139109339978,1.0002928686546901,-1.0038140082695195,-0.6306938814734574,-0.7485831462289446,1.2425518069554415,-0.46014195102566313,-1.078073647904807,0.29996978140703384,-0.4565272268262078,-0.3018064182542185
0.30360132216019775,-0.999707217092246,-1.0038140082695195,-1.239481678908639,-1.0693304665689343,0.19361119536525534,-1.014206281135528,-1.0627077563970047,-0.9584186266240595,-1.072435763271859,-1.262557454713289
-1.473767561000502,1.0002928686546901,0.9962004831192838,-1.2036706320006871,-1.0803907189944513,-0.5056825456948688,0.48468353821431676,-0.7861217092565627,-0.9126590481502016,-1.2374112641055157,-0.8906538276968746
1.4885139109339978,-0.999707217092246,0.9962004831192838,1.0524253232002798,1.4192263291723652,-0.15603567516480676,-0.8742321345814568,1.6877868234996132,-0.7982601019655567,0.2473682433973938,-0.332798387172253
-1.473767561000502,1.0002928686546901,0.9962004831192838,0.19296019740943532,0.4348638633013623,0.5432580658953174,1.6103089667533053,1.4112007763591712,-0.0661068463838297,-0.00559419121421301,0.8448964317130593
-0.2888549722267022,1.0002928686546901,0.9962004831192838,-0.4516386469336981,-0.018606486144830077,0.5432580658953174,0.7646318313224589,0.5046131773988334,-0.4779430526485512,-0.4895223269929391,-0.42577429392635663
1.4885139109339978,1.0002928686546901,-1.0038140082695195,-1.4901590072643018,-1.3679572820578902,0.8929049364253795,1.21954780762319,-0.8322193837799696,-0.9355388373871306,-1.325398197883466,-1.2935494236313236
0.30360132216019775,-0.999707217092246,0.9962004831192838,0.3720154319491946,0.3242613390461934,0.5432580658953174,-0.35516134111010983,0.6582720924768567,-0.18050579256847454,0.11538784273046851,0.7829124938769902
-0.2888549722267022,1.0002928686546901,-1.0038140082695195,-0.7739380691052647,-0.46101658316550553,-1.554623157285055,1.37701872249652,-0.4019744215615043,-0.40930368493776426,-0.4015353932149889,-1.1075976101231164
-1.473767561000502,1.0002928686546901,-1.0038140082695195,-0.5232607407496018,-0.8149446607820459,0.5432580658953174,-1.2999868303500897,0.35095426232081006,0.43724851682860766,-0.3575419263260138,-0.6117261074345638
0.8960576165470977,1.0002928686546901,0.9962004831192838,-1.3827258665404463,-1.3679572820578902,-0.855329416224931,-1.358309391414286,-0.6478286856863417,-1.0728175728087044,-1.2044161639387845,-1.1075976101231164
-0.2888549722267022,1.0002928686546901,0.9962004831192838,1.6970241675434132,1.9390581931716588,-1.554623157285055,-1.719909270012303,-0.43270620457710895,3.205703014497013,1.0282522806767018,1.12382415197537
1.4885139109339978,-0.999707217092246,-1.0038140082695195,1.5537799799116059,1.1759007758109936,0.5432580658953174,0.1522449401483979,3.17827829975644,2.3820306019675703,1.7211493841780596,1.8986233749262333
-1.473767561000502,-0.999707217092246,0.9962004831192838,1.267291604647991,1.5740698631296015,0.8929049364253795,0.2572255500639512,-1.0012441903657954,2.0845933418874933,1.9631134520674225,2.270527001942648
0.8960576165470977,1.0002928686546901,0.9962004831192838,1.4463468391877503,2.215564503809581,-0.855329416224931,-1.5041157940747767,-1.0012441903657954,-1.0728175728087044,0.8742751465652889,0.9998562763032319
0.8960576165470977,-0.999707217092246,0.9962004831192838,-1.705025288712013,-1.578102078142711,-1.2049762867549931,1.1553929904525742,-1.1088054309204116,-1.0499377835717754,-1.6003573659395605,-1.4175172993034617
0.8960576165470977,-0.999707217092246,0.9962004831192838,-0.1293392247621314,-0.6269203695482588,1.2425518069554415,1.6161412228597247,0.6582720924768567,0.3686091491178207,0.3133584437308565,-0.2708144493361839
-0.2888549722267022,1.0002928686546901,0.9962004831192838,-1.5975921479881574,-1.4453790490365084,1.2425518069554415,-0.15686463349184243,-1.0934395394126093,-1.0270579943348466,-1.5123704321616103,-1.4485092682214962
0.30360132216019775,1.0002928686546901,0.9962004831192838,0.15714915050148345,0.5786471448330818,-0.15603567516480676,-0.3085032922587528,0.47388139438322874,0.7346857769086843,-0.1815680587701134,-0.3018064182542185
-0.8813112666136022,-0.999707217092246,-1.0038140082695195,0.0497160097776279,-0.43889607831447175,-0.855329416224931,0.5779996359170309,1.0116875971563104,0.5974070414871104,0.40134537750880667,-0.7047020141886674
-0.8813112666136022,1.0002928686546901,0.9962004831192838,-0.7023159752893611,-0.9808484471647992,1.5921986774855037,1.5636509179019482,-0.8629511667955743,0.25421020293317587,-0.9404553626049339,-0.3018064182542185
0.30360132216019775,-0.999707217092246,-1.0038140082695195,-1.45434796035635,-1.3679572820578902,-1.2049762867549931,0.9221027461957889,-0.7707558177487603,-1.1185771512825624,-1.2484096308277595,-1.262557454713289
-0.2888549722267022,-0.999707217092246,-1.0038140082695195,-0.5232607407496018,-0.3393538064848198,0.5432580658953174,-1.1133546349446617,0.3970519368442171,-0.18050579256847454,-0.2365598923813323,0.13208114659826498
0.8960576165470977,1.0002928686546901,0.9962004831192838,-0.9529933036450241,-0.6379806219737757,-1.554623157285055,1.5869799423276267,-0.5863651196551323,-1.0728175728087044,-0.8854635289937149,-0.45676626284439115
1.4885139109339978,-0.999707217092246,0.9962004831192838,0.08552705668557975,-0.12920901039999894,-0.855329416224931,0.19890298899975495,0.6582720924768567,-0.11186642485768765,-0.25855662582581984,0.3490249290245067
1.4885139109339978,1.0002928686546901,0.9962004831192838,0.7301259010287131,0.7003099215137676,-1.2049762867549931,-0.24434847508813687,0.21266123875058904,0.6889261984348263,1.2372212483993335,-0.3018064182542185
0.30360132216019775,-0.999707217092246,-1.0038140082695195,0.5510706664889539,-0.06284749584689762,-0.15603567516480676,1.4120122591350377,1.1960782952499385,1.6269975571489141,-0.038589291380944336,0.3180329601064722
0.8960576165470977,1.0002928686546901,0.9962004831192838,0.9091811355684725,0.5344061351310142,1.2425518069554415,0.5371738431720934,-0.38660853005370194,0.8490847230933292,0.9072702467320203,1.929615343844268
0.30360132216019775,1.0002928686546901,0.9962004831192838,-0.1293392247621314,-0.2619320395062016,0.8929049364253795,0.8229543923866552,-0.8168534922721673,0.8262049338564001,-0.37953865977050133,0.3490249290245067
0.30360132216019775,-0.999707217092246,-1.0038140082695195,0.9808032293843761,1.4966480961509834,-1.2049762867549931,-0.885896646794296,-0.04855891688205062,1.0321230369887608,0.5443241448979758,1.9606073127623025
1.4885139109339978,-0.999707217092246,0.9962004831192838,-0.23677236548598696,-0.37253456376137045,1.5921986774855037,0.20473524510617458,-0.24831550648348097,0.5287676737763235,0.005404175508030765,-0.2088305115001149
-1.473767561000502,1.0002928686546901,-1.0038140082695195,1.6970241675434132,0.5454663875565311,0.8929049364253795,0.04143207412642495,-0.20221783196007395,-0.9584186266240595,2.4360432211239047,1.1548161208934047
-0.2888549722267022,-0.999707217092246,-1.0038140082695195,-0.3442055062098425,-0.029666738570346962,0.19361119536525534,-0.16269688959826206,-1.170268996951621,0.04829209980081515,-0.2365598923813323,-0.48775823176242566
0.30360132216019775,-0.999707217092246,-1.0038140082695195,-1.2036706320006871,-1.0803907189944513,-0.855329416224931,0.6479867091940664,-0.41734031306930663,-0.9812984158609885,-1.028442296382884,-1.0146217033690128
-0.8813112666136022,-0.999707217092246,-1.0038140082695195,0.8375590417525687,1.2643827952151288,1.2425518069554415,-0.5476257926219575,-0.8168534922721673,-0.592341998833196,0.7972865795095826,-0.332798387172253
-1.473767561000502,-0.999707217092246,-1.0038140082695195,-0.23677236548598696,-0.5052575928675731,1.5921986774855037,0.3155481111281475,-0.11002248291325996,-0.08898663562075868,0.18137804306393115,0.13208114659826498
0.8960576165470977,-0.999707217092246,-1.0038140082695195,0.765936947936665,0.8772739603220377,0.19361119536525534,0.19307073289333532,-0.4480720960849113,0.8033251446194711,0.4673355778422693,-0.17783854258208034
-1.473767561000502,1.0002928686546901,0.9962004831192838,-0.2009613185780351,-0.40571532103792113,0.5432580658953174,-0.524296768196279,0.904126356601694,-0.615221788070125,0.027400908952518316,0.2870409911884377
-0.2888549722267022,-0.999707217092246,-1.0038140082695195,-0.30839445930189063,-0.5494986025696407,0.5432580658953174,-1.1191868910510812,-0.24831550648348097,-0.11186642485768765,-0.34654355960377003,-0.7666859520247364
-0.2888549722267022,1.0002928686546901,0.9962004831192838,-0.738127022197313,-0.8923664277606641,-1.2049762867549931,1.283702624793806,-0.32514496402249266,-0.043227057146900734,-1.0064455629383966,-0.8906538276968746
-0.8813112666136022,-0.999707217092246,0.9962004831192838,-1.705025288712013,-1.5670418257171943,0.5432580658953174,-1.6032641478839105,-1.1395372139360163,-1.1185771512825624,-1.5453655323283415,-1.5104932060575653
-0.2888549722267022,-0.999707217092246,-1.0038140082695195,-0.7739380691052647,-0.5494986025696407,-1.2049762867549931,1.108734941601217,-0.9705124073501906,-0.20338558180540353,-0.9954471962161527,-0.42577429392635663
-0.8813112666136022,-0.999707217092246,0.9962004831192838,0.4794485726730502,0.13623704781240634,1.5921986774855037,-0.2560129873009761,-0.23294961497567862,-0.569462209596267,0.5443241448979758,0.7519205249589557
-0.2888549722267022,1.0002928686546901,-1.0038140082695195,1.6970241675434132,2.481010562021986,-0.15603567516480676,0.24556103785111197,2.548276747936544,-1.1414569405194912,0.9072702467320203,0.8139044627950247
0.30360132216019775,-0.999707217092246,-1.0038140082695195,-0.8097491160132166,-0.4720768355910224,-1.554623157285055,0.6479867091940664,-1.0627077563970047,-0.592341998833196,-1.0504390298273716,-0.42577429392635663
-1.473767561000502,-0.999707217092246,0.9962004831192838,-1.4185369134483983,-1.3679572820578902,1.2425518069554415,-0.9792127444970101,-1.078073647904807,-1.0728175728087044,-1.1934177972165407,-1.1075976101231164
-0.2888549722267022,1.0002928686546901,0.9962004831192838,-1.3469148196324945,-1.1356919811220356,-0.5056825456948688,-0.09854207242764615,-0.8322193837799696,-0.7296207342547698,-1.2924030977167347,-1.0146217033690128
1.4885139109339978,1.0002928686546901,-1.0038140082695195,-1.3469148196324945,-1.1467522335475524,-1.2049762867549931,-1.4749545135426787,-0.663194577194144,-0.7753803127286277,-1.2924030977167347,-1.0456136722870473
1.4885139109339978,-0.999707217092246,0.9962004831192838,-1.3111037727245427,-1.1246317286965188,-1.554623157285055,-0.7809160368787428,-1.1549031054438186,-0.5465824203593381,-1.083434129994103,-1.0766056412050817
-1.473767561000502,-0.999707217092246,-1.0038140082695195,-1.3111037727245427,-1.0693304665689343,-0.855329416224931,-1.200838476540956,-1.078073647904807,-0.7982601019655567,-1.072435763271859,-0.9836297344509782
0.8960576165470977,-0.999707217092246,0.9962004831192838,-1.4185369134483983,-1.279475262653755,0.5432580658953174,0.653818965300486,-0.7707558177487603,-1.0270579943348466,-1.2704063642722472,-1.3555333614673926
-1.473767561000502,-0.999707217092246,0.9962004831192838,-1.4901590072643018,-1.290535515079272,-0.855329416224931,-1.5624383551389731,-0.7861217092565627,-0.8211398912024858,-1.281404730994491,-1.20057351687722
0.30360132216019775,-0.999707217092246,-1.0038140082695195,1.1956695108320872,1.927997940746142,-1.2049762867549931,-0.524296768196279,2.3331542668273113,1.741396503333559,1.8971232517339598,1.1548161208934047
-0.2888549722267022,-0.999707217092246,-1.0038140082695195,-0.7739380691052647,-0.42783582588895486,0.19361119536525534,1.4003477469221985,-1.0473418648892023,0.025412310563886178,-0.7754798617712773,-0.735693983106702
1.4885139109339978,1.0002928686546901,-1.0038140082695195,0.22877124431738718,-0.39465506861240424,-1.2049762867549931,1.7094573205624388,0.4124178283520194,0.25421020293317587,0.5113290447312444,0.7519205249589557
1.4885139109339978,1.0002928686546901,-1.0038140082695195,1.0524253232002798,1.6404313776827029,0.5432580658953174,-0.2910065239394939,1.1192488377109266,-1.0956973620456334,0.23636987667515003,0.6279526492868175
1.4885139109339978,-0.999707217092246,-1.0038140082695195,-0.38001655311779436,-0.6379806219737757,-1.2049762867549931,0.7238060385775216,-1.124171322428214,-1.1414569405194912,-0.33554519288152623,-0.9216457966149092
-0.2888549722267022,-0.999707217092246,0.9962004831192838,-0.7739380691052647,-0.8702459229096303,-0.5056825456948688,-1.1950062204345364,0.028270540656961045,-0.5465824203593381,-0.8194733286602524,-0.3018064182542185
-0.8813112666136022,1.0002928686546901,-1.0038140082695195,-0.16515027167008323,-0.14026926282551583,-0.5056825456948688,-0.46014195102566313,0.8887604650938917,0.3228495706439628,-0.5885076274931331,-0.85966185877884
0.30360132216019775,-0.999707217092246,0.9962004831192838,-1.45434796035635,-1.4232585441854746,-0.15603567516480676,-1.7257415261187226,-1.0012441903657954,-1.0499377835717754,-1.3913883982169286,-1.2315654857952545
-0.2888549722267022,1.0002928686546901,0.9962004831192838,-0.38001655311779436,-0.7375228938034277,-0.855329416224931,-1.6090964039903302,0.5660767434300428,-0.9126590481502016,-0.09358112499216321,-0.2708144493361839
-0.2888549722267022,-0.999707217092246,0.9962004831192838,-0.5232607407496018,-0.40571532103792113,-0.5056825456948688,-0.05188402357628911,-0.9090488413189813,0.04829209980081515,-0.4675255935484516,-0.6117261074345638
0.8960576165470977,-0.999707217092246,-1.0038140082695195,1.0524253232002798,1.540889105853051,-1.2049762867549931,-1.0375353055612064,-0.6785604687019463,1.6041177679119851,1.3032114487327962,1.1858080898114391
-0.2888549722267022,-0.999707217092246,-1.0038140082695195,1.5179689330036539,0.7556111836413519,0.5432580658953174,-1.200838476540956,-0.4941697706083183,-0.27202494951619044,1.457188582844209,2.7663985046312005
-1.473767561000502,1.0002928686546901,0.9962004831192838,-0.48744969384164993,-0.6490408743992926,0.5432580658953174,-0.39598713385504725,0.12046588970377504,-0.9126590481502016,-0.6874929279933271,-0.9526377655329437
1.4885139109339978,-0.999707217092246,0.9962004831192838,1.732835214451365,1.1869610282365106,-1.2049762867549931,1.5228251251570106,0.04363643216476338,-1.0956973620456334,2.513031788179611,0.13208114659826498
0.30360132216019775,-0.999707217092246,0.9962004831192838,-0.021906084038275812,-0.14026926282551583,-0.5056825456948688,-0.2560129873009761,0.7351015500158684,0.3914889383547497,0.3243568104531002,-0.053870666909942216
0.8960576165470977,1.0002928686546901,-1.0038140082695195,-0.021906084038275812,0.3906228535992947,-0.15603567516480676,0.9104382339829497,-0.6017310111629346,-1.0041782050979176,-0.2365598923813323,-0.735693983106702
0.30360132216019775,-0.999707217092246,-1.0038140082695195,-0.1293392247621314,-0.4831370880165393,-0.5056825456948688,-0.4193161582807257,0.8887604650938917,-0.4321834741746932,-0.17056969204786962,-0.053870666909942216
-0.2888549722267022,1.0002928686546901,-1.0038140082695195,0.5510706664889539,0.855153455471004,0.8929049364253795,-0.3260000605780117,-0.7707558177487603,1.3753198755426954,1.2262228816770897,1.0928321830573355
-1.473767561000502,-0.999707217092246,0.9962004831192838,-1.45434796035635,-1.3347765247813397,-0.855329416224931,-0.430980670493565,-0.8629511667955743,-0.7525005234916988,-1.3583932980501974,-1.1075976101231164
-0.8813112666136022,1.0002928686546901,-1.0038140082695195,-0.9529933036450241,-1.102511223845485,-1.554623157285055,-1.3291481108821879,-0.2175837234678763,-0.4321834741746932,-0.7314863948823022,-1.1075976101231164
-0.8813112666136022,1.0002928686546901,0.9962004831192838,-0.1293392247621314,0.3906228535992947,1.5921986774855037,-0.8975611590071353,-0.8322193837799696,-1.1414569405194912,-0.44552886010396403,-0.3018064182542185
-0.2888549722267022,-0.999707217092246,0.9962004831192838,0.5510706664889539,1.1537802709599598,-0.855329416224931,0.8229543923866552,0.5199790689066357,-0.7067409450178409,0.4123437442310504,1.3097759654835772
1.4885139109339978,-0.999707217092246,-1.0038140082695195,-1.5259700541722538,-1.390077786908924,-0.855329416224931,-0.22685170676887798,-1.1395372139360163,-1.0956973620456334,-1.3363965646057097,-1.2315654857952545
0.8960576165470977,-0.999707217092246,0.9962004831192838,-1.1320485381847833,-1.1467522335475524,0.19361119536525534,0.3330448794474064,-0.9244147328267837,-0.7753803127286277,-1.072435763271859,-1.0146217033690128
1.4885139109339978,1.0002928686546901,0.9962004831192838,-0.7739380691052647,-0.44995633073998864,-1.2049762867549931,0.4905157943207364,-0.893682949811179,-0.24914516027926148,-0.6325010943821082,-0.5187502006804602
-0.8813112666136022,-0.999707217092246,0.9962004831192838,0.12133810359353162,0.6892496690882507,-0.5056825456948688,-1.4516254891170002,-0.755389926240958,-0.9126590481502016,0.5003306780090007,0.5659687114507485
0.8960576165470977,-0.999707217092246,0.9962004831192838,1.016614276292328,0.7003099215137676,0.8929049364253795,-0.5942838414733146,-0.8168534922721673,0.04829209980081515,0.8742751465652889,0.8448964317130593
-1.473767561000502,-0.999707217092246,-1.0038140082695195,-0.1293392247621314,0.25789982449309207,-1.554623157285055,0.5954964042362897,-0.32514496402249266,-0.615221788070125,-0.37953865977050133,0.6279526492868175
-1.473767561000502,-0.999707217092246,0.9962004831192838,0.8733700886605206,0.18047805751447388,0.8929049364253795,-0.6234451220054128,2.148763568733683,-0.043227057146900734,1.1272375811768958,1.8986233749262333
1.4885139109339978,-0.999707217092246,-1.0038140082695195,1.732835214451365,1.0431777467047911,-1.554623157285055,-0.4018193899614669,2.563642639444346,1.7871560818074168,0.5773192450647071,2.4874707843688895
0.8960576165470977,1.0002928686546901,0.9962004831192838,-0.48744969384164993,-0.36147431133585356,1.2425518069554415,0.21056750121259418,-0.2175837234678763,0.3228495706439628,-0.43453049338172023,-0.08486263582797675
-1.473767561000502,1.0002928686546901,-1.0038140082695195,-0.3442055062098425,-0.4831370880165393,0.8929049364253795,-1.1658449399024382,-0.24831550648348097,0.5974070414871104,-0.2695549925480636,0.10108917768023046
-0.2888549722267022,1.0002928686546901,0.9962004831192838,1.2314805577400392,1.2975635524916793,-0.855329416224931,-0.35516134111010983,2.1180317857180784,2.61082849433686,0.6983012790093885,-0.11585460474601128
0.30360132216019775,1.0002928686546901,-1.0038140082695195,-1.6334031948961094,-1.5449213208661605,-0.855329416224931,0.9221027461957889,-0.9551465158423883,-1.1185771512825624,-1.5343671656060978,-1.3555333614673926
1.4885139109339978,1.0002928686546901,0.9962004831192838,-1.705025288712013,-1.5559815732916773,1.5921986774855037,0.08225786687136236,-1.0627077563970047,-1.0499377835717754,-1.5893589992173165,-1.4795012371395309
-0.8813112666136022,-0.999707217092246,-1.0038140082695195,-0.6665049283814092,-0.704342136526877,-1.2049762867549931,-1.1308514032639205,-1.0012441903657954,-0.5465824203593381,-0.4895223269929391,-0.48775823176242566
-0.8813112666136022,1.0002928686546901,0.9962004831192838,-1.5259700541722538,-1.3679572820578902,0.8929049364253795,0.7413028068967804,-0.8475852752877719,-0.8440196804394147,-1.325398197883466,-1.1695815479591853
-1.473767561000502,-0.999707217092246,-1.0038140082695195,-0.8097491160132166,-1.0582702141434175,-0.5056825456948688,1.4178445152414574,-1.1549031054438186,-0.8440196804394147,-0.9954471962161527,-0.9526377655329437
1.4885139109339978,-0.999707217092246,0.9962004831192838,-0.9529933036450241,-0.6932818841013602,-1.554623157285055,0.8521156729187533,-0.893682949811179,-0.6838611557809119,-0.6544978278265957,-0.8906538276968746
-0.8813112666136022,-0.999707217092246,-1.0038140082695195,-0.8813712098291203,-0.8813061753351472,-0.5056825456948688,-1.4574577452234196,-0.24831550648348097,-0.8211398912024858,-0.6325010943821082,-0.6117261074345638
1.4885139109339978,1.0002928686546901,0.9962004831192838,-1.4185369134483983,-1.3679572820578902,-0.15603567516480676,0.2805545744896297,-0.7400240347331556,-0.6838611557809119,-1.1934177972165407,-1.1075976101231164
0.30360132216019775,1.0002928686546901,-1.0038140082695195,-0.057717130946227664,-0.2508717870806847,1.2425518069554415,1.6219734789661444,-0.8783170583033766,0.4601283060655366,0.30236007700861267,-0.5187502006804602
-0.2888549722267022,1.0002928686546901,0.9962004831192838,-0.23677236548598696,-0.14026926282551583,-0.855329416224931,1.2312123198360292,0.8733945735860894,-0.18050579256847454,-0.016592557936456784,0.07009720876219591
0.30360132216019775,1.0002928686546901,-1.0038140082695195,0.19296019740943532,0.6450086593861831,0.19361119536525534,0.05892884244568384,0.19729534724278672,1.3753198755426954,0.07139437584149341,-0.02287869799190768
-1.473767561000502,-0.999707217092246,0.9962004831192838,0.15714915050148345,0.21365881479102455,-0.5056825456948688,-1.4341287207977411,-1.0934395394126093,-1.0956973620456334,0.21437314323066248,0.07009720876219591
0.8960576165470977,-0.999707217092246,-1.0038140082695195,0.15714915050148345,0.7224304263648014,0.5432580658953174,1.5636509179019482,-0.38660853005370194,0.8490847230933292,0.005404175508030765,-0.5807341385165293
0.8960576165470977,-0.999707217092246,-1.0038140082695195,-0.48744969384164993,-0.8370651656330796,0.5432580658953174,1.1378962221333153,0.30485658779740304,0.5287676737763235,-0.33554519288152623,-0.14684657366404583
0.8960576165470977,-0.999707217092246,-1.0038140082695195,0.15714915050148345,0.6671291642372169,1.5921986774855037,-1.3991351841592234,-0.5095356621161207,0.07117188903774412,0.3793486440643191,0.4420008357786103
0.30360132216019775,-0.999707217092246,-1.0038140082695195,0.19296019740943532,-0.19557052495310026,-0.855329416224931,1.5519864056891088,1.134614729218729,1.0778826154626189,-0.3135484594370387,0.3180329601064722
1.4885139109339978,-0.999707217092246,0.9962004831192838,1.6254020737275094,0.6007676496841156,-0.855329416224931,-0.8334063418365194,1.503396125405985,1.3753198755426954,0.7202980124538761,2.053583219516406
-0.8813112666136022,-0.999707217092246,0.9962004831192838,-1.740836335619965,-1.6223430878447787,1.5921986774855037,0.6654834775133253,-1.1549031054438186,-1.0956973620456334,-1.6113557326618042,-1.5104932060575653
0.30360132216019775,-0.999707217092246,-1.0038140082695195,-0.1293392247621314,0.2468395720675752,-0.15603567516480676,-1.200838476540956,0.7504674415236707,0.07117188903774412,0.39034701078656286,0.10108917768023046
0.8960576165470977,1.0002928686546901,-1.0038140082695195,-1.5975921479881574,-1.500680311164093,-0.855329416224931,1.079573661069119,-1.1088054309204116,-1.1185771512825624,-1.4573785985503913,-1.3865253303854272
1.4885139109339978,-0.999707217092246,-1.0038140082695195,-1.3827258665404463,-1.4121982917599578,0.5432580658953174,-0.6059483536861539,-0.8783170583033766,-0.7296207342547698,-1.2154145306610282,-1.1385895790411509
0.8960576165470977,-0.999707217092246,0.9962004831192838,-0.6665049283814092,-0.40571532103792113,1.5921986774855037,1.5461541495826892,0.18192945573498437,0.002532521326957207,-0.33554519288152623,-0.2708144493361839
-0.2888549722267022,1.0002928686546901,0.9962004831192838,-0.9171822567370722,-0.9697881947392823,-0.855329416224931,0.6363221969812272,-0.09465659140545762,-1.0956973620456334,-0.5775092607708893,-0.45676626284439115
-0.8813112666136022,-0.999707217092246,0.9962004831192838,1.6612131206354614,2.116022231979929,1.5921986774855037,0.9162704900893693,1.2575418612811478,3.0913040683123683,1.2812147152883087,2.8283824424672694
0.8960576165470977,1.0002928686546901,-1.0038140082695195,-0.23677236548598696,0.20259856236550766,1.2425518069554415,-1.7315737822251422,-1.0012441903657954,-0.660981366543983,-0.12657622515889452,0.22505705335236859
-0.8813112666136022,-0.999707217092246,0.9962004831192838,1.4105357922797983,2.027540212575794,1.2425518069554415,0.7471350630032001,1.7338844980230201,1.2609209293580506,1.4241934826774778,0.10108917768023046
0.30360132216019775,1.0002928686546901,-1.0038140082695195,1.0882363701082318,1.6846723873847704,0.19361119536525534,0.04143207412642495,-1.0166100818735977,-0.8897792589132726,1.842131418122741,2.053583219516406
0.8960576165470977,1.0002928686546901,0.9962004831192838,-0.7023159752893611,-0.7707036510799784,1.2425518069554415,-1.1133546349446617,-0.709292251717551,-0.27202494951619044,-0.4785239602706953,-0.5807341385165293
0.8960576165470977,1.0002928686546901,-1.0038140082695195,-0.2725834123939388,-0.5605588549951576,-1.554623157285055,0.04143207412642495,0.3663201538286124,-0.7296207342547698,-0.6874929279933271,0.16307311551629952
-1.473767561000502,1.0002928686546901,-1.0038140082695195,0.40782647885714646,-0.2508717870806847,-0.15603567516480676,0.5605028675977719,-0.8629511667955743,-0.2949047387531194,0.775289846065095,-0.2398224804181494
-0.2888549722267022,-0.999707217092246,-1.0038140082695195,0.26458229122533905,0.7224304263648014,-0.5056825456948688,-1.4282964646913217,0.765833333031473,-0.615221788070125,-0.3245468261592825,0.5659687114507485
-0.2888549722267022,-0.999707217092246,-1.0038140082695195,-0.8097491160132166,-0.46101658316550553,0.8929049364253795,-0.430980670493565,0.10509999819597271,-0.7296207342547698,-1.028442296382884,-0.797677920942771
0.30360132216019775,-0.999707217092246,-1.0038140082695195,1.6612131206354614,2.226624756235098,-1.2049762867549931,-0.7984128051980016,0.6121744179534497,1.0321230369887608,2.040102019123129,0.6899365871228866
0.30360132216019775,1.0002928686546901,0.9962004831192838,-1.5617811010802056,-1.489620058738576,-0.5056825456948688,0.7821285996417179,-0.9705124073501906,-0.9584186266240595,-1.4023867649391724,-1.3865253303854272
0.8960576165470977,-0.999707217092246,-1.0038140082695195,1.732835214451365,1.4634673388744328,-0.15603567516480676,0.9570962828343067,2.4868131819053345,1.764276292570488,2.2710677202902483,0.2560490222704031
0.30360132216019775,1.0002928686546901,0.9962004831192838,-0.16515027167008323,-0.17345002010206648,1.5921986774855037,0.7587995752160394,-0.9551465158423883,0.8948443015671871,0.22537150995290625,0.2870409911884377
-0.2888549722267022,1.0002928686546901,0.9962004831192838,0.6943148541207613,0.8109124457689364,0.19361119536525534,0.19307073289333532,0.765833333031473,-0.08898663562075868,0.5773192450647071,-0.02287869799190768
0.30360132216019775,-0.999707217092246,-1.0038140082695195,-0.9888043505529759,-0.9255471850372148,-0.15603567516480676,-1.0550320738804653,-0.7246581432253533,-0.5237026311224091,-0.9734504627716652,-1.1075976101231164
1.4885139109339978,-0.999707217092246,-1.0038140082695195,0.3720154319491946,0.9215149700241053,0.8929049364253795,-1.7432382944379816,-1.1088054309204116,-0.9812984158609885,0.8412800463985577,-0.053870666909942216
-1.473767561000502,1.0002928686546901,0.9962004831192838,-0.8813712098291203,-1.0250894568668667,-0.855329416224931,-0.15686463349184243,-0.2636813979912833,-0.4321834741746932,-0.8634667955492275,-0.36379035609028754
0.8960576165470977,-0.999707217092246,-1.0038140082695195,0.3003933381332909,0.18047805751447388,-0.5056825456948688,-0.6875999391760287,-0.09465659140545762,1.4668390324904113,0.47833394456451306,-0.5187502006804602
-0.2888549722267022,-0.999707217092246,-1.0038140082695195,0.6943148541207613,0.9989367370027235,-0.5056825456948688,1.3653542102836806,0.950224031125101,-0.20338558180540353,1.2042261482326022,1.2787839965655428
0.8960576165470977,1.0002928686546901,-1.0038140082695195,-1.0246153974609278,-0.903426680186181,1.5921986774855037,0.9162704900893693,-0.6017310111629346,-0.24914516027926148,-1.0394406631051278,-1.1695815479591853
-0.2888549722267022,-0.999707217092246,0.9962004831192838,-0.8455601629211685,-0.6158601171227419,0.5432580658953174,-0.26184524340739573,-0.2636813979912833,-1.0956973620456334,-0.544514160604158,-0.9526377655329437
0.8960576165470977,-0.999707217092246,0.9962004831192838,-0.38001655311779436,-0.7485831462289446,-0.5056825456948688,0.6888125019390038,-0.017827133866445955,-0.020347267909971763,-0.3575419263260138,-0.3018064182542185
0.8960576165470977,-0.999707217092246,0.9962004831192838,-0.1293392247621314,-0.2398115346551678,-0.855329416224931,-0.273509755620235,-0.29441318100688796,0.7575655661456132,-0.3575419263260138,-0.797677920942771
-0.8813112666136022,1.0002928686546901,0.9962004831192838,-0.021906084038275812,0.19153830993999077,0.19361119536525534,-0.477638719344922,-0.8168534922721673,-0.7982601019655567,0.03839927567476209,0.13208114659826498
0.30360132216019775,1.0002928686546901,0.9962004831192838,0.4436375257650983,0.28002032934412585,-1.554623157285055,-0.3318323166844313,1.4265666678669735,-0.9355388373871306,0.13738457617495606,0.10108917768023046
1.4885139109339978,1.0002928686546901,-1.0038140082695195,-0.38001655311779436,-0.11814875797448206,1.2425518069554415,0.3155481111281475,-0.2636813979912833,-0.20338558180540353,-0.6325010943821082,0.13208114659826498
-1.473767561000502,-0.999707217092246,-1.0038140082695195,-0.021906084038275812,-0.0849680006979314,-1.554623157285055,0.9454317706214674,-1.170268996951621,0.5287676737763235,-0.2805533592703074,-0.14684657366404583
-0.2888549722267022,-0.999707217092246,-1.0038140082695195,-1.2752927258165907,-1.312656019930306,1.2425518069554415,-0.9267224395392335,-1.0319759733814,-0.615221788070125,-1.3363965646057097,-0.9836297344509782
-0.8813112666136022,-0.999707217092246,-1.0038140082695195,0.8017479948446169,0.9989367370027235,1.5921986774855037,-1.6032641478839105,0.8272968990626824,-0.2949047387531194,0.35735191061983157,1.2477920276475083
0.30360132216019775,1.0002928686546901,0.9962004831192838,-0.8455601629211685,-1.002968952015833,0.5432580658953174,0.18140622068049606,-0.5556333366395276,-0.5008228418854801,-0.5005206937151829,-0.8286698898608056
-1.473767561000502,-0.999707217092246,0.9962004831192838,-0.8813712098291203,-0.7707036510799784,-0.5056825456948688,0.7179737824711019,-0.617096902670737,-0.18050579256847454,-0.8854635289937149,-0.5497421695984948
-0.2888549722267022,-0.999707217092246,-1.0038140082695195,-0.1293392247621314,-0.12920901039999894,0.19361119536525534,1.079573661069119,0.904126356601694,-0.5237026311224091,-0.038589291380944336,0.596960680368783
1.4885139109339978,1.0002928686546901,0.9962004831192838,-0.5590717876575536,-0.37253456376137045,-1.2049762867549931,0.25139329395753157,-0.801487600764365,-0.4779430526485512,-0.3575419263260138,-0.42577429392635663
-1.473767561000502,1.0002928686546901,0.9962004831192838,1.1598584639241354,0.25789982449309207,1.5921986774855037,0.2572255500639512,2.6558379884911605,0.8948443015671871,0.40134537750880667,0.03910523984416139
0.8960576165470977,-0.999707217092246,-1.0038140082695195,0.12133810359353162,0.05881528083378813,1.2425518069554415,-0.8567353662621979,0.950224031125101,-0.5465824203593381,0.14838294289719983,0.5039847736146794
-0.2888549722267022,-0.999707217092246,0.9962004831192838,1.4463468391877503,1.8063351640654561,0.5432580658953174,0.46718676989505786,0.5046131773988334,2.6565880728107176,0.632311078675926,0.008113270926126851
-0.8813112666136022,1.0002928686546901,-1.0038140082695195,0.4794485726730502,0.7003099215137676,-0.855329416224931,-0.6409418903246716,-0.9090488413189813,-0.08898663562075868,0.2693649768418814,1.2168000587294736
1.4885139109339978,1.0002928686546901,-1.0038140082695195,-1.6334031948961094,-1.5117405635896097,-0.855329416224931,-0.9675482322841709,-1.170268996951621,-0.9812984158609885,-1.4573785985503913,-1.324541392549358
-1.473767561000502,-0.999707217092246,-1.0038140082695195,-0.5590717876575536,-0.8149446607820459,0.5432580658953174,-1.358309391414286,-0.17148604894446928,-0.4550632634116222,-0.15957132532562585,-0.02287869799190768
-0.2888549722267022,1.0002928686546901,0.9962004831192838,0.8733700886605206,0.30214083419515964,1.5921986774855037,0.7879608557481375,0.2433930217661937,0.11693146751160206,0.8632767798430452,-0.02287869799190768
-0.8813112666136022,-0.999707217092246,-1.0038140082695195,1.3031026515559427,1.9943594552992432,-1.2049762867549931,1.5578186617955285,1.8568116300854387,2.496429548152215,0.9402653468987516,1.7126715614180261
0.8960576165470977,-0.999707217092246,0.9962004831192838,-1.3111037727245427,-1.3568970296323732,-0.855329416224931,0.7238060385775216,-0.57099922814733,-1.1414569405194912,-1.1494243303275655,-1.0456136722870473
0.30360132216019775,1.0002928686546901,-1.0038140082695195,0.9449921824764242,0.3906228535992947,-0.5056825456948688,-0.6759354269631894,1.1653465122343338,0.13981125674853104,1.0392506473989456,1.6196956546639225
0.8960576165470977,1.0002928686546901,-1.0038140082695195,1.0882363701082318,0.45698436815239607,0.5432580658953174,1.2953671370066453,1.3804689933435663,0.8033251446194711,1.171231048065871,1.0308482452212664
0.8960576165470977,1.0002928686546901,-1.0038140082695195,-0.021906084038275812,-0.41677557346343796,-0.855329416224931,-1.533277074606875,-0.9090488413189813,-0.2262653710423325,0.03839927567476209,-0.7666859520247364
-0.2888549722267022,1.0002928686546901,0.9962004831192838,0.013904962869676045,-0.1623897676765496,-0.855329416224931,-0.2326839628752976,0.04363643216476338,1.100762404699548,-0.2695549925480636,0.03910523984416139
1.4885139109339978,1.0002928686546901,-1.0038140082695195,-0.7023159752893611,-0.4831370880165393,-0.15603567516480676,0.4788512821078971,-0.3712426385458996,-0.7525005234916988,-0.8524684288269837,-1.0766056412050817
-1.473767561000502,-0.999707217092246,0.9962004831192838,-0.6665049283814092,-0.35041405891033667,0.5432580658953174,0.26889006227679046,-0.3558767470380973,-0.8211398912024858,-0.33554519288152623,-0.48775823176242566
0.8960576165470977,1.0002928686546901,0.9962004831192838,-1.239481678908639,-1.2573547578027213,-1.554623157285055,1.7327863449881173,-0.9705124073501906,-1.0499377835717754,-1.1384259636053218,-0.9216457966149092
0.8960576165470977,1.0002928686546901,0.9962004831192838,0.013904962869676045,0.3795626011737778,1.5921986774855037,-1.673251221160946,0.32022247930520537,0.2313304136962469,0.14838294289719983,0.16307311551629952
-0.2888549722267022,1.0002928686546901,-1.0038140082695195,-0.2009613185780351,-0.0739077482724145,1.2425518069554415,-0.588451585366895,0.059002323672565714,-1.0956973620456334,-0.1815680587701134,-0.053870666909942216
1.4885139109339978,-0.999707217092246,0.9962004831192838,1.0524253232002798,1.33074430976823,-0.855329416224931,-1.4632900013298393,-0.17148604894446928,-1.0728175728087044,0.17037967634168738,0.6589446182048521
-1.473767561000502,1.0002928686546901,-1.0038140082695195,0.19296019740943532,0.45698436815239607,1.2425518069554415,-0.32016780447159204,-0.17148604894446928,-0.5008228418854801,0.5223274114534882,0.4420008357786103
1.4885139109339978,-0.999707217092246,0.9962004831192838,0.8017479948446169,0.4901651254289467,-0.15603567516480676,-1.3174835986693487,0.44314961136762404,-0.0661068463838297,0.47833394456451306,1.7436635303360608
-1.473767561000502,1.0002928686546901,0.9962004831192838,-1.0962374912768316,-1.1688727383985862,0.8929049364253795,0.30388359891530825,-0.8322193837799696,-0.592341998833196,-0.8744651622714712,-1.0456136722870473
0.30360132216019775,1.0002928686546901,0.9962004831192838,-0.5948828345655055,-0.3061730492082691,-1.554623157285055,0.7646318313224589,-0.7707558177487603,-0.24914516027926148,-0.3245468261592825,-0.11585460474601128
0.8960576165470977,-0.999707217092246,-1.0038140082695195,0.9808032293843761,1.6072506204061523,1.5921986774855037,0.08809012297778199,2.2255930262726946,-0.9812984158609885,1.2812147152883087,0.4110088668605758
0.8960576165470977,1.0002928686546901,-1.0038140082695195,0.6226927603048575,0.20259856236550766,-1.554623157285055,0.8754446973444319,1.6109573659606014,-0.27202494951619044,1.31420981545504,1.3717599033196464
-1.473767561000502,-0.999707217092246,-1.0038140082695195,0.013904962869676045,0.5233458827054973,1.2425518069554415,0.3272126233409868,-0.47880387910051597,-1.1414569405194912,0.21437314323066248,0.6589446182048521
-0.2888549722267022,-0.999707217092246,-1.0038140082695195,-0.3442055062098425,-0.2619320395062016,0.8929049364253795,-1.4866190257555179,0.4277837198598217,0.4601283060655366,0.07139437584149341,-0.2708144493361839
-0.8813112666136022,1.0002928686546901,0.9962004831192838,0.9091811355684725,1.3971058243213315,-0.855329416224931,-0.885896646794296,-0.9551465158423883,-0.9812984158609885,0.5443241448979758,1.8366394370901644
0.8960576165470977,-0.999707217092246,-1.0038140082695195,-0.30839445930189063,-0.06284749584689762,-0.855329416224931,-1.6032641478839105,-0.18685194045227163,0.20845062445931795,-0.37953865977050133,-0.6117261074345638
-0.2888549722267022,-0.999707217092246,-1.0038140082695195,0.515259619581002,-0.11814875797448206,0.5432580658953174,-0.12770335295974428,-0.4480720960849113,1.6041177679119851,1.0942424810101645,-0.332798387172253
1.4885139109339978,1.0002928686546901,-1.0038140082695195,0.12133810359353162,-0.007546233719313188,0.19361119536525534,-0.44847743881282387,-0.3558767470380973,-0.0661068463838297,-0.1375745918811383,0.22505705335236859
1.4885139109339978,1.0002928686546901,-1.0038140082695195,0.40782647885714646,0.13623704781240634,-0.855329416224931,-1.3933029280528038,-1.0166100818735977,0.5058878845393946,0.7972865795095826,0.4110088668605758
-1.473767561000502,-0.999707217092246,0.9962004831192838,-0.7739380691052647,-0.4831370880165393,1.5921986774855037,0.5546706114913523,-0.17148604894446928,-1.0956973620456334,-0.5005206937151829,-0.8906538276968746
1.4885139109339978,1.0002928686546901,-1.0038140082695195,0.22877124431738718,0.35744209632274404,-1.2049762867549931,-0.11603884074690503,0.81193100755488,-0.2262653710423325,0.22537150995290625,-0.02287869799190768
-1.473767561000502,1.0002928686546901,-1.0038140082695195,-0.2009613185780351,-0.0739077482724145,-1.554623157285055,0.9745930511535656,-0.2175837234678763,0.7804453553825422,0.22537150995290625,0.5039847736146794
0.30360132216019775,-0.999707217092246,0.9962004831192838,0.6943148541207613,1.2312020379385782,0.19361119536525534,-0.6875999391760287,1.042419380171915,1.7871560818074168,-0.00559419121421301,1.526719747909819
-1.473767561000502,-0.999707217092246,0.9962004831192838,-1.3111037727245427,-1.1135714762710018,-0.855329416224931,1.6977928083495997,-0.524901553623923,-0.7067409450178409,-1.0944324967163468,-0.9526377655329437
-0.8813112666136022,1.0002928686546901,0.9962004831192838,-0.23677236548598696,0.15835755266344012,1.2425518069554415,-1.2474965253923131,-1.0319759733814,0.07117188903774412,-0.1925664254923572,0.03910523984416139
0.30360132216019775,-0.999707217092246,-1.0038140082695195,0.9808032293843761,0.15835755266344012,1.5921986774855037,1.7327863449881173,0.7504674415236707,1.3295602970688374,1.6881542840113284,0.16307311551629952
0.30360132216019775,-0.999707217092246,-1.0038140082695195,1.3389136984638947,0.3242613390461934,-0.855329416224931,0.5838318920234504,-0.17148604894446928,-0.660981366543983,0.3683502773420753,1.3717599033196464
-0.2888549722267022,-0.999707217092246,0.9962004831192838,0.15714915050148345,-0.3061730492082691,0.5432580658953174,1.4178445152414574,-1.170268996951621,0.4143687275916787,0.07139437584149341,0.2560490222704031
0.30360132216019775,-0.999707217092246,0.9962004831192838,-0.6306938814734574,-0.5273780977186069,0.19361119536525534,1.266205856474547,-0.06392480838985296,0.29996978140703384,-0.3685402930482576,-0.02287869799190768
-0.2888549722267022,-0.999707217092246,0.9962004831192838,-0.3442055062098425,-0.18451027252758337,-1.2049762867549931,1.441173539667136,0.21266123875058904,0.6431666199609684,-0.4125337599372327,-0.797677920942771
-0.8813112666136022,-0.999707217092246,0.9962004831192838,0.3362043850412427,-0.19557052495310026,0.19361119536525534,0.7704640874288786,-0.9551465158423883,-0.15762600333154558,0.676304545564901,0.596960680368783
1.4885139109339978,1.0002928686546901,-1.0038140082695195,1.482157886095702,0.9657559797261728,-0.15603567516480676,-1.5391093307132946,-0.2636813979912833,2.359150812730641,2.2270742534012733,1.7746554992540953
0.30360132216019775,1.0002928686546901,0.9962004831192838,-0.5948828345655055,-0.21769102980413405,-0.5056825456948688,1.0737414049626992,-0.15612015743666696,-1.0728175728087044,-0.2365598923813323,-0.02287869799190768
-0.8813112666136022,1.0002928686546901,-1.0038140082695195,-1.239481678908639,-1.1135714762710018,1.2425518069554415,0.7587995752160394,-0.7707558177487603,-0.6838611557809119,-0.984448829493909,-1.262557454713289
1.4885139109339978,-0.999707217092246,-1.0038140082695195,-0.23677236548598696,0.06987553325930501,-1.2049762867549931,0.5954964042362897,-0.524901553623923,0.29996978140703384,0.21437314323066248,-0.2708144493361839
-0.2888549722267022,-0.999707217092246,-1.0038140082695195,-1.0246153974609278,-0.7596433986544615,-0.855329416224931,-0.016890486937771336,-0.43270620457710895,-0.4550632634116222,-0.7314863948823022,-0.9836297344509782
-1.473767561000502,1.0002928686546901,0.9962004831192838,-0.8813712098291203,-1.01402920444135,-0.5056825456948688,-1.264993293711572,-0.893682949811179,-0.638101577307054,-0.7644814950490335,-1.0456136722870473
1.4885139109339978,1.0002928686546901,-1.0038140082695195,0.0497160097776279,-0.1623897676765496,0.8929049364253795,-0.39598713385504725,0.19729534724278672,-0.11186642485768765,0.06039600911924964,-0.6427180763525984
-0.8813112666136022,-0.999707217092246,0.9962004831192838,0.3003933381332909,0.16941780508895699,0.8929049364253795,-1.6965802455866246,-0.2636813979912833,0.8719645123302581,0.43434047767553796,0.10108917768023046
-0.2888549722267022,-0.999707217092246,0.9962004831192838,-0.021906084038275812,0.0809357856848219,0.8929049364253795,0.5838318920234504,0.19729534724278672,0.20845062445931795,0.3243568104531002,0.6899365871228866
-0.2888549722267022,1.0002928686546901,0.9962004831192838,-0.6306938814734574,-0.6158601171227419,1.2425518069554415,1.7327863449881173,0.3663201538286124,-0.9355388373871306,-0.33554519288152623,-0.02287869799190768
-1.473767561000502,1.0002928686546901,0.9962004831192838,-0.3442055062098425,-0.3282935540593029,-0.5056825456948688,-1.060864329986885,-0.7400240347331556,-0.638101577307054,-0.6984912947155708,-0.5187502006804602
-0.2888549722267022,1.0002928686546901,-1.0038140082695195,0.5510706664889539,-0.018606486144830077,0.8929049364253795,-1.154180427689599,0.9348581396172987,0.3686091491178207,0.918268613454264,-0.5187502006804602
0.30360132216019775,1.0002928686546901,0.9962004831192838,1.3389136984638947,1.2754430476406458,-0.15603567516480676,-1.2824900620308308,0.3970519368442171,2.404910391204499,1.3032114487327962,1.46473581007375
-0.2888549722267022,-0.999707217092246,0.9962004831192838,-0.2009613185780351,-0.28405254435723537,-1.554623157285055,-0.18019365791752096,-0.09465659140545762,-0.24914516027926148,0.2913617102863689,-0.6427180763525984
0.30360132216019775,1.0002928686546901,-1.0038140082695195,-0.5232607407496018,-0.5937396122717081,0.19361119536525534,0.32138036723456714,-1.0627077563970047,-0.8440196804394147,-0.8414700621047398,-0.85966185877884
-1.473767561000502,1.0002928686546901,-1.0038140082695195,0.6943148541207613,1.1205995136834093,0.5432580658953174,0.5721673798106112,1.1653465122343338,1.2380411401211215,-0.09358112499216321,0.5349767425327139
-0.8813112666136022,-0.999707217092246,-1.0038140082695195,-0.7023159752893611,-0.8591856704841134,1.2425518069554415,-0.6526064025375109,0.13583178121157738,-0.8668994696763437,-0.6544978278265957,-0.14684657366404583
-0.8813112666136022,1.0002928686546901,-1.0038140082695195,0.08552705668557975,-0.40571532103792113,-0.5056825456948688,0.8987737217701104,0.3816860453364147,-0.18050579256847454,-0.08258275826991944,-0.6117261074345638
-1.473767561000502,-0.999707217092246,0.9962004831192838,-1.740836335619965,-1.6444635926958124,1.2425518069554415,-0.46014195102566313,-1.1395372139360163,-1.0728175728087044,-1.6003573659395605,-1.5104932060575653
-0.8813112666136022,-0.999707217092246,0.9962004831192838,0.40782647885714646,0.5012253778544636,1.2425518069554415,1.2895348809002256,0.5660767434300428,-0.36354410646390634,0.049397642397005864,-0.08486263582797675
-1.473767561000502,-0.999707217092246,-1.0038140082695195,-0.9171822567370722,-0.8149446607820459,-0.5056825456948688,-0.9442192078584923,-0.2636813979912833,-1.1414569405194912,-1.028442296382884,-0.5187502006804602
-0.8813112666136022,-0.999707217092246,-1.0038140082695195,-0.8813712098291203,-0.5826793598461912,-0.855329416224931,-0.028554999150610594,-0.709292251717551,-0.15762600333154558,-0.9294569958826902,-0.7666859520247364
0.30360132216019775,1.0002928686546901,0.9962004831192838,-0.057717130946227664,-0.2729922919317185,-0.5056825456948688,-1.107522378838242,-0.8475852752877719,-0.569462209596267,0.4563372111200255,-0.08486263582797675
-1.473767561000502,1.0002928686546901,0.9962004831192838,1.5895910268195577,0.6228881545351493,0.5432580658953174,-0.19769042623677985,1.1653465122343338,1.581237978675056,2.0620987525676164,2.6114386600410278
-0.8813112666136022,1.0002928686546901,0.9962004831192838,-0.4158276000257462,-0.7154023889523939,-0.5056825456948688,1.2720381125809668,-1.0166100818735977,-0.569462209596267,-0.4895223269929391,-0.8906538276968746
0.30360132216019775,-0.999707217092246,-1.0038140082695195,-1.2752927258165907,-1.0803907189944513,1.2425518069554415,0.5138448187464149,-1.124171322428214,-1.0499377835717754,-1.1714210637720532,-1.0146217033690128
-0.8813112666136022,1.0002928686546901,0.9962004831192838,0.8733700886605206,0.8109124457689364,0.5432580658953174,-0.7575870124530643,0.7351015500158684,1.0550028262256899,0.11538784273046851,-0.14684657366404583
0.30360132216019775,-0.999707217092246,0.9962004831192838,0.08552705668557975,0.5675868924075649,0.5432580658953174,-0.9733804883905905,1.1499806207265315,-1.1414569405194912,0.22537150995290625,0.2870409911884377
-0.8813112666136022,-0.999707217092246,0.9962004831192838,-0.5590717876575536,-0.4831370880165393,0.5432580658953174,0.19307073289333532,-0.09465659140545762,-0.7982601019655567,-0.4675255935484516,-0.2398224804181494
1.4885139109339978,-0.999707217092246,0.9962004831192838,-0.23677236548598696,0.2357793196420583,1.5921986774855037,1.4061800030286182,-0.6017310111629346,0.025412310563886178,-0.24755825910357607,-0.8286698898608056
0.8960576165470977,1.0002928686546901,-1.0038140082695195,1.267291604647991,0.8219726981944533,0.5432580658953174,0.7587995752160394,-1.1088054309204116,2.565068915863002,0.5883176117869509,2.1465591262705095
1.4885139109339978,-0.999707217092246,-1.0038140082695195,1.1598584639241354,1.839515921342007,0.8929049364253795,1.5111606129441715,2.625106205475556,1.3981996647796244,1.2262228816770897,1.0928321830573355
-0.8813112666136022,1.0002928686546901,-1.0038140082695195,-0.3442055062098425,0.06987553325930501,0.19361119536525534,-0.9792127444970101,0.33558837081300774,0.5287676737763235,0.005404175508030765,0.22505705335236859
0.30360132216019775,1.0002928686546901,0.9962004831192838,1.2314805577400392,1.4524070864489158,-1.554623157285055,1.2312123198360292,2.7173015545223698,-0.15762600333154558,0.3683502773420753,1.7746554992540953
-0.2888549722267022,-0.999707217092246,-1.0038140082695195,0.19296019740943532,0.4791048730034298,-0.5056825456948688,-0.9908772567098494,-0.2175837234678763,-0.638101577307054,0.6543078121204134,0.6899365871228866
1.4885139109339978,1.0002928686546901,0.9962004831192838,-1.4901590072643018,-1.4785598063130592,0.5432580658953174,-0.7867482929851624,-0.801487600764365,-1.0728175728087044,-1.468376965272635,-1.324541392549358
0.30360132216019775,1.0002928686546901,-1.0038140082695195,0.6585038072128094,1.1980212806620274,0.5432580658953174,1.3361929297515827,1.1192488377109266,-0.18050579256847454,0.3683502773420753,-0.42577429392635663
1.4885139109339978,1.0002928686546901,0.9962004831192838,1.3747247453718465,1.065298251555825,1.2425518069554415,1.4178445152414574,1.3343713188201594,0.002532521326957207,0.5333257781757319,0.9688643073851974
-1.473767561000502,-0.999707217092246,0.9962004831192838,1.1240474170161836,1.6072506204061523,-0.855329416224931,-1.1308514032639205,-0.5556333366395276,-0.9584186266240595,0.9622620803432391,0.22505705335236859
0.8960576165470977,1.0002928686546901,0.9962004831192838,-0.30839445930189063,-0.6711613792503264,-1.554623157285055,1.7561153694137959,-0.1253883744210623,0.07117188903774412,-0.4675255935484516,0.2870409911884377
1.4885139109339978,-0.999707217092246,0.9962004831192838,-0.5590717876575536,-0.18451027252758337,-0.15603567516480676,-0.3726581094293687,-0.6785604687019463,0.16269104598546,-0.29155172599255114,-0.5807341385165293
1.4885139109339978,-0.999707217092246,0.9962004831192838,-0.30839445930189063,-0.7154023889523939,-0.855329416224931,-0.09270981632122652,-0.23294961497567862,-0.9584186266240595,-0.7314863948823022,-0.7666859520247364
-1.473767561000502,1.0002928686546901,0.9962004831192838,0.19296019740943532,0.5344061351310142,1.5921986774855037,0.04143207412642495,-0.06392480838985296,-1.0270579943348466,0.5333257781757319,0.8139044627950247
0.8960576165470977,-0.999707217092246,-1.0038140082695195,0.8375590417525687,0.4680446205779129,0.8929049364253795,1.37701872249652,1.365103101835764,2.1074731311244226,0.918268613454264,0.47299280469664484
0.8960576165470977,1.0002928686546901,-1.0038140082695195,-0.9888043505529759,-1.01402920444135,-0.5056825456948688,0.44969000157579897,-0.23294961497567862,-1.0499377835717754,-1.1384259636053218,-0.85966185877884
-1.473767561000502,-0.999707217092246,-1.0038140082695195,-0.7023159752893611,-0.44995633073998864,-0.5056825456948688,-0.5534580487283772,-0.617096902670737,-0.08898663562075868,-0.4125337599372327,-0.9836297344509782
0.30360132216019775,1.0002928686546901,0.9962004831192838,0.7301259010287131,0.16941780508895699,-1.2049762867549931,-0.9558837200713316,-0.893682949811179,1.0550028262256899,1.0062555472322143,0.38001689794254123
0.30360132216019775,1.0002928686546901,-1.0038140082695195,-0.6306938814734574,-0.2287512822296509,-1.554623157285055,-0.26184524340739573,-0.23294961497567862,-0.569462209596267,-0.9294569958826902,-0.36379035609028754
-0.2888549722267022,-0.999707217092246,0.9962004831192838,-0.057717130946227664,-0.35041405891033667,1.5921986774855037,-0.5009677437706005,1.0270534886641127,0.7118059876717553,0.34635354389758777,-0.053870666909942216
0.8960576165470977,1.0002928686546901,-1.0038140082695195,0.9091811355684725,0.9657559797261728,-0.5056825456948688,0.42636097715012045,-0.7707558177487603,-0.7753803127286277,0.5553225116202195,0.5349767425327139
1.4885139109339978,-0.999707217092246,0.9962004831192838,-0.8455601629211685,-0.5273780977186069,-1.554623157285055,0.7238060385775216,-0.7246581432253533,-0.9812984158609885,-0.5335157938819142,-1.1075976101231164
0.30360132216019775,1.0002928686546901,0.9962004831192838,-0.7739380691052647,-0.903426680186181,-1.2049762867549931,1.2078832954103507,-0.27904728949908564,0.13981125674853104,-1.0174439296606403,-0.6117261074345638
1.4885139109339978,1.0002928686546901,-1.0038140082695195,-0.48744969384164993,-0.6711613792503264,1.2425518069554415,-1.3466448792014467,-0.6324627941785393,-0.592341998833196,-0.7424847616045459,-0.5187502006804602
-0.8813112666136022,-0.999707217092246,-1.0038140082695195,-0.1293392247621314,-0.6490408743992926,-0.5056825456948688,-0.4893032315577613,-1.0012441903657954,-0.0661068463838297,-0.060586024825431885,0.22505705335236859
0.8960576165470977,-0.999707217092246,-1.0038140082695195,-0.1293392247621314,0.20259856236550766,-1.2049762867549931,-1.3699739036271252,-0.709292251717551,-0.08898663562075868,0.40134537750880667,0.38001689794254123
-0.8813112666136022,1.0002928686546901,-1.0038140082695195,-0.5948828345655055,-0.7264626413779108,0.8929049364253795,-1.673251221160946,-0.17148604894446928,0.25421020293317587,-0.7424847616045459,-0.6117261074345638
0.30360132216019775,-0.999707217092246,-1.0038140082695195,1.482157886095702,1.319684057342713,0.19361119536525534,-1.7082447577994637,-0.2636813979912833,1.4897188217273403,1.4131951159552338,1.4337438411557153
-1.473767561000502,-0.999707217092246,-1.0038140082695195,0.0497160097776279,0.4238036108758454,0.5432580658953174,0.5138448187464149,0.673637983984659,-1.0270579943348466,0.4673355778422693,-0.17783854258208034
-0.2888549722267022,-0.999707217092246,0.9962004831192838,0.3003933381332909,-0.10708850554896517,0.19361119536525534,-0.5826193292604753,0.258758913273996,1.5125986109642693,0.5553225116202195,-0.17783854258208034
-0.2888549722267022,1.0002928686546901,-1.0038140082695195,-0.2725834123939388,-0.5052575928675731,1.2425518069554415,-0.9792127444970101,-0.8322193837799696,-0.7982601019655567,-0.643499461104352,0.07009720876219591
0.30360132216019775,-0.999707217092246,0.9962004831192838,0.4794485726730502,0.6450086593861831,-1.554623157285055,1.2487090881552882,-0.5556333366395276,1.3524400863057664,0.5883176117869509,-0.17783854258208034
-0.8813112666136022,-0.999707217092246,-1.0038140082695195,0.3003933381332909,-0.2398115346551678,-1.554623157285055,-1.2416642692858935,1.3497372103279617,0.002532521326957207,-0.34654355960377003,-0.36379035609028754
-0.2888549722267022,-0.999707217092246,0.9962004831192838,-0.5948828345655055,-0.5384383501441238,-1.2049762867549931,0.8521156729187533,-0.4019744215615043,-0.2262653710423325,-0.5665108940486455,-0.332798387172253
1.4885139109339978,-0.999707217092246,0.9962004831192838,0.515259619581002,0.3463818438972272,-1.2049762867549931,-1.5507738429261337,0.08973410668817038,-1.0499377835717754,0.7202980124538761,0.6279526492868175
0.30360132216019775,1.0002928686546901,-1.0038140082695195,0.26458229122533905,-0.2619320395062016,1.5921986774855037,-1.5391093307132946,-0.47880387910051597,-0.4550632634116222,0.016402542230274538,0.9378723384671629
-0.2888549722267022,-0.999707217092246,-1.0038140082695195,-0.16515027167008323,0.04775502840827124,-1.554623157285055,0.9629285389407264,0.028270540656961045,-0.7982601019655567,0.09339110928598096,0.2560490222704031
0.8960576165470977,-0.999707217092246,-1.0038140082695195,0.0497160097776279,-0.11814875797448206,0.8929049364253795,-0.6759354269631894,0.6582720924768567,-0.9584186266240595,0.44533884439778176,-0.7047020141886674
0.8960576165470977,1.0002928686546901,-1.0038140082695195,-0.6306938814734574,-0.37253456376137045,-1.554623157285055,1.4470057957735556,0.04363643216476338,-0.592341998833196,-0.33554519288152623,-0.6117261074345638
0.8960576165470977,-0.999707217092246,0.9962004831192838,0.19296019740943532,-0.11814875797448206,0.5432580658953174,0.5663351237041916,0.2280271302583914,0.9634836692779739,0.14838294289719983,0.5659687114507485
-0.2888549722267022,-0.999707217092246,0.9962004831192838,-0.3442055062098425,-0.43889607831447175,-0.855329416224931,-0.9150579273263942,0.7197356585080661,-0.20338558180540353,-0.5665108940486455,-0.14684657366404583
-1.473767561000502,1.0002928686546901,0.9962004831192838,-1.740836335619965,-1.6002225829937449,1.5921986774855037,0.7296382946839411,-1.0627077563970047,-1.1414569405194912,-1.6113557326618042,-1.4485092682214962
-0.2888549722267022,1.0002928686546901,0.9962004831192838,-0.16515027167008323,0.0919960381103388,-1.2049762867549931,0.7063092702582626,-1.1549031054438186,-0.2262653710423325,-0.3135484594370387,-0.2398224804181494
0.30360132216019775,-0.999707217092246,0.9962004831192838,-0.23677236548598696,0.06987553325930501,1.2425518069554415,1.0504123805370207,-0.04855891688205062,0.09405167827467309,-0.02759092465870056,-0.42577429392635663
-0.2888549722267022,1.0002928686546901,-1.0038140082695195,0.3720154319491946,0.014574271131720584,-1.554623157285055,1.1670575026654133,-0.06392480838985296,0.11693146751160206,0.2913617102863689,0.10108917768023046
1.4885139109339978,-0.999707217092246,-1.0038140082695195,-0.16515027167008323,-0.51631784529309,-0.5056825456948688,0.9279350023022086,-0.5556333366395276,-0.15762600333154558,0.07139437584149341,-0.6427180763525984
-0.2888549722267022,-0.999707217092246,-1.0038140082695195,-1.6692142418040612,-1.5338610684406435,0.8929049364253795,-0.5359612804091183,-1.124171322428214,-1.0956973620456334,-1.5013720654393663,-1.4485092682214962
-0.2888549722267022,1.0002928686546901,-1.0038140082695195,0.6943148541207613,0.9989367370027235,-0.855329416224931,1.7094573205624388,2.010470545163462,-1.0270579943348466,0.6873029122871448,1.3097759654835772
0.30360132216019775,-0.999707217092246,-1.0038140082695195,0.9449921824764242,1.1205995136834093,1.2425518069554415,0.3680384160859242,-0.6324627941785393,1.4668390324904113,0.43434047767553796,1.526719747909819
-0.8813112666136022,-0.999707217092246,0.9962004831192838,1.1956695108320872,0.5012253778544636,-0.855329416224931,-0.7167612197081268,2.640472096983358,2.633708283573789,1.8311330514004973,2.208543064106579
0.8960576165470977,-0.999707217092246,-1.0038140082695195,1.1598584639241354,1.0763585039813417,0.8929049364253795,-0.541793536515538,1.2114441867577408,0.13981125674853104,1.270216348566065,0.6279526492868175
0.30360132216019775,-0.999707217092246,-1.0038140082695195,-0.1293392247621314,-0.6158601171227419,-0.15603567516480676,-0.3143355483651724,-0.3558767470380973,0.5058878845393946,-0.34654355960377003,0.10108917768023046
-0.8813112666136022,1.0002928686546901,0.9962004831192838,0.19296019740943532,-0.1623897676765496,-0.5056825456948688,-0.6292773781118324,0.3970519368442171,-0.2949047387531194,0.3683502773420753,-0.2398224804181494
-0.8813112666136022,1.0002928686546901,0.9962004831192838,-1.6692142418040612,-1.5338610684406435,1.2425518069554415,1.1787220148782527,-1.1395372139360163,-1.1414569405194912,-1.5013720654393663,-1.3555333614673926
1.4885139109339978,-0.999707217092246,-1.0038140082695195,-0.6665049283814092,-0.7154023889523939,0.8929049364253795,-0.23851621898171724,-0.755389926240958,-0.569462209596267,-0.6654961945488395,-0.9836297344509782
-1.473767561000502,1.0002928686546901,0.9962004831192838,0.6226927603048575,-0.0849680006979314,-0.5056825456948688,1.2428768320488686,1.1807124037421362,-0.11186642485768765,0.6543078121204134,0.4420008357786103
1.4885139109339978,-0.999707217092246,0.9962004831192838,-1.6334031948961094,-1.5117405635896097,-1.2049762867549931,-0.7167612197081268,-1.124171322428214,-1.0956973620456334,-1.5453655323283415,-1.324541392549358
0.8960576165470977,1.0002928686546901,0.9962004831192838,0.4794485726730502,0.9215149700241053,-1.554623157285055,-0.6642709147503502,-0.03319302537424829,-0.5237026311224091,0.9292669801765079,-0.332798387172253
-1.473767561000502,1.0002928686546901,0.9962004831192838,-0.2009613185780351,0.19153830993999077,-0.5056825456948688,1.015418843898503,-0.18685194045227163,0.4143687275916787,-0.12657622515889452,0.3180329601064722
-0.2888549722267022,-0.999707217092246,0.9962004831192838,-0.7023159752893611,-0.4941973404420562,-1.2049762867549931,-1.171677196008858,-0.6785604687019463,-0.4550632634116222,-0.8524684288269837,-0.9216457966149092
1.4885139109339978,-0.999707217092246,0.9962004831192838,1.0882363701082318,0.5675868924075649,1.2425518069554415,0.8871092095572711,-0.9090488413189813,0.6660464091978974,1.8201346846782536,0.7519205249589557
1.4885139109339978,1.0002928686546901,0.9962004831192838,-0.9888043505529759,-1.1578124859730694,1.2425518069554415,-0.04021951136344985,-0.9090488413189813,-0.24914516027926148,-0.984448829493909,-0.6737100452706329
0.30360132216019775,-0.999707217092246,0.9962004831192838,0.8375590417525687,0.0035140187062036978,-0.15603567516480676,-0.2968387800459135,1.4112007763591712,1.7871560818074168,0.4563372111200255,-0.053870666909942216
-0.8813112666136022,-0.999707217092246,-1.0038140082695195,-1.0604264443688796,-0.9808484471647992,0.8929049364253795,1.6511347594982426,-0.5556333366395276,-0.638101577307054,-0.8194733286602524,-0.6427180763525984
-1.473767561000502,-0.999707217092246,0.9962004831192838,-0.8455601629211685,-0.604799864697225,1.5921986774855037,-0.2793420117266546,-0.9551465158423883,-0.8440196804394147,-0.8854635289937149,-1.0456136722870473
1.4885139109339978,-0.999707217092246,0.9962004831192838,-1.705025288712013,-1.5891623305682279,1.2425518069554415,1.0212511000049227,-1.0934395394126093,-1.0956973620456334,-1.567362265772829,-1.4175172993034617
0.30360132216019775,-0.999707217092246,-1.0038140082695195,-1.3111037727245427,-1.301595767504789,-0.855329416224931,-0.34349682889727057,-1.124171322428214,-0.7982601019655567,-1.2374112641055157,-1.2935494236313236
-1.473767561000502,1.0002928686546901,-1.0038140082695195,-0.7739380691052647,-0.9144869326116979,-0.15603567516480676,-1.626593172309589,-0.3712426385458996,-1.0270579943348466,-0.8194733286602524,-1.0766056412050817
0.8960576165470977,1.0002928686546901,0.9962004831192838,0.6943148541207613,0.9215149700241053,1.2425518069554415,-1.533277074606875,1.1499806207265315,1.0321230369887608,0.5003306780090007,0.8758884006310937
0.30360132216019775,-0.999707217092246,-1.0038140082695195,1.0524253232002798,0.3795626011737778,1.5921986774855037,-0.19769042623677985,-0.9090488413189813,0.8262049338564001,0.8082849462318263,1.3717599033196464
0.8960576165470977,-0.999707217092246,0.9962004831192838,0.3003933381332909,0.2357793196420583,1.5921986774855037,0.33887713555382604,-0.9244147328267837,0.13981125674853104,-0.2365598923813323,-0.2708144493361839
-0.8813112666136022,1.0002928686546901,-1.0038140082695195,-0.7739380691052647,-0.8591856704841134,-0.15603567516480676,1.6044767106468856,-1.0934395394126093,-0.8668994696763437,-0.5555125273264018,-0.5187502006804602
0.8960576165470977,1.0002928686546901,-1.0038140082695195,0.3362043850412427,-0.029666738570346962,-1.554623157285055,-1.6207609162031693,-0.09465659140545762,0.6202868307240395,0.3133584437308565,0.47299280469664484
1.4885139109339978,-0.999707217092246,-1.0038140082695195,1.482157886095702,1.5519493582785677,0.8929049364253795,-1.2591610376051523,1.5648596914371944,1.9015550279920617,1.6771559172890846,0.22505705335236859
-0.2888549722267022,1.0002928686546901,0.9962004831192838,-0.4516386469336981,-0.8370651656330796,1.5921986774855037,1.1029026854947974,-0.893682949811179,0.04829209980081515,-0.6544978278265957,0.19406508443433404
-0.8813112666136022,-0.999707217092246,-1.0038140082695195,0.8733700886605206,1.4524070864489158,0.8929049364253795,0.6304899408748075,0.33558837081300774,-0.8897792589132726,0.12638620945271228,0.5349767425327139
0.30360132216019775,1.0002928686546901,0.9962004831192838,-1.3111037727245427,-1.2573547578027213,0.8929049364253795,-0.8625676223686175,-0.6785604687019463,-0.8440196804394147,-1.1934177972165407,-1.1385895790411509
-0.8813112666136022,-0.999707217092246,-1.0038140082695195,1.3747247453718465,0.8219726981944533,1.2425518069554415,0.10558689129704087,0.13583178121157738,2.404910391204499,1.40219674923299,2.0845751884344406
0.8960576165470977,1.0002928686546901,0.9962004831192838,1.482157886095702,1.142720018534443,-0.15603567516480676,1.7561153694137959,0.2894906962896007,1.2609209293580506,1.3472049156217714,2.4254868465328205
0.30360132216019775,1.0002928686546901,0.9962004831192838,-0.48744969384164993,-0.15132951525103272,-0.15603567516480676,0.12891591572271938,-0.5402674451317253,-0.9584186266240595,-0.3575419263260138,0.10108917768023046
1.4885139109339978,1.0002928686546901,-1.0038140082695195,-0.738127022197313,-0.8370651656330796,-0.855329416224931,-1.0841933544125635,-0.801487600764365,-0.3406643172269774,-0.4125337599372327,-1.0146217033690128
-0.8813112666136022,1.0002928686546901,0.9962004831192838,1.0524253232002798,1.3971058243213315,-0.5056825456948688,1.1962187831975115,0.059002323672565714,-0.7753803127286277,1.31420981545504,2.115567157352475
0.8960576165470977,-0.999707217092246,-1.0038140082695195,-0.5590717876575536,-0.39465506861240424,-0.15603567516480676,-1.5391093307132946,-0.18685194045227163,0.04829209980081515,-0.5335157938819142,-0.8286698898608056
0.30360132216019775,-0.999707217092246,0.9962004831192838,-0.9529933036450241,-1.1467522335475524,0.19361119536525534,1.7269540888816977,-0.11002248291325996,-1.0728175728087044,-0.8634667955492275,-0.5187502006804602
-0.2888549722267022,-0.999707217092246,-1.0038140082695195,0.6943148541207613,0.5122856302799805,-0.15603567516480676,-0.20935493844961908,-0.5556333366395276,1.0092432477518318,0.8412800463985577,0.9378723384671629
0.30360132216019775,-0.999707217092246,0.9962004831192838,1.016614276292328,0.6671291642372169,1.2425518069554415,0.5605028675977719,0.9655899226329034,1.2838007185949796,0.7312963791761199,-0.02287869799190768
-1.473767561000502,-0.999707217092246,-1.0038140082695195,1.1956695108320872,0.25789982449309207,1.2425518069554415,-1.0958578666254026,0.8733945735860894,0.07117188903774412,1.7761412177892786,1.6816795924999917
-1.473767561000502,1.0002928686546901,0.9962004831192838,1.267291604647991,0.28002032934412585,1.5921986774855037,0.653818965300486,2.2255930262726946,-1.1414569405194912,1.7211493841780596,0.7519205249589557
1.4885139109339978,-0.999707217092246,0.9962004831192838,-1.6692142418040612,-1.5891623305682279,-1.554623157285055,0.9337672584086282,-1.1395372139360163,-1.0270579943348466,-1.523368798883854,-1.4485092682214962
-0.2888549722267022,1.0002928686546901,0.9962004831192838,1.6970241675434132,2.1492029892564797,0.8929049364253795,0.9046059778765301,0.7504674415236707,2.2676316557829255,2.150085686345567,0.3490249290245067
-1.473767561000502,-0.999707217092246,-1.0038140082695195,1.267291604647991,1.839515921342007,-1.554623157285055,1.7269540888816977,2.3177883753195085,2.496429548152215,0.48933231128675686,0.03910523984416139
0.30360132216019775,-0.999707217092246,0.9962004831192838,1.4463468391877503,0.4016831060248116,1.5921986774855037,-1.6965802455866246,1.0731511631875197,1.1922815616472637,0.5883176117869509,-0.053870666909942216
1.4885139109339978,1.0002928686546901,-1.0038140082695195,-1.705025288712013,-1.6223430878447787,-0.5056825456948688,-1.183341708221697,-1.0934395394126093,-1.0728175728087044,-1.5343671656060978,-1.4795012371395309
-1.473767561000502,1.0002928686546901,-1.0038140082695195,0.22877124431738718,-0.2398115346551678,-0.855329416224931,-1.579935123458232,0.04363643216476338,0.5745272522501814,0.6103143452314383,0.9998562763032319
0.30360132216019775,-0.999707217092246,-1.0038140082695195,1.0882363701082318,0.9657559797261728,-0.15603567516480676,-0.8742321345814568,-0.06392480838985296,0.25421020293317587,1.4461902161219653,1.2168000587294736
0.30360132216019775,-0.999707217092246,0.9962004831192838,0.9449921824764242,0.4127433584503285,-1.554623157285055,-0.09270981632122652,0.2741248047817984,-0.4550632634116222,0.17037967634168738,1.340767934401612
-0.8813112666136022,1.0002928686546901,0.9962004831192838,-0.6665049283814092,-0.7817639035054953,-0.15603567516480676,0.4146964649372812,0.2433930217661937,-0.27202494951619044,-0.6544978278265957,-0.9526377655329437
0.30360132216019775,-0.999707217092246,-1.0038140082695195,-1.4185369134483983,-1.3347765247813397,0.5432580658953174,-1.3991351841592234,-0.9244147328267837,-0.9126590481502016,-1.226412897383272,-1.2315654857952545
-0.2888549722267022,1.0002928686546901,0.9962004831192838,0.6226927603048575,0.036694775982754356,0.19361119536525534,-1.5216125623940355,0.3663201538286124,-0.8668994696763437,0.7312963791761199,1.0928321830573355
-0.8813112666136022,1.0002928686546901,0.9962004831192838,0.515259619581002,0.3463818438972272,-0.15603567516480676,0.7179737824711019,0.673637983984659,0.8262049338564001,0.44533884439778176,-0.14684657366404583
0.30360132216019775,1.0002928686546901,0.9962004831192838,-1.1678595850927351,-0.9697881947392823,1.5921986774855037,-0.950051463964912,-0.9244147328267837,-0.4779430526485512,-1.182419430494297,-1.1385895790411509
0.30360132216019775,1.0002928686546901,-1.0038140082695195,-0.8813712098291203,-0.7817639035054953,-1.554623157285055,-1.0375353055612064,-0.5095356621161207,-0.4321834741746932,-0.984448829493909,-0.7666859520247364
-1.473767561000502,1.0002928686546901,-1.0038140082695195,0.3362043850412427,0.7556111836413519,0.19361119536525534,1.3245284175387433,-0.939780624334586,-0.6838611557809119,-0.11557785843665076,0.6279526492868175
0.8960576165470977,1.0002928686546901,-1.0038140082695195,0.013904962869676045,0.4680446205779129,-0.5056825456948688,0.9104382339829497,-0.8168534922721673,-1.0728175728087044,-0.02759092465870056,0.10108917768023046
0.8960576165470977,1.0002928686546901,0.9962004831192838,1.5537799799116059,0.5344061351310142,0.19361119536525534,1.2720381125809668,-0.6017310111629346,-0.7753803127286277,2.1170905861788354,0.9378723384671629
0.8960576165470977,-0.999707217092246,0.9962004831192838,1.5179689330036539,2.248745261086132,-0.855329416224931,-0.30267103615233315,-0.7246581432253533,2.9311455436538654,1.3032114487327962,2.7663985046312005
-1.473767561000502,1.0002928686546901,-1.0038140082695195,-0.3442055062098425,-0.0739077482724145,0.19361119536525534,-0.9208901834328138,0.3663201538286124,-1.0728175728087044,0.06039600911924964,-0.332798387172253
-1.473767561000502,1.0002928686546901,-1.0038140082695195,-0.4158276000257462,-0.06284749584689762,-1.554623157285055,0.7646318313224589,0.258758913273996,-0.2262653710423325,-0.060586024825431885,0.13208114659826498
-0.2888549722267022,-0.999707217092246,-1.0038140082695195,-1.2752927258165907,-1.279475262653755,-1.2049762867549931,-0.08687756021480689,-0.5556333366395276,-0.8440196804394147,-1.1384259636053218,-1.0146217033690128
1.4885139109339978,-0.999707217092246,-1.0038140082695195,-1.705025288712013,-1.5559815732916773,-1.554623157285055,-1.7432382944379816,-1.1395372139360163,-1.0270579943348466,-1.5893589992173165,-1.4175172993034617
-0.2888549722267022,-0.999707217092246,-1.0038140082695195,0.3003933381332909,-0.12920901039999894,-0.5056825456948688,0.0006062813814875498,-0.43270620457710895,1.0321230369887608,0.2913617102863689,0.5349767425327139
-0.2888549722267022,-0.999707217092246,0.9962004831192838,-1.4185369134483983,-1.301595767504789,-0.15603567516480676,-1.0083740250291082,-1.1088054309204116,-0.9584186266240595,-1.2374112641055157,-1.1075976101231164
0.8960576165470977,-0.999707217092246,0.9962004831192838,1.6254020737275094,0.6560689118117,-0.855329416224931,1.2253800637296097,1.319005427312357,1.0321230369887608,2.150085686345567,1.1548161208934047
-1.473767561000502,-0.999707217092246,0.9962004831192838,-0.021906084038275812,0.35744209632274404,0.19361119536525534,0.8929414656636908,1.088517054695322,-0.2262653710423325,-0.5115190604374267,0.47299280469664484
0.30360132216019775,1.0002928686546901,-1.0038140082695195,-1.1678595850927351,-1.0472099617179005,-1.554623157285055,-1.0317030494547867,-0.41734031306930663,-1.1414569405194912,-1.2594079975500034,-0.8286698898608056
-0.2888549722267022,-0.999707217092246,0.9962004831192838,0.6585038072128094,-0.14026926282551583,-0.5056825456948688,1.3420251858580021,1.042419380171915,0.7118059876717553,0.7972865795095826,-0.11585460474601128
1.4885139109339978,1.0002928686546901,0.9962004831192838,1.3389136984638947,1.2643827952151288,0.8929049364253795,-0.3143355483651724,1.779982172546427,2.6565880728107176,1.6771559172890846,0.8139044627950247
-0.2888549722267022,1.0002928686546901,-1.0038140082695195,0.3720154319491946,0.9215149700241053,0.5432580658953174,-0.5184645120898594,0.2280271302583914,1.0321230369887608,-0.30255009271479494,-0.48775823176242566
-0.8813112666136022,1.0002928686546901,-1.0038140082695195,1.1956695108320872,1.916937688320625,0.5432580658953174,0.5779996359170309,2.010470545163462,0.20845062445931795,0.23636987667515003,2.2395350330246133
0.8960576165470977,-0.999707217092246,-1.0038140082695195,1.0524253232002798,1.319684057342713,-0.5056825456948688,-0.4368129265999846,1.4419325593747758,1.3524400863057664,1.1492343146213833,1.061840214139301
0.30360132216019775,1.0002928686546901,0.9962004831192838,1.0882363701082318,0.8993944651730715,1.5921986774855037,0.33887713555382604,1.2575418612811478,-0.4779430526485512,1.4241934826774778,0.38001689794254123
-0.2888549722267022,-0.999707217092246,-1.0038140082695195,-1.1320485381847833,-1.102511223845485,-0.855329416224931,1.7327863449881173,-0.4941697706083183,-1.1185771512825624,-0.984448829493909,-0.797677920942771
-0.2888549722267022,1.0002928686546901,0.9962004831192838,0.9091811355684725,0.9325752224496222,-0.855329416224931,-1.4049674402656431,1.9490069791322528,-0.4779430526485512,0.7642914793428512,1.8366394370901644
0.30360132216019775,-0.999707217092246,0.9962004831192838,-0.3442055062098425,-0.05178724342138073,-0.855329416224931,0.46718676989505786,-0.1407542659288646,-0.2949047387531194,-0.5115190604374267,0.19406508443433404
1.4885139109339978,-0.999707217092246,-1.0038140082695195,0.515259619581002,-0.19557052495310026,1.2425518069554415,1.0970704293883777,1.641689148976206,-1.0728175728087044,0.11538784273046851,0.13208114659826498
0.30360132216019775,-0.999707217092246,-1.0038140082695195,-0.057717130946227664,-0.36147431133585356,-0.5056825456948688,0.07642561076494273,0.33558837081300774,-0.8668994696763437,0.4233421109532942,0.2560490222704031
0.30360132216019775,1.0002928686546901,0.9962004831192838,1.3747247453718465,0.6450086593861831,0.5432580658953174,1.2603736003681274,-1.124171322428214,1.3295602970688374,0.7092996457316324,0.4420008357786103
-0.8813112666136022,1.0002928686546901,0.9962004831192838,0.9808032293843761,0.7777316884923857,-0.15603567516480676,0.9570962828343067,0.5660767434300428,-0.8211398912024858,1.3032114487327962,-0.02287869799190768
1.4885139109339978,1.0002928686546901,0.9962004831192838,0.013904962869676045,-0.37253456376137045,-0.855329416224931,1.0329156122177618,0.01290464914915871,-1.0499377835717754,-0.5115190604374267,-0.17783854258208034
-0.2888549722267022,-0.999707217092246,0.9962004831192838,-1.1678595850927351,-1.0693304665689343,-0.855329416224931,-0.8800643906878765,-0.709292251717551,-1.0728175728087044,-1.0504390298273716,-1.1385895790411509
0.30360132216019775,-0.999707217092246,0.9962004831192838,-1.0246153974609278,-1.19099324324962,-1.554623157285055,1.5286573812634303,-0.9551465158423883,-0.5465824203593381,-1.1714210637720532,-0.8286698898608056
0.8960576165470977,1.0002928686546901,-1.0038140082695195,-1.2036706320006871,-1.2352342529516875,-0.855329416224931,1.3420251858580021,-1.1549031054438186,-0.7753803127286277,-1.0944324967163468,-1.0146217033690128
-1.473767561000502,1.0002928686546901,-1.0038140082695195,0.3003933381332909,0.5675868924075649,-1.2049762867549931,1.2078832954103507,-1.1088054309204116,-0.2949047387531194,0.13738457617495606,-0.053870666909942216
-0.8813112666136022,1.0002928686546901,-1.0038140082695195,-1.3827258665404463,-1.1688727383985862,1.5921986774855037,-1.6090964039903302,-0.8475852752877719,-0.7525005234916988,-1.3803900314946849,-1.1075976101231164
0.8960576165470977,1.0002928686546901,0.9962004831192838,-0.2725834123939388,-0.41677557346343796,-1.554623157285055,-0.22685170676887798,0.3816860453364147,-0.24914516027926148,-0.6874929279933271,-0.5187502006804602
-0.8813112666136022,1.0002928686546901,0.9962004831192838,0.19296019740943532,0.6560689118117,-0.15603567516480676,-0.8159095735172606,0.33558837081300774,-0.8211398912024858,-0.1375745918811383,0.9688643073851974
-0.8813112666136022,1.0002928686546901,-1.0038140082695195,-0.5590717876575536,-0.2729922919317185,-1.2049762867549931,-1.4516254891170002,-0.3558767470380973,0.4143687275916787,-0.24755825910357607,-0.9836297344509782
-0.2888549722267022,1.0002928686546901,-1.0038140082695195,-1.5617811010802056,-1.489620058738576,-0.15603567516480676,1.4003477469221985,-1.1395372139360163,-0.9812984158609885,-1.4463802318281476,-1.262557454713289
-0.8813112666136022,-0.999707217092246,-1.0038140082695195,-1.5975921479881574,-1.5449213208661605,-0.15603567516480676,-0.22101945066245834,-1.0166100818735977,-1.0728175728087044,-1.5123704321616103,-1.3555333614673926
0.30360132216019775,1.0002928686546901,0.9962004831192838,0.0497160097776279,-0.018606486144830077,1.5921986774855037,-0.9733804883905905,-0.09465659140545762,0.002532521326957207,0.049397642397005864,0.03910523984416139
-0.2888549722267022,-0.999707217092246,0.9962004831192838,0.15714915050148345,-0.35041405891033667,-1.554623157285055,-0.1860259140239406,-0.04855891688205062,-0.0661068463838297,-0.4015353932149889,0.6279526492868175
-1.473767561000502,-0.999707217092246,0.9962004831192838,-1.45434796035635,-1.3679572820578902,0.19361119536525534,0.09975463519062125,-1.0473418648892023,-0.9812984158609885,-1.2374112641055157,-1.324541392549358
-0.8813112666136022,1.0002928686546901,0.9962004831192838,-1.3469148196324945,-1.3568970296323732,-0.855329416224931,-0.6934321952824483,-0.709292251717551,-1.0728175728087044,-1.3473949313279536,-1.1075976101231164
-1.473767561000502,-0.999707217092246,0.9962004831192838,-1.5259700541722538,-1.4453790490365084,-0.855329416224931,0.9395995145150479,-1.1088054309204116,-1.1185771512825624,-1.4903736987171226,-1.3555333614673926
1.4885139109339978,-0.999707217092246,-1.0038140082695195,0.6943148541207613,0.8662137078965209,1.2425518069554415,1.1903865270910918,1.7185186065152178,0.29996978140703384,1.3911983825107463,-0.2708144493361839
0.8960576165470977,-0.999707217092246,-1.0038140082695195,-0.09352817785417952,-0.35041405891033667,-0.855329416224931,-0.9208901834328138,0.13583178121157738,-0.8440196804394147,0.335355177175344,-0.5497421695984948
-0.2888549722267022,1.0002928686546901,0.9962004831192838,-0.4516386469336981,-0.41677557346343796,0.8929049364253795,0.3913674405116027,0.2280271302583914,-0.592341998833196,-0.786478228493521,-0.36379035609028754
0.8960576165470977,1.0002928686546901,0.9962004831192838,1.6970241675434132,0.954695727300656,-0.5056825456948688,0.20473524510617458,0.81193100755488,0.9863634585149029,2.469038321290636,0.3490249290245067
-1.473767561000502,1.0002928686546901,-1.0038140082695195,0.9808032293843761,1.5077083485765004,0.19361119536525534,-0.7809160368787428,-0.43270620457710895,0.5745272522501814,1.5011820497331843,0.7519205249589557
-0.2888549722267022,1.0002928686546901,-1.0038140082695195,-0.5232607407496018,-0.7928241559310122,0.19361119536525534,-0.19185817013036022,0.45851550287542636,-0.4550632634116222,-0.6874929279933271,-0.7047020141886674
1.4885139109339978,-0.999707217092246,0.9962004831192838,-0.30839445930189063,-0.6379806219737757,-0.855329416224931,0.46135451378863823,-0.43270620457710895,0.11693146751160206,-0.5775092607708893,0.22505705335236859
1.4885139109339978,-0.999707217092246,0.9962004831192838,-0.23677236548598696,-0.11814875797448206,-0.15603567516480676,0.3738706721923438,-0.340510855530295,-0.020347267909971763,0.2583666101196376,-0.735693983106702
-0.8813112666136022,-0.999707217092246,-1.0038140082695195,1.482157886095702,0.4016831060248116,-1.554623157285055,-1.4457932330105805,2.287056592303904,-0.638101577307054,1.798137951233766,2.4874707843688895
0.30360132216019775,1.0002928686546901,-1.0038140082695195,0.7301259010287131,1.4081660767468482,-0.5056825456948688,-0.09270981632122652,0.21266123875058904,0.5974070414871104,0.48933231128675686,0.4110088668605758
-0.8813112666136022,-0.999707217092246,0.9962004831192838,0.22877124431738718,-0.35041405891033667,-1.2049762867549931,-1.072528842199724,1.2575418612811478,-0.9355388373871306,0.23636987667515003,0.7519205249589557
-0.2888549722267022,1.0002928686546901,0.9962004831192838,-0.7739380691052647,-0.8149446607820459,1.2425518069554415,-0.06354853578912836,-1.0934395394126093,-1.1185771512825624,-0.39053702649274513,-0.2398224804181494
0.30360132216019775,-0.999707217092246,0.9962004831192838,-0.5948828345655055,-0.7375228938034277,-0.855329416224931,-0.08687756021480689,-0.5095356621161207,-0.0661068463838297,-0.9184586291604463,-0.3947823250083221
-0.8813112666136022,-0.999707217092246,-1.0038140082695195,1.6970241675434132,1.2975635524916793,1.2425518069554415,1.126231709920476,1.2882736442967524,2.0845933418874933,1.1052408477324083,2.1465591262705095
-0.2888549722267022,1.0002928686546901,0.9962004831192838,-0.23677236548598696,0.18047805751447388,-1.2049762867549931,-1.702412501693044,0.81193100755488,0.5058878845393946,-0.5995059942153769,0.2560490222704031
0.8960576165470977,1.0002928686546901,0.9962004831192838,1.0524253232002798,0.8883342127475546,0.5432580658953174,0.811289880173816,0.5199790689066357,1.6269975571489141,0.5223274114534882,0.13208114659826498
-0.2888549722267022,1.0002928686546901,-1.0038140082695195,-1.45434796035635,-1.4011380393344408,-0.855329416224931,-0.2793420117266546,-0.893682949811179,-1.0956973620456334,-1.2594079975500034,-1.262557454713289
-1.473767561000502,1.0002928686546901,-1.0038140082695195,-1.1678595850927351,-1.0472099617179005,1.5921986774855037,-1.2066707326473756,-0.57099922814733,-0.592341998833196,-1.281404730994491,-1.1075976101231164
-0.8813112666136022,1.0002928686546901,-1.0038140082695195,1.1598584639241354,0.5786471448330818,0.5432580658953174,-1.4632900013298393,-0.29441318100688796,1.71851671409663,1.5341771498999155,-0.08486263582797675
0.8960576165470977,1.0002928686546901,-1.0038140082695195,0.19296019740943532,-0.20663077737861715,1.5921986774855037,1.5753154301147874,-0.6478286856863417,0.5745272522501814,0.5333257781757319,0.47299280469664484
1.4885139109339978,1.0002928686546901,-1.0038140082695195,1.5179689330036539,0.7556111836413519,-1.2049762867549931,1.3011993931130648,2.056568219686869,1.1465219831734057,0.9952571805099705,2.208543064106579
-1.473767561000502,-0.999707217092246,0.9962004831192838,-1.6334031948961094,-1.5338610684406435,-1.2049762867549931,1.3186961614323238,-1.0627077563970047,-1.1414569405194912,-1.468376965272635,-1.4795012371395309
-0.8813112666136022,1.0002928686546901,-1.0038140082695195,-1.45434796035635,-1.279475262653755,-1.2049762867549931,-0.3085032922587528,-0.7707558177487603,-1.1414569405194912,-1.3803900314946849,-1.3865253303854272
0.8960576165470977,1.0002928686546901,-1.0038140082695195,-0.9529933036450241,-0.7928241559310122,1.2425518069554415,-1.200838476540956,-1.170268996951621,-1.0956973620456334,-0.8304716953824961,-0.6117261074345638
1.4885139109339978,-0.999707217092246,0.9962004831192838,-1.4185369134483983,-1.3237162723558227,1.5921986774855037,-0.04021951136344985,-0.663194577194144,-0.9812984158609885,-1.281404730994491,-1.3865253303854272
-1.473767561000502,-0.999707217092246,0.9962004831192838,0.26458229122533905,-0.11814875797448206,0.8929049364253795,-0.1685291457046817,0.10509999819597271,-0.18050579256847454,0.13738457617495606,-0.3947823250083221
0.30360132216019775,-0.999707217092246,0.9962004831192838,-1.239481678908639,-1.0472099617179005,-1.2049762867549931,0.6304899408748075,-0.6478286856863417,-0.5237026311224091,-0.984448829493909,-0.8286698898608056
-0.2888549722267022,1.0002928686546901,0.9962004831192838,0.7301259010287131,0.5012253778544636,1.5921986774855037,1.6977928083495997,0.9809558141407058,-0.24914516027926148,0.775289846065095,-0.3018064182542185
-0.8813112666136022,1.0002928686546901,-1.0038140082695195,-1.3111037727245427,-1.2241740005261708,1.5921986774855037,-0.4018193899614669,-0.9705124073501906,-0.8897792589132726,-1.3363965646057097,-0.9526377655329437
1.4885139109339978,1.0002928686546901,0.9962004831192838,-0.9529933036450241,-0.9587279423137655,1.5921986774855037,-0.5009677437706005,-0.17148604894446928,-0.660981366543983,-1.0944324967163468,-0.735693983106702
-1.473767561000502,-0.999707217092246,0.9962004831192838,0.26458229122533905,0.7334906787903183,-1.554623157285055,-0.22101945066245834,-0.47880387910051597,0.5058878845393946,-0.016592557936456784,-0.2398224804181494
1.4885139109339978,-0.999707217092246,0.9962004831192838,0.22877124431738718,-0.40571532103792113,-1.554623157285055,0.7762963435352982,1.27290775278895,-0.2949047387531194,0.049397642397005864,0.10108917768023046
-1.473767561000502,1.0002928686546901,0.9962004831192838,-0.8455601629211685,-0.5605588549951576,1.5921986774855037,0.5488383553849326,-1.124171322428214,-0.7525005234916988,-1.0174439296606403,-1.1075976101231164
0.8960576165470977,1.0002928686546901,0.9962004831192838,-1.239481678908639,-1.19099324324962,1.5921986774855037,-1.264993293711572,-0.893682949811179,-1.0728175728087044,-1.0944324967163468,-0.9526377655329437
0.8960576165470977,-0.999707217092246,0.9962004831192838,1.3031026515559427,0.9104547175985884,0.8929049364253795,-1.3233158547757682,0.47388139438322874,1.5354784002011983,0.5333257781757319,0.9378723384671629
0.30360132216019775,1.0002928686546901,-1.0038140082695195,-1.3827258665404463,-1.3347765247813397,-0.15603567516480676,-0.9383869517520728,-0.9244147328267837,-0.638101577307054,-1.2374112641055157,-1.2315654857952545
1.4885139109339978,-0.999707217092246,-1.0038140082695195,-1.740836335619965,-1.6334033402702954,-0.855329416224931,0.7179737824711019,-1.1088054309204116,-1.0728175728087044,-1.622354099384048,-1.5104932060575653
0.30360132216019775,-0.999707217092246,0.9962004831192838,-1.4185369134483983,-1.2573547578027213,1.5921986774855037,1.2545413442617077,-0.939780624334586,-0.7982601019655567,-1.3143998311612222,-1.20057351687722
1.4885139109339978,-0.999707217092246,-1.0038140082695195,-0.7739380691052647,-0.5937396122717081,0.19361119536525534,-0.06354853578912836,-0.24831550648348097,-0.615221788070125,-0.9184586291604463,-0.6427180763525984
-0.8813112666136022,1.0002928686546901,-1.0038140082695195,-0.2725834123939388,0.13623704781240634,1.5921986774855037,-1.1775094521152776,-0.1253883744210623,0.2770899921701048,-0.544514160604158,0.22505705335236859
-1.473767561000502,1.0002928686546901,0.9962004831192838,0.3362043850412427,0.8330329506199702,-0.15603567516480676,-0.6934321952824483,-1.124171322428214,1.581237978675056,-0.15957132532562585,1.1548161208934047
-0.8813112666136022,1.0002928686546901,-1.0038140082695195,0.22877124431738718,0.7334906787903183,1.2425518069554415,0.33887713555382604,1.0116875971563104,-0.40930368493776426,0.7312963791761199,-0.5497421695984948
-1.473767561000502,-0.999707217092246,-1.0038140082695195,1.267291604647991,1.529828853427534,1.2425518069554415,-0.6875999391760287,2.102665894210276,-0.5465824203593381,1.3802000157885026,0.13208114659826498
0.8960576165470977,-0.999707217092246,0.9962004831192838,0.3003933381332909,-0.37253456376137045,-0.5056825456948688,-0.699264451388868,0.535344960414438,-0.8668994696763437,0.06039600911924964,-0.332798387172253
0.8960576165470977,-0.999707217092246,-1.0038140082695195,-1.5617811010802056,-1.4785598063130592,-0.5056825456948688,1.6044767106468856,-0.9090488413189813,-0.9126590481502016,-1.523368798883854,-1.4485092682214962
-0.8813112666136022,1.0002928686546901,0.9962004831192838,-0.09352817785417952,-0.39465506861240424,0.8929049364253795,0.5663351237041916,-0.939780624334586,1.0092432477518318,-0.3685402930482576,0.47299280469664484
-0.2888549722267022,-0.999707217092246,-1.0038140082695195,1.1956695108320872,0.8772739603220377,-0.855329416224931,0.5255093309592541,-0.27904728949908564,-0.569462209596267,0.4123437442310504,2.1465591262705095
0.8960576165470977,1.0002928686546901,0.9962004831192838,-0.2725834123939388,0.10305629053585567,1.2425518069554415,1.4586703079863947,-0.57099922814733,0.3686091491178207,0.21437314323066248,0.4420008357786103
-0.2888549722267022,-0.999707217092246,-1.0038140082695195,-0.2009613185780351,0.15835755266344012,1.5921986774855037,0.6129931725555486,-0.17148604894446928,-0.18050579256847454,0.19237640978617493,-0.797677920942771
0.8960576165470977,-0.999707217092246,0.9962004831192838,0.3720154319491946,0.7224304263648014,-0.855329416224931,1.5228251251570106,0.9809558141407058,-0.9355388373871306,-0.11557785843665076,0.19406508443433404
-0.8813112666136022,1.0002928686546901,-1.0038140082695195,-0.4516386469336981,-0.5937396122717081,-0.5056825456948688,-1.5391093307132946,-1.1395372139360163,0.025412310563886178,-0.10457949171440699,-0.9836297344509782
0.8960576165470977,1.0002928686546901,0.9962004831192838,-0.23677236548598696,0.15835755266344012,0.5432580658953174,1.69196055224318,-1.0319759733814,-0.8211398912024858,-0.02759092465870056,0.2870409911884377
0.30360132216019775,-0.999707217092246,0.9962004831192838,-1.4901590072643018,-1.290535515079272,-1.2049762867549931,0.9979220755792441,-1.0473418648892023,-1.1414569405194912,-1.4463802318281476,-1.3555333614673926
1.4885139109339978,-0.999707217092246,-1.0038140082695195,0.5510706664889539,0.6892496690882507,-0.15603567516480676,-0.885896646794296,0.7965651160470777,1.3981996647796244,0.5553225116202195,0.4420008357786103
-0.8813112666136022,1.0002928686546901,0.9962004831192838,1.3031026515559427,1.3639250670447807,0.8929049364253795,1.2603736003681274,0.07436821518036804,1.9244348172289907,0.9292669801765079,0.2870409911884377
-0.8813112666136022,-0.999707217092246,-1.0038140082695195,-1.0246153974609278,-0.7154023889523939,0.19361119536525534,0.08225786687136236,-1.078073647904807,-0.7296207342547698,-1.0394406631051278,-0.797677920942771
-0.2888549722267022,-0.999707217092246,0.9962004831192838,-0.9888043505529759,-1.0803907189944513,-0.5056825456948688,-1.3699739036271252,-0.46343798759271365,-1.0270579943348466,-0.8964618957159588,-0.9216457966149092
1.4885139109339978,1.0002928686546901,-1.0038140082695195,1.5179689330036539,1.4524070864489158,0.19361119536525534,0.8287866484930748,0.01290464914915871,1.8100358710443458,1.8971232517339598,0.07009720876219591
0.8960576165470977,-0.999707217092246,-1.0038140082695195,-0.48744969384164993,-0.317233301633786,-0.855329416224931,-1.3699739036271252,-0.24831550648348097,-0.18050579256847454,-0.15957132532562585,-0.17783854258208034
-0.8813112666136022,-0.999707217092246,0.9962004831192838,1.0882363701082318,1.82845566891649,-0.15603567516480676,0.9104382339829497,-1.1549031054438186,1.764276292570488,1.6441608171223532,-0.08486263582797675
0.8960576165470977,1.0002928686546901,0.9962004831192838,0.9449921824764242,0.9104547175985884,-0.855329416224931,-1.1600126837960185,-0.5556333366395276,-0.36354410646390634,0.6213127119536822,1.7746554992540953
-0.2888549722267022,-0.999707217092246,0.9962004831192838,-1.5975921479881574,-1.4121982917599578,-0.855329416224931,-0.8450708540493587,-1.1395372139360163,-1.0041782050979176,-1.413385131661416,-1.4485092682214962
-1.473767561000502,-0.999707217092246,-1.0038140082695195,-1.3111037727245427,-1.3237162723558227,0.5432580658953174,-1.2533287814987326,-0.6785604687019463,-0.9584186266240595,-1.2924030977167347,-0.9216457966149092
-0.8813112666136022,1.0002928686546901,0.9962004831192838,-1.239481678908639,-1.1467522335475524,0.5432580658953174,-0.32016780447159204,-0.8168534922721673,-1.0956973620456334,-0.984448829493909,-1.1695815479591853
-0.2888549722267022,-0.999707217092246,0.9962004831192838,0.19296019740943532,0.6450086593861831,1.2425518069554415,1.656967015604662,0.35095426232081006,-0.7753803127286277,0.632311078675926,0.3180329601064722
-0.8813112666136022,-0.999707217092246,0.9962004831192838,1.5537799799116059,0.6450086593861831,0.19361119536525534,-0.9092256712199746,1.0116875971563104,-0.5237026311224091,0.8852735132875328,0.19406508443433404
1.4885139109339978,-0.999707217092246,0.9962004831192838,-1.6334031948961094,-1.578102078142711,1.2425518069554415,0.1114191474034605,-0.939780624334586,-1.0041782050979176,-1.5343671656060978,-1.4175172993034617
0.30360132216019775,-0.999707217092246,-1.0038140082695195,0.6943148541207613,0.7224304263648014,0.5432580658953174,1.06207689274986,-0.32514496402249266,0.8033251446194711,0.4563372111200255,1.4337438411557153
-0.2888549722267022,1.0002928686546901,0.9962004831192838,-0.021906084038275812,-0.4941973404420562,-1.554623157285055,0.8987737217701104,0.7811992245392754,0.917724090804116,-0.4015353932149889,0.22505705335236859
1.4885139109339978,1.0002928686546901,0.9962004831192838,0.8017479948446169,0.7666714360668688,1.2425518069554415,1.6336379911789838,1.8414457385776364,1.2838007185949796,0.4563372111200255,1.4957277789917844
0.30360132216019775,1.0002928686546901,0.9962004831192838,-1.705025288712013,-1.6223430878447787,-0.855329416224931,-1.2416642692858935,-1.0319759733814,-1.0956973620456334,-1.5343671656060978,-1.5104932060575653
0.8960576165470977,-0.999707217092246,0.9962004831192838,0.08552705668557975,-0.0739077482724145,-1.2049762867549931,-1.4399609769041608,0.7811992245392754,-0.020347267909971763,-0.5115190604374267,-0.45676626284439115
-0.8813112666136022,1.0002928686546901,0.9962004831192838,-1.4185369134483983,-1.379017534483407,0.8929049364253795,-1.4749545135426787,-0.8629511667955743,-1.0728175728087044,-1.42438349838366,-1.2935494236313236
1.4885139109339978,-0.999707217092246,0.9962004831192838,1.3031026515559427,0.35744209632274404,0.19361119536525534,-1.1950062204345364,1.7338844980230201,-0.40930368493776426,1.0392506473989456,2.1775510951885444
0.30360132216019775,1.0002928686546901,-1.0038140082695195,-0.4158276000257462,-0.51631784529309,1.5921986774855037,1.2953671370066453,-0.9090488413189813,0.29996978140703384,-0.4565272268262078,-0.332798387172253
0.30360132216019775,-0.999707217092246,0.9962004831192838,-1.1678595850927351,-1.1135714762710018,-0.5056825456948688,1.1145671977076368,-1.1395372139360163,-1.1414569405194912,-1.2594079975500034,-0.9216457966149092
0.8960576165470977,1.0002928686546901,0.9962004831192838,1.3031026515559427,1.441346834023399,0.19361119536525534,-0.2968387800459135,0.6582720924768567,1.1236421939364767,0.5113290447312444,1.0928321830573355
0.30360132216019775,-0.999707217092246,0.9962004831192838,0.8375590417525687,0.3353215914717103,0.5432580658953174,-1.7315737822251422,-0.29441318100688796,-0.4321834741746932,0.30236007700861267,0.008113270926126851
0.30360132216019775,1.0002928686546901,0.9962004831192838,0.26458229122533905,0.16941780508895699,0.8929049364253795,0.7937931118545571,-0.5556333366395276,1.0092432477518318,-0.2805533592703074,0.19406508443433404
0.8960576165470977,1.0002928686546901,-1.0038140082695195,-1.0246153974609278,-0.7264626413779108,1.5921986774855037,-1.3174835986693487,-0.524901553623923,-0.8440196804394147,-1.0174439296606403,-1.1075976101231164
-0.8813112666136022,-0.999707217092246,0.9962004831192838,0.40782647885714646,0.11411654296137257,-1.2049762867549931,1.6861282961367603,-1.170268996951621,1.6041177679119851,1.0062555472322143,-0.3018064182542185
0.8960576165470977,1.0002928686546901,-1.0038140082695195,-0.7739380691052647,-0.7154023889523939,-0.855329416224931,-1.107522378838242,-0.5863651196551323,0.11693146751160206,-0.7644814950490335,-0.85966185877884
-1.473767561000502,-0.999707217092246,0.9962004831192838,-1.3827258665404463,-1.2131137481006538,-1.2049762867549931,0.9862575633664049,-0.7246581432253533,-0.638101577307054,-1.3583932980501974,-1.0766056412050817
0.30360132216019775,1.0002928686546901,0.9962004831192838,0.26458229122533905,0.15835755266344012,-0.15603567516480676,-0.903393415113555,0.8887604650938917,0.20845062445931795,-0.016592557936456784,1.0928321830573355
0.8960576165470977,1.0002928686546901,-1.0038140082695195,0.8375590417525687,0.3463818438972272,-0.15603567516480676,0.012270793594326809,1.365103101835764,1.741396503333559,1.5011820497331843,0.3490249290245067
-0.2888549722267022,-0.999707217092246,-1.0038140082695195,-0.2009613185780351,-0.41677557346343796,-0.15603567516480676,-1.229999757073054,0.627540309461252,-0.4550632634116222,-0.09358112499216321,-0.6427180763525984
0.8960576165470977,-0.999707217092246,0.9962004831192838,1.1956695108320872,1.1095392612578923,-1.554623157285055,-1.6965802455866246,0.08973410668817038,0.9863634585149029,1.3802000157885026,1.7126715614180261
-0.2888549722267022,-0.999707217092246,0.9962004831192838,-0.16515027167008323,-0.28405254435723537,-1.554623157285055,-1.422464208584902,-0.18685194045227163,0.43724851682860766,-0.038589291380944336,0.47299280469664484
0.30360132216019775,-0.999707217092246,-1.0038140082695195,1.6970241675434132,0.6450086593861831,0.19361119536525534,-1.498283537968357,2.7480333375379744,2.6565880728107176,1.2922130820105524,0.6279526492868175
-1.473767561000502,-0.999707217092246,0.9962004831192838,0.6585038072128094,0.3795626011737778,-0.15603567516480676,-1.5682706112453926,1.8568116300854387,1.0092432477518318,0.13738457617495606,-0.14684657366404583
-0.8813112666136022,1.0002928686546901,-1.0038140082695195,0.765936947936665,1.054237999130308,-0.855329416224931,-0.016890486937771336,0.19729534724278672,-0.8211398912024858,0.7202980124538761,0.2560490222704031
0.8960576165470977,-0.999707217092246,0.9962004831192838,0.013904962869676045,0.05881528083378813,-0.855329416224931,1.5636509179019482,0.5660767434300428,0.7575655661456132,0.44533884439778176,-0.42577429392635663
1.4885139109339978,-0.999707217092246,-1.0038140082695195,0.08552705668557975,0.5897073972585987,0.8929049364253795,1.1845542709846721,0.5660767434300428,0.4830080953024656,0.6543078121204134,-0.2708144493361839
-1.473767561000502,1.0002928686546901,-1.0038140082695195,0.013904962869676045,-0.19557052495310026,0.8929049364253795,0.292219086702469,-0.11002248291325996,-0.7753803127286277,0.06039600911924964,-0.332798387172253
-1.473767561000502,1.0002928686546901,-1.0038140082695195,-1.1320485381847833,-0.9366074374627317,0.19361119536525534,-0.022722743044190967,-0.6939263602097486,-0.40930368493776426,-1.127427596883078,-1.0146217033690128
0.30360132216019775,1.0002928686546901,0.9962004831192838,0.3720154319491946,0.6781894166627338,-1.554623157285055,-1.2358320131794738,-0.06392480838985296,-0.4321834741746932,0.12638620945271228,-0.2708144493361839
0.30360132216019775,-0.999707217092246,-1.0038140082695195,0.40782647885714646,0.6781894166627338,0.19361119536525534,0.3272126233409868,-0.15612015743666696,1.5125986109642693,0.44533884439778176,0.008113270926126851
-0.8813112666136022,1.0002928686546901,-1.0038140082695195,-1.3827258665404463,-1.379017534483407,0.5432580658953174,1.0504123805370207,-1.0627077563970047,-0.638101577307054,-1.4023867649391724,-1.3555333614673926
-0.2888549722267022,-0.999707217092246,-1.0038140082695195,0.5510706664889539,1.1759007758109936,1.2425518069554415,-0.005225974724932079,-0.57099922814733,-0.4321834741746932,0.13738457617495606,0.2870409911884377
1.4885139109339978,-0.999707217092246,-1.0038140082695195,0.765936947936665,0.25789982449309207,-1.2049762867549931,-1.2766578059244111,-0.801487600764365,-1.0499377835717754,0.2583666101196376,0.38001689794254123
1.4885139109339978,-0.999707217092246,0.9962004831192838,0.08552705668557975,0.29108058176964274,0.8929049364253795,-0.5476257926219575,0.258758913273996,0.8033251446194711,-0.060586024825431885,-0.2708144493361839
1.4885139109339978,1.0002928686546901,0.9962004831192838,-0.23677236548598696,-0.29511279678275226,-0.855329416224931,0.8229543923866552,0.10509999819597271,-0.615221788070125,-0.5775092607708893,0.13208114659826498
1.4885139109339978,1.0002928686546901,-1.0038140082695195,0.9091811355684725,0.25789982449309207,-0.855329416224931,-0.5184645120898594,0.2433930217661937,-0.3406643172269774,0.06039600911924964,1.4957277789917844
0.30360132216019775,-0.999707217092246,0.9962004831192838,-1.1320485381847833,-1.091450971419968,0.19361119536525534,-0.950051463964912,-0.801487600764365,-0.3406643172269774,-1.1164292301608343,-0.735693983106702
-0.2888549722267022,1.0002928686546901,-1.0038140082695195,-1.239481678908639,-1.1135714762710018,-0.855329416224931,1.079573661069119,-0.939780624334586,-0.592341998833196,-1.1714210637720532,-1.1075976101231164
-0.8813112666136022,-0.999707217092246,-1.0038140082695195,1.267291604647991,1.2754430476406458,-0.15603567516480676,0.7937931118545571,0.6582720924768567,0.940603880041045,0.6103143452314383,1.929615343844268
0.30360132216019775,1.0002928686546901,-1.0038140082695195,-0.30839445930189063,-0.0739077482724145,1.5921986774855037,1.4061800030286182,-0.46343798759271365,0.20845062445931795,-0.6874929279933271,-0.11585460474601128
0.30360132216019775,-0.999707217092246,-1.0038140082695195,1.016614276292328,1.3086238049171963,-0.855329416224931,0.012270793594326809,1.5648596914371944,0.6431666199609684,1.3692016490662589,2.0225912505983716
-1.473767561000502,-0.999707217092246,0.9962004831192838,-1.5617811010802056,-1.5228008160151267,-0.15603567516480676,0.1114191474034605,-0.9551465158423883,-1.0956973620456334,-1.4793753319948788,-1.3865253303854272
-0.8813112666136022,-0.999707217092246,0.9962004831192838,0.9091811355684725,0.9657559797261728,0.19361119536525534,0.5430060992785131,-1.078073647904807,1.6498773463858432,1.3032114487327962,0.008113270926126851
1.4885139109339978,-0.999707217092246,0.9962004831192838,1.2314805577400392,1.2754430476406458,-0.15603567516480676,1.1903865270910918,-1.078073647904807,2.6565880728107176,1.017253913954458,1.4337438411557153
0.8960576165470977,-0.999707217092246,0.9962004831192838,0.013904962869676045,-0.12920901039999894,0.19361119536525534,-0.8159095735172606,0.35095426232081006,-1.1414569405194912,-0.5225174271596704,0.5659687114507485
0.8960576165470977,1.0002928686546901,0.9962004831192838,-1.705025288712013,-1.5559815732916773,-1.2049762867549931,-1.655754452841687,-1.0473418648892023,-1.1185771512825624,-1.567362265772829,-1.5104932060575653
1.4885139109339978,-0.999707217092246,0.9962004831192838,-0.23677236548598696,-0.5052575928675731,1.5921986774855037,1.2078832954103507,0.33558837081300774,-0.31778452799004836,-0.4785239602706953,-0.7666859520247364
-1.473767561000502,1.0002928686546901,0.9962004831192838,-0.48744969384164993,-0.42783582588895486,-0.855329416224931,-0.35516134111010983,-0.20221783196007395,-1.0499377835717754,-0.5225174271596704,0.13208114659826498
-1.473767561000502,-0.999707217092246,-1.0038140082695195,0.515259619581002,-0.0739077482724145,0.19361119536525534,0.9104382339829497,0.2280271302583914,1.581237978675056,0.6213127119536822,-0.48775823176242566
1.4885139109339978,1.0002928686546901,-1.0038140082695195,0.9808032293843761,1.3086238049171963,-0.855329416224931,0.7529673191096197,-0.47880387910051597,1.8557954495182039,0.3683502773420753,0.7519205249589557
0.30360132216019775,1.0002928686546901,0.9962004831192838,0.0497160097776279,0.12517679538688944,-0.5056825456948688,-1.5391093307132946,0.30485658779740304,0.4601283060655366,-0.17056969204786962,0.7209285560409211
-0.2888549722267022,-0.999707217092246,0.9962004831192838,-1.2036706320006871,-1.202053495675137,-0.855329416224931,0.968760795047146,-0.38660853005370194,-0.7982601019655567,-1.2924030977167347,-1.262557454713289
1.4885139109339978,-0.999707217092246,-1.0038140082695195,-1.5259700541722538,-1.4343187966109916,-0.855329416224931,-0.6176128658989931,-1.0166100818735977,-1.0270579943348466,-1.3583932980501974,-1.2315654857952545
0.30360132216019775,1.0002928686546901,0.9962004831192838,-0.057717130946227664,0.4238036108758454,-1.2049762867549931,-0.13936786517258354,1.0116875971563104,0.940603880041045,0.14838294289719983,-0.11585460474601128
0.30360132216019775,-0.999707217092246,-1.0038140082695195,-1.2752927258165907,-1.3237162723558227,-1.2049762867549931,0.9804253072599852,-0.8475852752877719,-1.0499377835717754,-1.2594079975500034,-1.1075976101231164
-0.2888549722267022,-0.999707217092246,0.9962004831192838,1.1598584639241354,0.4791048730034298,-1.2049762867549931,-1.072528842199724,-0.801487600764365,1.0092432477518318,0.7202980124538761,1.12382415197537
0.30360132216019775,-0.999707217092246,0.9962004831192838,-0.3442055062098425,-0.7596433986544615,0.8929049364253795,-1.4457932330105805,-0.23294961497567862,-1.1185771512825624,-0.44552886010396403,-0.85966185877884
1.4885139109339978,-0.999707217092246,-1.0038140082695195,-1.1678595850927351,-1.01402920444135,-1.2049762867549931,-0.2968387800459135,-0.939780624334586,-0.592341998833196,-0.9514537293271776,-0.735693983106702
0.8960576165470977,-0.999707217092246,0.9962004831192838,0.6585038072128094,-0.15132951525103272,0.8929049364253795,0.6771479897261645,-0.8322193837799696,0.25421020293317587,0.632311078675926,0.9998562763032319
0.8960576165470977,1.0002928686546901,-1.0038140082695195,-1.740836335619965,-1.6002225829937449,-0.15603567516480676,-0.1335356090661639,-1.078073647904807,-1.1185771512825624,-1.622354099384048,-1.4485092682214962
0.30360132216019775,-0.999707217092246,-1.0038140082695195,-0.5948828345655055,-0.4720768355910224,0.5432580658953174,0.9221027461957889,-0.32514496402249266,-0.7753803127286277,-0.8194733286602524,-0.6117261074345638
-0.8813112666136022,1.0002928686546901,0.9962004831192838,-0.5590717876575536,-0.51631784529309,1.5921986774855037,-0.8450708540493587,0.12046588970377504,-0.2262653710423325,-0.8304716953824961,-0.8906538276968746
-0.8813112666136022,1.0002928686546901,-1.0038140082695195,1.1956695108320872,0.9104547175985884,0.5432580658953174,-0.9442192078584923,1.2114441867577408,0.18557083522238896,2.0071069189563975,0.9688643073851974
-0.2888549722267022,-0.999707217092246,-1.0038140082695195,-1.0604264443688796,-0.9476676898882486,1.5921986774855037,-0.1102065846404854,-0.57099922814733,-0.20338558180540353,-0.984448829493909,-0.8906538276968746
-0.2888549722267022,-0.999707217092246,-1.0038140082695195,-0.738127022197313,-0.8260049132075628,0.19361119536525534,1.6977928083495997,-0.43270620457710895,-0.15762600333154558,-0.7424847616045459,-0.8906538276968746
0.30360132216019775,1.0002928686546901,-1.0038140082695195,1.5895910268195577,0.7777316884923857,-0.5056825456948688,-0.16269688959826206,-0.47880387910051597,0.8262049338564001,1.017253913954458,1.7126715614180261
-0.8813112666136022,1.0002928686546901,-1.0038140082695195,1.4463468391877503,0.9768162321516897,1.5921986774855037,-1.4341287207977411,2.7019356630145674,0.9634836692779739,1.2042261482326022,1.8366394370901644
-0.8813112666136022,-0.999707217092246,0.9962004831192838,0.15714915050148345,-0.3393538064848198,-1.2049762867549931,-1.4516254891170002,-0.18685194045227163,0.9634836692779739,0.22537150995290625,0.596960680368783
-0.8813112666136022,1.0002928686546901,-1.0038140082695195,-1.3111037727245427,-1.312656019930306,-0.5056825456948688,-1.7082447577994637,-0.663194577194144,-0.9584186266240595,-1.3693916647724411,-1.2935494236313236
-0.8813112666136022,1.0002928686546901,-1.0038140082695195,0.12133810359353162,0.4680446205779129,-0.5056825456948688,1.172889758771833,-1.0319759733814,0.25421020293317587,0.47833394456451306,-0.6117261074345638
0.30360132216019775,-0.999707217092246,0.9962004831192838,0.6585038072128094,0.4238036108758454,0.5432580658953174,-1.4632900013298393,-0.5095356621161207,-0.2949047387531194,0.4673355778422693,-0.02287869799190768
-0.8813112666136022,-0.999707217092246,-1.0038140082695195,-1.6334031948961094,-1.5338610684406435,0.5432580658953174,0.11725140350988013,-0.9244147328267837,-1.1185771512825624,-1.4463802318281476,-1.3865253303854272
-0.8813112666136022,-0.999707217092246,-1.0038140082695195,0.4436375257650983,0.7556111836413519,1.5921986774855037,0.2747223183832101,0.30485658779740304,0.6660464091978974,-0.1815680587701134,0.16307311551629952
-1.473767561000502,-0.999707217092246,0.9962004831192838,-0.4516386469336981,-0.38359481618688734,-1.554623157285055,-1.4457932330105805,-1.1395372139360163,0.3914889383547497,-0.29155172599255114,-0.5807341385165293
-1.473767561000502,1.0002928686546901,-1.0038140082695195,1.4105357922797983,2.2045042513840643,-0.855329416224931,1.7444508572009567,-1.078073647904807,2.565068915863002,0.6103143452314383,1.2787839965655428
-0.2888549722267022,1.0002928686546901,-1.0038140082695195,1.1956695108320872,1.4524070864489158,-0.15603567516480676,1.3011993931130648,-0.8783170583033766,2.519309337389144,1.9631134520674225,-0.17783854258208034
1.4885139109339978,1.0002928686546901,-1.0038140082695195,-0.4516386469336981,-0.51631784529309,-0.15603567516480676,0.9337672584086282,-0.8783170583033766,0.3914889383547497,-0.7754798617712773,0.10108917768023046
-0.2888549722267022,1.0002928686546901,-1.0038140082695195,0.6226927603048575,0.9215149700241053,0.19361119536525534,-1.5041157940747767,1.8107139555620317,1.558358189438127,-0.09358112499216321,1.0928321830573355
1.4885139109339978,-0.999707217092246,-1.0038140082695195,-0.5232607407496018,-0.2619320395062016,-1.2049762867549931,-1.626593172309589,-0.7707558177487603,-0.4779430526485512,-0.2805533592703074,-0.6427180763525984
-0.8813112666136022,1.0002928686546901,-1.0038140082695195,-1.6334031948961094,-1.489620058738576,-1.554623157285055,0.4730190260014775,-1.0473418648892023,-0.9584186266240595,-1.5123704321616103,-1.324541392549358
1.4885139109339978,1.0002928686546901,-1.0038140082695195,0.19296019740943532,-0.17345002010206648,-1.2049762867549931,-0.8742321345814568,-0.24831550648348097,0.16269104598546,0.40134537750880667,-0.2088305115001149
0.8960576165470977,1.0002928686546901,0.9962004831192838,0.5510706664889539,-0.09602825312344829,-0.5056825456948688,-1.3291481108821879,0.5046131773988334,1.0321230369887608,0.3683502773420753,0.7519205249589557
1.4885139109339978,1.0002928686546901,-1.0038140082695195,0.4436375257650983,0.5454663875565311,0.19361119536525534,1.0212511000049227,1.2421759697733454,1.558358189438127,0.11538784273046851,0.2560490222704031
-0.8813112666136022,1.0002928686546901,0.9962004831192838,-1.5259700541722538,-1.500680311164093,-0.15603567516480676,-0.950051463964912,-1.0473418648892023,-1.0956973620456334,-1.42438349838366,-1.2315654857952545
1.4885139109339978,1.0002928686546901,-1.0038140082695195,-0.738127022197313,-0.6932818841013602,1.5921986774855037,1.6744637839239211,-0.755389926240958,-0.9126590481502016,-0.5005206937151829,-0.6737100452706329
0.30360132216019775,1.0002928686546901,-1.0038140082695195,-0.8455601629211685,-0.4831370880165393,-0.855329416224931,-0.6934321952824483,-0.47880387910051597,-1.1414569405194912,-0.5335157938819142,-0.45676626284439115
-0.8813112666136022,-0.999707217092246,-1.0038140082695195,-1.3827258665404463,-1.3679572820578902,0.19361119536525534,-0.9792127444970101,-1.0166100818735977,-1.0499377835717754,-1.3473949313279536,-1.262557454713289
-1.473767561000502,1.0002928686546901,0.9962004831192838,-0.8813712098291203,-0.5826793598461912,1.5921986774855037,-1.3466448792014467,-0.6017310111629346,-0.7982601019655567,-1.0944324967163468,-0.9216457966149092
-0.8813112666136022,-0.999707217092246,0.9962004831192838,-1.239481678908639,-1.091450971419968,-1.2049762867549931,0.6654834775133253,-0.939780624334586,-0.8211398912024858,-1.127427596883078,-1.1385895790411509
0.8960576165470977,1.0002928686546901,-1.0038140082695195,-1.4185369134483983,-1.4011380393344408,-1.2049762867549931,0.023935305807166067,-0.8629511667955743,-0.8211398912024858,-1.2374112641055157,-1.3865253303854272
0.8960576165470977,1.0002928686546901,-1.0038140082695195,0.26458229122533905,-0.10708850554896517,1.5921986774855037,-0.3726581094293687,0.4124178283520194,-0.2262653710423325,0.6543078121204134,-0.48775823176242566
0.8960576165470977,1.0002928686546901,-1.0038140082695195,-0.9529933036450241,-0.903426680186181,-1.2049762867549931,-0.3493290850036902,-0.801487600764365,-1.1414569405194912,-0.6105043609376206,-0.6427180763525984
0.8960576165470977,-0.999707217092246,0.9962004831192838,-0.7739380691052647,-0.7596433986544615,-0.15603567516480676,-1.6382576845224281,0.18192945573498437,-0.20338558180540353,-0.4675255935484516,-0.8906538276968746
-0.8813112666136022,1.0002928686546901,0.9962004831192838,0.7301259010287131,0.3132010866206765,1.5921986774855037,-0.7109289636017072,-0.1407542659288646,1.8786752387551329,0.4563372111200255,1.340767934401612
-0.8813112666136022,-0.999707217092246,0.9962004831192838,-1.6334031948961094,-1.4785598063130592,-0.5056825456948688,1.6219734789661444,-1.1395372139360163,-1.0956973620456334,-1.5453655323283415,-1.3555333614673926
0.30360132216019775,-0.999707217092246,0.9962004831192838,1.267291604647991,1.6736121349592537,0.5432580658953174,-0.8159095735172606,0.6890038754924613,-0.20338558180540353,0.9512637136209954,1.2787839965655428
1.4885139109339978,1.0002928686546901,-1.0038140082695195,0.9449921824764242,0.5675868924075649,0.19361119536525534,1.2078832954103507,2.1180317857180784,1.9015550279920617,0.4123437442310504,1.4337438411557153
-0.8813112666136022,1.0002928686546901,-1.0038140082695195,-0.057717130946227664,-0.29511279678275226,-1.554623157285055,0.2163997573190138,1.0270534886641127,0.3228495706439628,-0.1375745918811383,0.008113270926126851
0.30360132216019775,-0.999707217092246,-1.0038140082695195,1.482157886095702,2.116022231979929,1.2425518069554415,-0.44264518270640424,2.778765120553579,-0.2262653710423325,1.5341771498999155,1.1858080898114391
-0.2888549722267022,-0.999707217092246,-1.0038140082695195,-0.1293392247621314,0.28002032934412585,0.5432580658953174,0.44385774546937934,-0.2636813979912833,0.5058878845393946,-0.22556152565908852,0.47299280469664484
-0.2888549722267022,1.0002928686546901,-1.0038140082695195,0.6226927603048575,0.3906228535992947,-0.5056825456948688,1.06207689274986,1.549493799929392,-0.9355388373871306,0.9402653468987516,0.13208114659826498
1.4885139109339978,1.0002928686546901,-1.0038140082695195,1.482157886095702,0.4127433584503285,-0.15603567516480676,-0.4543096949192435,0.12046588970377504,2.1761124988352094,0.9072702467320203,0.596960680368783
0.8960576165470977,-0.999707217092246,0.9962004831192838,0.19296019740943532,0.14729730023792323,1.5921986774855037,0.5430060992785131,1.0731511631875197,0.6431666199609684,0.3133584437308565,0.7519205249589557
0.30360132216019775,-0.999707217092246,0.9962004831192838,-0.6665049283814092,-0.5826793598461912,-0.15603567516480676,-1.6499221967352675,0.2433930217661937,0.11693146751160206,-0.6984912947155708,-0.42577429392635663
0.30360132216019775,-0.999707217092246,0.9962004831192838,1.5895910268195577,1.916937688320625,0.5432580658953174,-0.10437432853406577,-0.7246581432253533,2.1303529203613514,2.2930644537347358,-0.08486263582797675
0.30360132216019775,-0.999707217092246,0.9962004831192838,1.4105357922797983,1.6846723873847704,-0.855329416224931,0.22806426953185308,1.4265666678669735,1.3753198755426954,1.2922130820105524,1.3097759654835772
-0.8813112666136022,-0.999707217092246,0.9962004831192838,-1.45434796035635,-1.3237162723558227,-1.2049762867549931,1.6861282961367603,-0.8475852752877719,-0.7982601019655567,-1.42438349838366,-1.1385895790411509
-1.473767561000502,-0.999707217092246,0.9962004831192838,0.3720154319491946,-0.06284749584689762,1.2425518069554415,0.26889006227679046,1.0731511631875197,-1.0956973620456334,0.8632767798430452,-0.11585460474601128
0.8960576165470977,-0.999707217092246,0.9962004831192838,-0.7023159752893611,-0.40571532103792113,0.5432580658953174,1.0854059171755386,-0.663194577194144,-0.4321834741746932,-0.6654961945488395,-0.2398224804181494
0.30360132216019775,1.0002928686546901,0.9962004831192838,0.6585038072128094,0.30214083419515964,1.2425518069554415,-0.6117806097925735,0.028270540656961045,1.4210794540165534,0.027400908952518316,1.1548161208934047
1.4885139109339978,-0.999707217092246,-1.0038140082695195,0.3003933381332909,-0.19557052495310026,-0.855329416224931,-0.839238597942939,-0.663194577194144,1.4210794540165534,0.7092996457316324,0.596960680368783
-0.8813112666136022,1.0002928686546901,-1.0038140082695195,0.6943148541207613,0.8662137078965209,-0.15603567516480676,1.6744637839239211,0.9963217056485081,-0.2949047387531194,1.270216348566065,-0.42577429392635663
-1.473767561000502,-0.999707217092246,0.9962004831192838,0.9808032293843761,1.540889105853051,1.5921986774855037,-0.9558837200713316,2.0873000027024737,1.8329156602812748,0.23636987667515003,1.46473581007375
0.8960576165470977,-0.999707217092246,0.9962004831192838,-1.5617811010802056,-1.4121982917599578,0.5432580658953174,0.6188254286619682,-1.1549031054438186,-1.1185771512825624,-1.4463802318281476,-1.324541392549358
-1.473767561000502,1.0002928686546901,0.9962004831192838,-1.0246153974609278,-0.8481254180585965,-0.15603567516480676,-0.5942838414733146,-0.801487600764365,-0.660981366543983,-1.0394406631051278,-0.9836297344509782
-1.473767561000502,-0.999707217092246,0.9962004831192838,1.3747247453718465,0.6339484069606662,1.2425518069554415,-0.18019365791752096,1.7338844980230201,-0.9812984158609885,1.9301183519006913,0.10108917768023046
0.8960576165470977,1.0002928686546901,-1.0038140082695195,1.482157886095702,1.33074430976823,0.19361119536525534,1.5986444545404659,-0.46343798759271365,-0.7296207342547698,2.0511003858453725,1.991599281680337
-0.2888549722267022,1.0002928686546901,-1.0038140082695195,-0.8097491160132166,-1.01402920444135,1.2425518069554415,1.266205856474547,-0.18685194045227163,-0.18050579256847454,-0.786478228493521,-0.48775823176242566
-0.2888549722267022,1.0002928686546901,0.9962004831192838,-0.4158276000257462,-0.7596433986544615,1.2425518069554415,-0.44264518270640424,-1.0319759733814,-1.0728175728087044,-0.5775092607708893,-0.8286698898608056
-1.473767561000502,-0.999707217092246,0.9962004831192838,-0.2009613185780351,-0.6158601171227419,0.5432580658953174,-0.745922500240225,-0.663194577194144,0.6202868307240395,-0.4565272268262078,-0.42577429392635663
0.30360132216019775,1.0002928686546901,-1.0038140082695195,0.9091811355684725,0.4348638633013623,0.5432580658953174,0.9512640267278871,1.1192488377109266,2.2905114450198543,0.918268613454264,0.7209285560409211
0.30360132216019775,-0.999707217092246,0.9962004831192838,1.3747247453718465,0.36850234874826093,-0.15603567516480676,-1.3524771353078664,-0.2175837234678763,-1.1414569405194912,1.8531297848449848,1.6506876235819572
1.4885139109339978,1.0002928686546901,0.9962004831192838,1.3389136984638947,1.5187686010020172,-0.855329416224931,-1.3641416475207055,2.594374422459951,0.8262049338564001,1.3472049156217714,-0.08486263582797675
1.4885139109339978,-0.999707217092246,-1.0038140082695195,-1.3469148196324945,-1.3458367772068565,1.5921986774855037,-0.34349682889727057,-1.0012441903657954,-0.615221788070125,-1.3143998311612222,-0.9526377655329437
0.8960576165470977,-0.999707217092246,0.9962004831192838,-0.057717130946227664,-0.5494986025696407,1.2425518069554415,-1.3349803669886076,0.5199790689066357,-0.638101577307054,-0.15957132532562585,0.5039847736146794
-1.473767561000502,1.0002928686546901,-1.0038140082695195,1.0882363701082318,1.253322542789612,1.5921986774855037,-1.498283537968357,-0.2636813979912833,0.13981125674853104,0.9402653468987516,0.2560490222704031
0.30360132216019775,-0.999707217092246,0.9962004831192838,-0.5232607407496018,-0.4941973404420562,0.8929049364253795,-1.673251221160946,-0.801487600764365,-0.7753803127286277,-0.22556152565908852,0.07009720876219591
1.4885139109339978,-0.999707217092246,0.9962004831192838,-0.30839445930189063,-0.317233301633786,-1.554623157285055,0.5080125626399953,0.45851550287542636,-1.0956973620456334,0.049397642397005864,-0.2398224804181494
1.4885139109339978,-0.999707217092246,0.9962004831192838,0.765936947936665,0.6781894166627338,-1.554623157285055,1.1787220148782527,0.3663201538286124,-0.7525005234916988,0.5773192450647071,0.6899365871228866
1.4885139109339978,-0.999707217092246,-1.0038140082695195,1.016614276292328,1.4855878437254666,0.19361119536525534,1.2428768320488686,0.7043697670002638,2.1532327095982806,1.6331624504001094,2.0845751884344406
0.30360132216019775,-0.999707217092246,-1.0038140082695195,0.515259619581002,1.1095392612578923,-0.15603567516480676,1.5111606129441715,1.2114441867577408,1.3524400863057664,-0.12657622515889452,0.9688643073851974
-0.2888549722267022,-0.999707217092246,0.9962004831192838,0.4436375257650983,0.8883342127475546,0.19361119536525534,-0.25018073119455647,-0.07929069989765529,0.7575655661456132,0.9952571805099705,0.10108917768023046
-0.8813112666136022,-0.999707217092246,-1.0038140082695195,-1.5259700541722538,-1.3458367772068565,-1.2049762867549931,-1.5216125623940355,-1.0166100818735977,-0.9126590481502016,-1.3803900314946849,-1.4175172993034617
-0.2888549722267022,1.0002928686546901,-1.0038140082695195,-0.23677236548598696,-0.5052575928675731,1.5921986774855037,-0.6467741464310913,0.5046131773988334,-0.592341998833196,-0.21456315893684474,-0.11585460474601128
-0.8813112666136022,-0.999707217092246,0.9962004831192838,-0.6665049283814092,-0.37253456376137045,0.8929049364253795,1.4528380518799753,-0.3097790725146903,-0.40930368493776426,-0.8414700621047398,-0.8286698898608056
-0.8813112666136022,-0.999707217092246,0.9962004831192838,-1.740836335619965,-1.5891623305682279,0.5432580658953174,0.14641268404197827,-1.0627077563970047,-1.1414569405194912,-1.6003573659395605,-1.5414851749755998
-1.473767561000502,-0.999707217092246,0.9962004831192838,0.08552705668557975,-0.5052575928675731,-1.554623157285055,1.3361929297515827,0.08973410668817038,0.3914889383547497,0.2473682433973938,0.2560490222704031
-1.473767561000502,1.0002928686546901,0.9962004831192838,-0.4516386469336981,-0.5052575928675731,0.19361119536525534,-0.6351096342182521,-0.6478286856863417,0.34572935988089176,-0.08258275826991944,-0.5807341385165293
0.8960576165470977,1.0002928686546901,-1.0038140082695195,0.15714915050148345,-0.317233301633786,-0.855329416224931,0.8346189045994945,0.8272968990626824,-0.5237026311224091,0.5113290447312444,-0.2088305115001149
-1.473767561000502,1.0002928686546901,0.9962004831192838,0.8017479948446169,1.430286581597882,-0.15603567516480676,0.4321932332565401,0.950224031125101,-0.8668994696763437,0.12638620945271228,1.2168000587294736
-0.8813112666136022,-0.999707217092246,0.9962004831192838,0.6585038072128094,0.7887919409179026,0.8929049364253795,0.4321932332565401,1.5187620169137874,-1.1185771512825624,0.676304545564901,1.2477920276475083
-0.2888549722267022,-0.999707217092246,-1.0038140082695195,-0.16515027167008323,-0.04072699099586385,-0.855329416224931,-1.1016901227318223,0.8272968990626824,0.4143687275916787,0.10438947600822474,0.2560490222704031
1.4885139109339978,1.0002928686546901,-1.0038140082695195,1.6254020737275094,1.319684057342713,-0.5056825456948688,-0.028554999150610594,2.7633992290457767,-0.08898663562075868,1.2812147152883087,2.5804466911229933
-0.8813112666136022,-0.999707217092246,0.9962004831192838,1.3747247453718465,0.6671291642372169,-0.5056825456948688,0.6829802458325841,-0.32514496402249266,0.9634836692779739,0.9512637136209954,0.9068803695491283
0.8960576165470977,1.0002928686546901,0.9962004831192838,0.22877124431738718,-0.0849680006979314,0.19361119536525534,0.26889006227679046,1.0731511631875197,0.8262049338564001,-0.24755825910357607,-0.08486263582797675
0.8960576165470977,-0.999707217092246,-1.0038140082695195,-1.5975921479881574,-1.4785598063130592,-0.855329416224931,1.4703348201992341,-1.1395372139360163,-0.8897792589132726,-1.4353818651059038,-1.2935494236313236
-0.8813112666136022,-0.999707217092246,-1.0038140082695195,0.40782647885714646,0.4791048730034298,0.19361119536525534,1.4353412835607162,0.2433930217661937,-0.4779430526485512,0.016402542230274538,-0.3018064182542185
0.8960576165470977,-0.999707217092246,-1.0038140082695195,-0.09352817785417952,-0.12920901039999894,-1.554623157285055,0.5605028675977719,0.5814426349378451,-0.7525005234916988,0.027400908952518316,-0.11585460474601128
0.8960576165470977,-0.999707217092246,-1.0038140082695195,1.3031026515559427,1.8726966786185575,-0.5056825456948688,-1.1775094521152776,0.21266123875058904,2.7481072297584337,2.150085686345567,-0.053870666909942216
-0.8813112666136022,-0.999707217092246,0.9962004831192838,1.0524253232002798,1.7067928922358042,0.5432580658953174,-1.7315737822251422,0.7965651160470777,1.8557954495182039,0.9622620803432391,0.5659687114507485
1.4885139109339978,-0.999707217092246,0.9962004831192838,-0.4158276000257462,-0.6822216316758433,-0.5056825456948688,-1.5099480501811964,-0.4019744215615043,0.4143687275916787,-0.6764945612710833,0.07009720876219591
-1.473767561000502,1.0002928686546901,0.9962004831192838,-0.4158276000257462,-0.6158601171227419,-0.15603567516480676,1.0737414049626992,0.3663201538286124,-0.660981366543983,-0.4675255935484516,-0.332798387172253
-1.473767561000502,-0.999707217092246,0.9962004831192838,1.4105357922797983,1.9058774358951083,-0.15603567516480676,1.7269540888816977,1.4265666678669735,0.18557083522238896,0.6103143452314383,1.4027518722376808
-0.2888549722267022,-0.999707217092246,-1.0038140082695195,0.26458229122533905,-0.20663077737861715,-1.2049762867549931,1.627805735072564,0.13583178121157738,0.09405167827467309,0.3793486440643191,-0.14684657366404583
1.4885139109339978,1.0002928686546901,-1.0038140082695195,0.7301259010287131,0.5012253778544636,-0.5056825456948688,-0.5651225609412165,-0.03319302537424829,0.13981125674853104,1.116239214454652,1.4957277789917844
-0.2888549722267022,-0.999707217092246,-1.0038140082695195,-0.2725834123939388,-0.6379806219737757,-1.554623157285055,-0.6642709147503502,0.535344960414438,0.7118059876717553,-0.4565272268262078,-0.85966185877884
-0.8813112666136022,1.0002928686546901,0.9962004831192838,-1.740836335619965,-1.6334033402702954,-0.855329416224931,0.9862575633664049,-1.1088054309204116,-1.1185771512825624,-1.6003573659395605,-1.5414851749755998
-0.8813112666136022,1.0002928686546901,0.9962004831192838,0.8375590417525687,0.9657559797261728,-1.2049762867549931,0.5138448187464149,2.0412023281790668,1.3524400863057664,1.2042261482326022,0.19406508443433404
0.8960576165470977,1.0002928686546901,0.9962004831192838,-0.5590717876575536,-0.5384383501441238,-0.15603567516480676,-1.5274448185004552,0.2280271302583914,0.13981125674853104,-0.5115190604374267,-0.14684657366404583
-1.473767561000502,-0.999707217092246,0.9962004831192838,0.08552705668557975,-0.018606486144830077,-1.554623157285055,1.7561153694137959,-0.893682949811179,-0.660981366543983,0.6433094453981697,0.2560490222704031
-1.473767561000502,1.0002928686546901,0.9962004831192838,-0.7739380691052647,-0.8370651656330796,-0.5056825456948688,-1.626593172309589,0.07436821518036804,0.13981125674853104,-0.6105043609376206,-0.5807341385165293
0.30360132216019775,1.0002928686546901,-1.0038140082695195,0.8375590417525687,0.9104547175985884,0.8929049364253795,0.5896641481298701,1.8107139555620317,-0.4550632634116222,0.6103143452314383,1.2168000587294736
1.4885139109339978,-0.999707217092246,0.9962004831192838,-1.2036706320006871,-0.9587279423137655,0.5432580658953174,-0.069380791895548,-0.9858782988579929,-0.9126590481502016,-0.9624520960494214,-1.0766056412050817
0.30360132216019775,1.0002928686546901,-1.0038140082695195,-1.3827258665404463,-1.1799329908241032,-0.855329416224931,1.283702624793806,-0.939780624334586,-0.8897792589132726,-1.182419430494297,-1.262557454713289
-0.2888549722267022,1.0002928686546901,-1.0038140082695195,-0.9529933036450241,-0.704342136526877,1.2425518069554415,-1.0375353055612064,-0.663194577194144,-0.7982601019655567,-0.9294569958826902,-1.1075976101231164
0.8960576165470977,-0.999707217092246,-1.0038140082695195,-1.6692142418040612,-1.5891623305682279,0.8929049364253795,0.5021803065335756,-1.078073647904807,-1.0728175728087044,-1.523368798883854,-1.3555333614673926
1.4885139109339978,-0.999707217092246,0.9962004831192838,0.4794485726730502,0.5344061351310142,0.19361119536525534,-0.028554999150610594,-1.1395372139360163,-0.660981366543983,0.14838294289719983,0.16307311551629952
-0.2888549722267022,1.0002928686546901,-1.0038140082695195,-0.6306938814734574,-0.38359481618688734,0.5432580658953174,-0.9325546956456531,-0.5402674451317253,0.29996978140703384,-0.7534831283267897,-1.0146217033690128
-0.2888549722267022,-0.999707217092246,0.9962004831192838,1.2314805577400392,1.839515921342007,-0.855329416224931,0.6713157336197448,1.4572984508825781,-0.9355388373871306,1.2592179818438212,0.19406508443433404
1.4885139109339978,-0.999707217092246,-1.0038140082695195,0.8017479948446169,1.2201417855130612,-0.15603567516480676,0.8871092095572711,-0.939780624334586,1.6498773463858432,1.270216348566065,1.6816795924999917
-0.2888549722267022,-0.999707217092246,-1.0038140082695195,-1.6334031948961094,-1.5117405635896097,-1.554623157285055,1.6861282961367603,-0.9244147328267837,-1.0728175728087044,-1.5013720654393663,-1.3555333614673926
-0.2888549722267022,-0.999707217092246,-1.0038140082695195,-0.057717130946227664,0.26896007691860896,-0.855329416224931,1.5228251251570106,0.9348581396172987,0.5745272522501814,-0.2695549925480636,0.19406508443433404
-0.2888549722267022,-0.999707217092246,-1.0038140082695195,-1.3111037727245427,-1.1578124859730694,-1.2049762867549931,-1.422464208584902,-0.8322193837799696,-1.0041782050979176,-1.182419430494297,-1.1075976101231164
-0.2888549722267022,-0.999707217092246,0.9962004831192838,0.12133810359353162,-0.09602825312344829,0.5432580658953174,-0.7109289636017072,0.4124178283520194,-0.9812984158609885,-0.44552886010396403,0.16307311551629952
0.8960576165470977,-0.999707217092246,0.9962004831192838,0.4794485726730502,0.7224304263648014,-0.15603567516480676,-1.2533287814987326,1.3804689933435663,0.7346857769086843,-0.00559419121421301,0.22505705335236859
-0.2888549722267022,-0.999707217092246,0.9962004831192838,-0.6306938814734574,-0.9366074374627317,-0.5056825456948688,1.4353412835607162,-0.9551465158423883,-0.08898663562075868,-0.3135484594370387,-0.5497421695984948
-1.473767561000502,1.0002928686546901,0.9962004831192838,1.0524253232002798,0.6560689118117,-0.855329416224931,-1.7082447577994637,1.319005427312357,1.558358189438127,1.4351918493997216,1.1548161208934047
-1.473767561000502,1.0002928686546901,-1.0038140082695195,-1.0962374912768316,-1.1578124859730694,-1.554623157285055,1.2895348809002256,-0.43270620457710895,-1.0270579943348466,-0.7974765952157647,-1.1695815479591853
1.4885139109339978,1.0002928686546901,-1.0038140082695195,1.1956695108320872,0.4791048730034298,-0.855329416224931,1.2603736003681274,-0.340510855530295,-0.569462209596267,0.973260447065483,0.6899365871228866
0.8960576165470977,1.0002928686546901,-1.0038140082695195,1.6612131206354614,1.82845566891649,-0.15603567516480676,-1.498283537968357,-1.0473418648892023,-1.1185771512825624,2.370053020790442,2.1775510951885444
-0.2888549722267022,-0.999707217092246,-1.0038140082695195,0.5510706664889539,-0.2287512822296509,1.5921986774855037,1.6686315278175015,0.5199790689066357,-0.15762600333154558,0.5993159785091946,0.38001689794254123
-0.8813112666136022,1.0002928686546901,0.9962004831192838,-0.4158276000257462,-0.8149446607820459,0.5432580658953174,-1.4574577452234196,0.5660767434300428,-1.0270579943348466,-0.3685402930482576,-0.42577429392635663
-0.2888549722267022,-0.999707217092246,-1.0038140082695195,0.40782647885714646,0.19153830993999077,0.19361119536525534,0.9046059778765301,-0.801487600764365,-0.18050579256847454,0.016402542230274538,0.9068803695491283
-1.473767561000502,-0.999707217092246,0.9962004831192838,-0.7739380691052647,-0.8813061753351472,0.8929049364253795,-1.5566060990325534,-0.6017310111629346,0.16269104598546,-0.8304716953824961,-0.42577429392635663
-0.2888549722267022,-0.999707217092246,0.9962004831192838,1.5537799799116059,1.6404313776827029,0.8929049364253795,-0.19769042623677985,-0.9705124073501906,-0.24914516027926148,1.4351918493997216,1.2477920276475083
-0.8813112666136022,1.0002928686546901,-1.0038140082695195,-1.239481678908639,-1.0582702141434175,-0.855329416224931,1.441173539667136,-1.0627077563970047,-0.5008228418854801,-1.1604226970498093,-1.1695815479591853
-0.8813112666136022,1.0002928686546901,-1.0038140082695195,1.732835214451365,2.602673338702672,-0.855329416224931,0.4146964649372812,1.826079847069834,1.741396503333559,2.2710677202902483,0.47299280469664484
0.30360132216019775,1.0002928686546901,0.9962004831192838,1.3747247453718465,0.6339484069606662,-0.855329416224931,1.5169928690505912,0.32022247930520537,2.633708283573789,1.556173883344403,1.8986233749262333
-0.2888549722267022,1.0002928686546901,0.9962004831192838,-1.1678595850927351,-1.279475262653755,-1.2049762867549931,-1.4924512818619375,-0.6324627941785393,-0.8897792589132726,-0.984448829493909,-1.0766056412050817
0.30360132216019775,1.0002928686546901,-1.0038140082695195,-1.239481678908639,-1.312656019930306,-0.5056825456948688,0.05892884244568384,-0.43270620457710895,-1.1185771512825624,-1.0064455629383966,-1.2935494236313236
-1.473767561000502,-0.999707217092246,-1.0038140082695195,-1.6334031948961094,-1.5449213208661605,0.5432580658953174,-0.25018073119455647,-1.0166100818735977,-1.1414569405194912,-1.468376965272635,-1.3865253303854272
0.8960576165470977,-0.999707217092246,0.9962004831192838,-1.2036706320006871,-0.9587279423137655,1.5921986774855037,0.2163997573190138,-0.893682949811179,-0.9355388373871306,-0.984448829493909,-0.8286698898608056
0.8960576165470977,-0.999707217092246,0.9962004831192838,-1.1678595850927351,-1.0361497092923837,0.5432580658953174,-1.7140770139058834,-1.0627077563970047,-0.3864238957008353,-1.2704063642722472,-0.9216457966149092
0.30360132216019775,-0.999707217092246,0.9962004831192838,-1.3111037727245427,-1.0803907189944513,1.5921986774855037,-1.719909270012303,-0.893682949811179,-0.8440196804394147,-1.3473949313279536,-1.2935494236313236
-0.8813112666136022,-0.999707217092246,0.9962004831192838,0.6226927603048575,0.26896007691860896,0.5432580658953174,-1.4866190257555179,-0.3097790725146903,0.13981125674853104,0.3243568104531002,0.8448964317130593
0.8960576165470977,1.0002928686546901,0.9962004831192838,-1.5259700541722538,-1.3679572820578902,0.8929049364253795,0.26889006227679046,-1.0166100818735977,-0.8211398912024858,-1.413385131661416,-1.3555333614673926
-0.2888549722267022,1.0002928686546901,0.9962004831192838,0.3720154319491946,0.4680446205779129,-0.5056825456948688,-1.2824900620308308,-0.340510855530295,1.3295602970688374,-0.09358112499216321,-0.2708144493361839
-0.2888549722267022,1.0002928686546901,-1.0038140082695195,0.08552705668557975,-0.4720768355910224,-0.855329416224931,0.2805545744896297,1.088517054695322,-0.3406643172269774,0.39034701078656286,-0.5497421695984948
0.30360132216019775,1.0002928686546901,0.9962004831192838,0.3003933381332909,0.6007676496841156,-0.15603567516480676,1.0387478683241815,-0.8629511667955743,-0.08898663562075868,0.6653061788426573,0.4420008357786103
-0.8813112666136022,-0.999707217092246,-1.0038140082695195,0.9449921824764242,0.21365881479102455,0.5432580658953174,0.023935305807166067,0.5507108519222403,1.6269975571489141,1.6661575505668407,0.6589446182048521
1.4885139109339978,-0.999707217092246,0.9962004831192838,0.7301259010287131,0.5454663875565311,-1.2049762867549931,0.5896641481298701,1.4419325593747758,-0.4779430526485512,0.049397642397005864,-0.14684657366404583
1.4885139109339978,1.0002928686546901,0.9962004831192838,-0.6306938814734574,-0.8149446607820459,0.8929049364253795,0.19307073289333532,0.1511976727193797,-1.0270579943348466,-0.8854635289937149,-0.02287869799190768
1.4885139109339978,-0.999707217092246,0.9962004831192838,0.6585038072128094,0.14729730023792323,-0.855329416224931,-0.885896646794296,-0.524901553623923,-1.0499377835717754,-0.11557785843665076,0.5039847736146794
1.4885139109339978,1.0002928686546901,0.9962004831192838,1.267291604647991,1.5187686010020172,-0.5056825456948688,-0.48347097545134166,0.3663201538286124,-0.7296207342547698,1.655159183844597,0.5659687114507485
0.8960576165470977,1.0002928686546901,0.9962004831192838,-0.6306938814734574,-0.5052575928675731,-0.5056825456948688,-0.7809160368787428,-1.078073647904807,-0.13474621409461662,-0.8634667955492275,-0.6737100452706329
0.8960576165470977,1.0002928686546901,-1.0038140082695195,-0.38001655311779436,-0.007546233719313188,-0.5056825456948688,1.172889758771833,0.18192945573498437,0.43724851682860766,-0.3245468261592825,-0.17783854258208034
1.4885139109339978,1.0002928686546901,0.9962004831192838,1.482157886095702,2.337227280490267,-1.554623157285055,0.3272126233409868,-0.6939263602097486,-0.8668994696763437,1.8751265182894723,1.1548161208934047
0.30360132216019775,1.0002928686546901,-1.0038140082695195,-0.6665049283814092,-0.4831370880165393,-1.2049762867549931,1.3653542102836806,-0.755389926240958,-0.9126590481502016,-0.7094896614378146,-0.735693983106702
-1.473767561000502,1.0002928686546901,0.9962004831192838,-0.9171822567370722,-0.5826793598461912,-0.855329416224931,0.14058042793555864,-0.23294961497567862,-0.7296207342547698,-0.984448829493909,-0.9836297344509782
-1.473767561000502,-0.999707217092246,-1.0038140082695195,-0.057717130946227664,0.36850234874826093,-0.5056825456948688,0.3505416477666653,0.19729534724278672,-0.7525005234916988,-0.04958765810318811,-0.02287869799190768
0.8960576165470977,1.0002928686546901,-1.0038140082695195,1.6970241675434132,1.5740698631296015,-0.5056825456948688,-0.04021951136344985,3.3165713233266607,2.679467862047647,2.282066087012492,1.2477920276475083
-0.2888549722267022,1.0002928686546901,-1.0038140082695195,-0.021906084038275812,-0.05178724342138073,0.19361119536525534,1.3886832347093592,-0.8168534922721673,0.5058878845393946,-0.37953865977050133,-0.053870666909942216
-1.473767561000502,1.0002928686546901,-1.0038140082695195,-0.5590717876575536,-0.41677557346343796,0.8929049364253795,1.3886832347093592,-0.5863651196551323,-0.660981366543983,-0.5665108940486455,-0.7047020141886674
0.30360132216019775,-0.999707217092246,-1.0038140082695195,0.3003933381332909,-0.0849680006979314,-0.15603567516480676,-1.1133546349446617,-0.7861217092565627,0.025412310563886178,0.8632767798430452,-0.3947823250083221
0.30360132216019775,-0.999707217092246,0.9962004831192838,1.5895910268195577,1.1648405233854768,1.2425518069554415,-0.8917289029007157,1.4419325593747758,1.9701943957028487,1.556173883344403,1.588703685745888
0.30360132216019775,-0.999707217092246,0.9962004831192838,-0.5590717876575536,-0.5494986025696407,0.19361119536525534,0.26889006227679046,0.44314961136762404,0.16269104598546,-0.5665108940486455,-0.797677920942771
1.4885139109339978,-0.999707217092246,0.9962004831192838,-0.2009613185780351,-0.39465506861240424,1.5921986774855037,-1.7082447577994637,-0.41734031306930663,-0.7067409450178409,-0.3575419263260138,0.22505705335236859
-0.2888549722267022,1.0002928686546901,-1.0038140082695195,1.1956695108320872,1.2312020379385782,-1.2049762867549931,-1.0491998177740456,2.363886049842916,0.6660464091978974,1.5451755166221592,0.38001689794254123
-0.2888549722267022,-0.999707217092246,0.9962004831192838,-0.2725834123939388,0.0919960381103388,0.5432580658953174,0.14058042793555864,0.35095426232081006,0.3914889383547497,0.2033747765084187,-0.14684657366404583
0.30360132216019775,1.0002928686546901,0.9962004831192838,-1.705025288712013,-1.6112828354192616,-0.15603567516480676,-0.4893032315577613,-1.1088054309204116,-1.0956973620456334,-1.5563638990505853,-1.4795012371395309
1.4885139109339978,1.0002928686546901,0.9962004831192838,0.6226927603048575,0.4238036108758454,-0.5056825456948688,1.5519864056891088,0.30485658779740304,0.5058878845393946,1.0832441142879208,0.4110088668605758
1.4885139109339978,1.0002928686546901,0.9962004831192838,-0.6306938814734574,-0.8149446607820459,-0.5056825456948688,-1.6849157333737852,-0.6939263602097486,-0.24914516027926148,-0.7534831283267897,-0.2398224804181494
0.30360132216019775,1.0002928686546901,-1.0038140082695195,0.8733700886605206,1.4524070864489158,0.19361119536525534,-1.3524771353078664,0.258758913273996,1.4439592432534822,0.8302816796763138,0.6279526492868175
-0.8813112666136022,1.0002928686546901,0.9962004831192838,1.4463468391877503,1.7952749116399394,-1.2049762867549931,-1.719909270012303,1.0116875971563104,2.679467862047647,1.655159183844597,1.4337438411557153
-0.8813112666136022,1.0002928686546901,0.9962004831192838,0.19296019740943532,0.3132010866206765,-0.15603567516480676,-0.39598713385504725,-0.15612015743666696,0.917724090804116,0.5113290447312444,1.061840214139301
-0.2888549722267022,-0.999707217092246,-1.0038140082695195,0.0497160097776279,0.02563452355723747,-0.5056825456948688,0.34470939166024567,-0.9705124073501906,0.5745272522501814,-0.25855662582581984,-0.5497421695984948
-0.2888549722267022,-0.999707217092246,-1.0038140082695195,1.6254020737275094,0.8109124457689364,1.2425518069554415,1.4703348201992341,-0.017827133866445955,2.565068915863002,1.0062555472322143,2.394494877614786
0.30360132216019775,-0.999707217092246,-1.0038140082695195,-1.3111037727245427,-1.3237162723558227,-0.5056825456948688,0.8987737217701104,-0.8168534922721673,-0.6838611557809119,-1.2704063642722472,-0.9216457966149092
0.8960576165470977,-0.999707217092246,0.9962004831192838,-0.7739380691052647,-1.0250894568668667,1.2425518069554415,0.12891591572271938,-1.124171322428214,-0.4321834741746932,-0.7314863948823022,-0.45676626284439115
0.30360132216019775,1.0002928686546901,-1.0038140082695195,-0.7739380691052647,-0.9808484471647992,-0.5056825456948688,0.28638683059604936,-0.6324627941785393,-0.36354410646390634,-0.8304716953824961,-1.1075976101231164
-1.473767561000502,-0.999707217092246,-1.0038140082695195,1.6612131206354614,1.8173954164909731,1.2425518069554415,0.047264330232844584,2.579008530952149,0.6660464091978974,1.8971232517339598,0.7829124938769902
0.8960576165470977,1.0002928686546901,-1.0038140082695195,-0.7739380691052647,-0.43889607831447175,-0.15603567516480676,0.8462834168123338,-0.1407542659288646,-0.2262653710423325,-0.8634667955492275,-1.0456136722870473
1.4885139109339978,1.0002928686546901,-1.0038140082695195,-0.9171822567370722,-0.704342136526877,-0.15603567516480676,0.9920898194728245,-0.5863651196551323,-0.7753803127286277,-0.7644814950490335,-0.7047020141886674
-1.473767561000502,1.0002928686546901,0.9962004831192838,-1.0962374912768316,-0.9144869326116979,-1.2049762867549931,-1.1366836593703402,-0.4019744215615043,-0.7753803127286277,-1.2044161639387845,-0.6117261074345638
0.30360132216019775,-0.999707217092246,0.9962004831192838,0.08552705668557975,0.30214083419515964,-1.554623157285055,-0.1102065846404854,0.4124178283520194,0.3228495706439628,-0.39053702649274513,-0.42577429392635663
1.4885139109339978,-0.999707217092246,-1.0038140082695195,0.5510706664889539,0.4016831060248116,-1.2049762867549931,0.2338965256382727,-0.663194577194144,-0.8897792589132726,1.0942424810101645,-0.2088305115001149
-0.8813112666136022,-0.999707217092246,0.9962004831192838,0.9808032293843761,0.11411654296137257,-1.554623157285055,-1.5391093307132946,-0.4019744215615043,0.6660464091978974,1.4901836830109403,0.4420008357786103
0.30360132216019775,1.0002928686546901,0.9962004831192838,1.0524253232002798,1.0210572418537573,0.5432580658953174,-1.1658449399024382,1.779982172546427,0.09405167827467309,0.5993159785091946,2.053583219516406
0.30360132216019775,-0.999707217092246,-1.0038140082695195,0.15714915050148345,0.5122856302799805,0.5432580658953174,1.4819993324120733,-0.03319302537424829,-0.4550632634116222,0.03839927567476209,-0.5807341385165293
1.4885139109339978,1.0002928686546901,0.9962004831192838,1.0524253232002798,1.540889105853051,-1.2049762867549931,0.34470939166024567,0.47388139438322874,0.8262049338564001,1.5011820497331843,-0.11585460474601128
1.4885139109339978,-0.999707217092246,-1.0038140082695195,-0.48744969384164993,-0.8702459229096303,1.2425518069554415,-1.515780306287616,0.2741248047817984,-1.1185771512825624,-0.1375745918811383,0.10108917768023046
0.8960576165470977,1.0002928686546901,-1.0038140082695195,1.5537799799116059,0.556526639982048,-0.15603567516480676,1.1903865270910918,2.6558379884911605,-0.9126590481502016,2.1170905861788354,-0.053870666909942216
-1.473767561000502,1.0002928686546901,-1.0038140082695195,0.22877124431738718,0.6781894166627338,-1.2049762867549931,0.5721673798106112,-0.6939263602097486,0.4143687275916787,0.5333257781757319,0.16307311551629952
-0.2888549722267022,1.0002928686546901,-1.0038140082695195,1.3389136984638947,0.4238036108758454,0.5432580658953174,0.22223201342543344,0.950224031125101,2.0388337634136358,1.31420981545504,0.3490249290245067
0.8960576165470977,1.0002928686546901,-1.0038140082695195,-0.8813712098291203,-0.704342136526877,-0.15603567516480676,0.48468353821431676,-0.46343798759271365,-0.0661068463838297,-0.5335157938819142,-1.0456136722870473
-1.473767561000502,-0.999707217092246,0.9962004831192838,0.4794485726730502,0.19153830993999077,0.8929049364253795,0.9337672584086282,1.3343713188201594,0.4830080953024656,0.005404175508030765,-0.5807341385165293
0.30360132216019775,-0.999707217092246,0.9962004831192838,1.4105357922797983,1.9611786980226926,-0.855329416224931,0.33887713555382604,0.3663201538286124,-1.0041782050979176,1.5451755166221592,2.1775510951885444
-0.8813112666136022,1.0002928686546901,0.9962004831192838,-1.3469148196324945,-1.1799329908241032,0.5432580658953174,0.46718676989505786,-0.7400240347331556,-0.660981366543983,-1.2594079975500034,-1.0456136722870473
0.8960576165470977,1.0002928686546901,0.9962004831192838,0.15714915050148345,-0.19557052495310026,-0.15603567516480676,1.6394702472854032,-1.1088054309204116,-0.9584186266240595,0.5223274114534882,-0.6737100452706329
-0.2888549722267022,-0.999707217092246,-1.0038140082695195,-1.2036706320006871,-1.0472099617179005,-0.15603567516480676,0.018103049700746436,-0.4019744215615043,-0.5237026311224091,-1.1714210637720532,-0.9836297344509782
0.30360132216019775,1.0002928686546901,0.9962004831192838,-1.6334031948961094,-1.489620058738576,-1.2049762867549931,1.3128639053259041,-1.078073647904807,-1.0041782050979176,-1.5123704321616103,-1.4175172993034617
0.30360132216019775,-0.999707217092246,-1.0038140082695195,1.3389136984638947,0.5786471448330818,-0.5056825456948688,-0.6759354269631894,-0.663194577194144,1.4668390324904113,1.4351918493997216,2.115567157352475
0.8960576165470977,-0.999707217092246,0.9962004831192838,1.6970241675434132,0.7666714360668688,-1.2049762867549931,-1.3699739036271252,1.4265666678669735,1.3981996647796244,1.2482196151215774,0.7209285560409211
-0.8813112666136022,1.0002928686546901,-1.0038140082695195,-0.3442055062098425,-0.2619320395062016,-0.5056825456948688,1.0562446366434404,0.10509999819597271,-0.9812984158609885,-0.11557785843665076,0.2560490222704031
-1.473767561000502,1.0002928686546901,-1.0038140082695195,-1.705025288712013,-1.578102078142711,1.5921986774855037,-0.950051463964912,-1.1549031054438186,-1.0499377835717754,-1.6003573659395605,-1.4795012371395309
-0.8813112666136022,1.0002928686546901,-1.0038140082695195,0.08552705668557975,0.29108058176964274,0.19361119536525534,1.69196055224318,1.1960782952499385,-1.0270579943348466,-0.02759092465870056,0.5659687114507485
-0.2888549722267022,1.0002928686546901,0.9962004831192838,1.0524253232002798,1.430286581597882,1.2425518069554415,0.968760795047146,2.5329108564287415,1.2609209293580506,0.2803633435641251,0.9998562763032319
1.4885139109339978,1.0002928686546901,-1.0038140082695195,0.515259619581002,0.36850234874826093,-1.2049762867549931,1.7036250644560191,0.9348581396172987,-0.3864238957008353,0.9292669801765079,0.6589446182048521
0.8960576165470977,1.0002928686546901,-1.0038140082695195,-0.4516386469336981,-0.11814875797448206,-0.5056825456948688,0.7471350630032001,-0.5556333366395276,-0.020347267909971763,-0.7644814950490335,0.13208114659826498
0.8960576165470977,-0.999707217092246,-1.0038140082695195,1.016614276292328,1.7952749116399394,-0.5056825456948688,0.5779996359170309,1.3804689933435663,1.4668390324904113,1.4901836830109403,0.03910523984416139
-1.473767561000502,-0.999707217092246,0.9962004831192838,0.6943148541207613,-0.12920901039999894,-1.2049762867549931,0.6013286603427094,0.2280271302583914,-0.4321834741746932,0.6873029122871448,0.8139044627950247
0.30360132216019775,1.0002928686546901,-1.0038140082695195,1.3389136984638947,1.0763585039813417,0.8929049364253795,0.403031952724442,1.4112007763591712,2.7938668082322917,1.6331624504001094,1.7126715614180261
0.30360132216019775,-0.999707217092246,0.9962004831192838,0.8375590417525687,0.3463818438972272,-1.2049762867549931,-1.4632900013298393,1.042419380171915,1.741396503333559,0.30236007700861267,1.4957277789917844
0.8960576165470977,1.0002928686546901,-1.0038140082695195,-1.5975921479881574,-1.489620058738576,0.19361119536525534,-0.950051463964912,-1.0934395394126093,-1.1414569405194912,-1.4793753319948788,-1.324541392549358
-1.473767561000502,1.0002928686546901,-1.0038140082695195,-0.9171822567370722,-0.9144869326116979,0.19361119536525534,-0.745922500240225,-0.06392480838985296,-0.2262653710423325,-1.0944324967163468,-1.0766056412050817
1.4885139109339978,1.0002928686546901,0.9962004831192838,0.6226927603048575,0.8440932030454871,0.5432580658953174,-1.264993293711572,1.549493799929392,-0.9812984158609885,0.7202980124538761,0.2560490222704031
-0.2888549722267022,-0.999707217092246,-1.0038140082695195,-1.0962374912768316,-0.9919086995903161,0.8929049364253795,0.5663351237041916,-0.524901553623923,-1.0041782050979176,-1.072435763271859,-1.1385895790411509
-0.2888549722267022,-0.999707217092246,0.9962004831192838,-0.6306938814734574,-0.44995633073998864,1.5921986774855037,1.3070316492194844,-0.4480720960849113,-0.7982601019655567,-0.37953865977050133,-0.6427180763525984
0.30360132216019775,1.0002928686546901,-1.0038140082695195,-1.5617811010802056,-1.4011380393344408,0.5432580658953174,1.283702624793806,-0.9090488413189813,-0.9126590481502016,-1.4353818651059038,-1.262557454713289
-0.8813112666136022,-0.999707217092246,0.9962004831192838,-1.5975921479881574,-1.4785598063130592,-0.5056825456948688,1.1670575026654133,-1.0012441903657954,-0.9812984158609885,-1.42438349838366,-1.2935494236313236
-0.2888549722267022,1.0002928686546901,0.9962004831192838,-0.9888043505529759,-0.6822216316758433,-0.855329416224931,-0.09270981632122652,-0.6017310111629346,-0.8440196804394147,-0.9074602624382025,-0.48775823176242566
1.4885139109339978,1.0002928686546901,-1.0038140082695195,-0.8097491160132166,-0.7707036510799784,0.5432580658953174,0.09392237908420162,-0.017827133866445955,-0.3864238957008353,-0.9294569958826902,-0.7047020141886674
0.8960576165470977,-0.999707217092246,-1.0038140082695195,-1.0246153974609278,-0.7264626413779108,-0.855329416224931,0.012270793594326809,-0.7400240347331556,-0.4779430526485512,-0.9294569958826902,-0.5187502006804602
-0.8813112666136022,-0.999707217092246,-1.0038140082695195,-0.3442055062098425,-0.5384383501441238,0.19361119536525534,-1.3699739036271252,0.30485658779740304,0.25421020293317587,-0.02759092465870056,-0.6737100452706329
0.8960576165470977,1.0002928686546901,0.9962004831192838,-0.30839445930189063,0.0809357856848219,0.5432580658953174,-1.3058190864565093,-0.04855891688205062,0.6660464091978974,0.11538784273046851,-0.6117261074345638
-0.2888549722267022,-0.999707217092246,0.9962004831192838,0.5510706664889539,-0.018606486144830077,1.2425518069554415,-0.7517547563466446,-0.9705124073501906,-0.043227057146900734,0.335355177175344,0.6279526492868175
-1.473767561000502,1.0002928686546901,-1.0038140082695195,1.3031026515559427,1.6625518825337366,-0.15603567516480676,-0.885896646794296,1.0270534886641127,2.2447518665459962,1.4351918493997216,0.3490249290245067
-0.8813112666136022,-0.999707217092246,-1.0038140082695195,1.1598584639241354,1.0763585039813417,-0.15603567516480676,0.25139329395753157,0.6121744179534497,2.3820306019675703,0.7092996457316324,0.2560490222704031
-1.473767561000502,-0.999707217092246,0.9962004831192838,1.2314805577400392,2.0496607174268275,-0.15603567516480676,-0.6759354269631894,1.7338844980230201,0.8948443015671871,1.5231787831776717,2.2395350330246133
-0.2888549722267022,1.0002928686546901,0.9962004831192838,-1.740836335619965,-1.6002225829937449,0.8929049364253795,0.24556103785111197,-1.0627077563970047,-1.0956973620456334,-1.6003573659395605,-1.5104932060575653
0.8960576165470977,-0.999707217092246,-1.0038140082695195,-0.7023159752893611,-0.9808484471647992,-1.2049762867549931,-1.3349803669886076,0.16656356422718205,-0.20338558180540353,-0.6984912947155708,-0.6737100452706329
1.4885139109339978,-0.999707217092246,0.9962004831192838,0.12133810359353162,0.6671291642372169,1.5921986774855037,0.7879608557481375,-0.03319302537424829,-0.7296207342547698,-0.4015353932149889,0.7829124938769902
-1.473767561000502,1.0002928686546901,0.9962004831192838,-0.021906084038275812,-0.029666738570346962,0.19361119536525534,-0.13936786517258354,0.81193100755488,-0.7982601019655567,-0.3135484594370387,0.5039847736146794
1.4885139109339978,-0.999707217092246,0.9962004831192838,0.8733700886605206,1.253322542789612,0.19361119536525534,-0.5067999998770202,1.3804689933435663,-0.4779430526485512,0.9402653468987516,0.3180329601064722
-0.8813112666136022,1.0002928686546901,0.9962004831192838,-1.705025288712013,-1.6112828354192616,-0.5056825456948688,1.266205856474547,-1.0627077563970047,-1.0728175728087044,-1.5453655323283415,-1.4795012371395309
0.8960576165470977,-0.999707217092246,-1.0038140082695195,-0.4158276000257462,-0.28405254435723537,-0.5056825456948688,-0.26767749951381536,0.10509999819597271,-0.569462209596267,-0.3135484594370387,-0.14684657366404583
0.30360132216019775,1.0002928686546901,0.9962004831192838,-1.0962374912768316,-0.9144869326116979,-0.855329416224931,1.3711864663901003,-0.8168534922721673,-0.5008228418854801,-0.9624520960494214,-0.6117261074345638
0.30360132216019775,1.0002928686546901,0.9962004831192838,0.26458229122533905,-0.11814875797448206,0.19361119536525534,0.811289880173816,0.6429062009690544,-0.13474621409461662,0.027400908952518316,1.061840214139301
0.30360132216019775,-0.999707217092246,-1.0038140082695195,-0.6665049283814092,-0.5605588549951576,1.5921986774855037,0.6129931725555486,-0.6324627941785393,-0.043227057146900734,-0.6764945612710833,-0.332798387172253
0.8960576165470977,1.0002928686546901,0.9962004831192838,1.0524253232002798,0.4459241157268792,1.2425518069554415,0.48468353821431676,-0.7707558177487603,0.8948443015671871,0.4233421109532942,0.10108917768023046
-0.2888549722267022,-0.999707217092246,0.9962004831192838,-0.8097491160132166,-0.7485831462289446,-0.15603567516480676,-0.37849036553578835,0.12046588970377504,-0.043227057146900734,-0.5005206937151829,-1.0766056412050817
1.4885139109339978,1.0002928686546901,-1.0038140082695195,0.19296019740943532,0.26896007691860896,0.5432580658953174,-0.8800643906878765,-0.1253883744210623,-0.3406643172269774,0.4123437442310504,0.5659687114507485
-0.8813112666136022,-0.999707217092246,-1.0038140082695195,1.6612131206354614,0.9436354748751391,-0.855329416224931,1.6103089667533053,0.6121744179534497,2.1532327095982806,2.524030154901855,1.6816795924999917
0.8960576165470977,-0.999707217092246,0.9962004831192838,-0.5590717876575536,-0.4941973404420562,-0.5056825456948688,1.656967015604662,-1.124171322428214,-0.615221788070125,-0.7424847616045459,-0.9216457966149092
-0.2888549722267022,-0.999707217092246,-1.0038140082695195,0.9091811355684725,1.065298251555825,0.19361119536525534,-0.20352268234319948,0.9963217056485081,0.2770899921701048,1.0502490141211893,0.5349767425327139
1.4885139109339978,1.0002928686546901,0.9962004831192838,0.515259619581002,0.9657559797261728,-1.554623157285055,-0.5359612804091183,-1.078073647904807,1.1922815616472637,0.08239274256373719,0.9378723384671629
-0.2888549722267022,-0.999707217092246,0.9962004831192838,-0.5232607407496018,-0.6601011268248095,1.2425518069554415,0.5896641481298701,-0.47880387910051597,-0.7296207342547698,-0.4895223269929391,-0.45676626284439115
-0.8813112666136022,1.0002928686546901,-1.0038140082695195,-0.30839445930189063,0.11411654296137257,0.5432580658953174,-1.2125029887537953,-0.2636813979912833,-0.660981366543983,-0.11557785843665076,-0.735693983106702
-1.473767561000502,1.0002928686546901,0.9962004831192838,1.4105357922797983,1.0099969894282403,-0.15603567516480676,0.0006062813814875498,0.8272968990626824,-0.36354410646390634,1.2922130820105524,0.4420008357786103
0.30360132216019775,1.0002928686546901,0.9962004831192838,1.732835214451365,0.5786471448330818,-1.2049762867549931,1.5519864056891088,2.8863263611081953,-0.31778452799004836,2.3480562873459547,2.4254868465328205
-0.8813112666136022,-0.999707217092246,-1.0038140082695195,-0.16515027167008323,0.16941780508895699,0.8929049364253795,-1.1191868910510812,0.8426627905704848,0.2313304136962469,-0.5885076274931331,-0.6737100452706329
0.30360132216019775,-0.999707217092246,-1.0038140082695195,-1.45434796035635,-1.2352342529516875,-0.855329416224931,0.1522449401483979,-1.0473418648892023,-1.1185771512825624,-1.3583932980501974,-1.3865253303854272
0.8960576165470977,-0.999707217092246,0.9962004831192838,-0.5948828345655055,-0.37253456376137045,1.5921986774855037,0.09975463519062125,-0.38660853005370194,-0.3864238957008353,-0.5775092607708893,-0.6427180763525984
1.4885139109339978,1.0002928686546901,0.9962004831192838,-0.7739380691052647,-0.9808484471647992,-0.855329416224931,0.700477014151843,0.059002323672565714,-0.7753803127286277,-0.786478228493521,-1.0456136722870473
-1.473767561000502,-0.999707217092246,0.9962004831192838,0.5510706664889539,0.6671291642372169,1.2425518069554415,-1.2941545742436702,-1.0012441903657954,1.0550028262256899,-0.038589291380944336,1.4027518722376808
0.8960576165470977,1.0002928686546901,0.9962004831192838,-1.0962374912768316,-1.2352342529516875,-0.15603567516480676,0.2163997573190138,-0.8322193837799696,-1.1414569405194912,-1.226412897383272,-1.0146217033690128
0.30360132216019775,1.0002928686546901,-1.0038140082695195,-0.9529933036450241,-0.7707036510799784,-0.15603567516480676,-0.39598713385504725,-0.11002248291325996,-0.7067409450178409,-1.0394406631051278,-0.9216457966149092
-1.473767561000502,1.0002928686546901,0.9962004831192838,1.3389136984638947,1.1537802709599598,-0.15603567516480676,0.6771479897261645,2.732667446030172,-0.569462209596267,2.1720824197900543,1.12382415197537
0.30360132216019775,-0.999707217092246,-1.0038140082695195,1.1598584639241354,1.6957326398102874,-0.15603567516480676,-0.7342579880273857,0.8887604650938917,1.0092432477518318,0.8962718800097765,2.115567157352475
-1.473767561000502,-0.999707217092246,0.9962004831192838,0.6585038072128094,0.20259856236550766,1.5921986774855037,0.0006062813814875498,1.6263232574684037,1.0092432477518318,1.2592179818438212,-0.2088305115001149
-0.8813112666136022,-0.999707217092246,0.9962004831192838,-1.4901590072643018,-1.489620058738576,1.2425518069554415,-0.7867482929851624,-0.9551465158423883,-1.1414569405194912,-1.4573785985503913,-1.324541392549358
0.30360132216019775,-0.999707217092246,-1.0038140082695195,1.1240474170161836,1.4524070864489158,-1.554623157285055,-0.4018193899614669,1.1499806207265315,1.2609209293580506,0.5553225116202195,2.208543064106579
0.8960576165470977,-0.999707217092246,0.9962004831192838,1.016614276292328,1.2975635524916793,0.5432580658953174,-0.8917289029007157,1.595591474452799,0.5287676737763235,0.14838294289719983,0.9998562763032319
-0.8813112666136022,-0.999707217092246,0.9962004831192838,-0.9529933036450241,-0.7596433986544615,-0.855329416224931,0.496348050427156,-0.3097790725146903,-0.3406643172269774,-1.083434129994103,-0.8286698898608056
0.8960576165470977,-0.999707217092246,0.9962004831192838,0.40782647885714646,0.11411654296137257,1.5921986774855037,0.7879608557481375,0.19729534724278672,-0.2262653710423325,-0.060586024825431885,-0.17783854258208034
-0.2888549722267022,1.0002928686546901,-1.0038140082695195,1.1240474170161836,1.7067928922358042,-0.15603567516480676,-1.4924512818619375,0.35095426232081006,1.4897188217273403,0.19237640978617493,0.6279526492868175
-0.8813112666136022,1.0002928686546901,0.9962004831192838,0.9449921824764242,0.4348638633013623,-0.15603567516480676,-1.422464208584902,0.5814426349378451,-0.020347267909971763,0.7422947458983636,0.5039847736146794
-0.2888549722267022,1.0002928686546901,0.9962004831192838,-0.6306938814734574,-0.4941973404420562,-0.5056825456948688,1.2078832954103507,-0.27904728949908564,-1.0041782050979176,-0.4015353932149889,-0.02287869799190768
-0.8813112666136022,1.0002928686546901,0.9962004831192838,-1.5617811010802056,-1.379017534483407,1.5921986774855037,0.4088642088308616,-1.1395372139360163,-0.9126590481502016,-1.3803900314946849,-1.3865253303854272
1.4885139109339978,1.0002928686546901,0.9962004831192838,-1.4185369134483983,-1.2462945053772045,-1.2049762867549931,1.7036250644560191,-0.9858782988579929,-1.0956973620456334,-1.2924030977167347,-1.262557454713289
-0.8813112666136022,-0.999707217092246,-1.0038140082695195,0.9449921824764242,1.3418045621937469,-0.5056825456948688,-0.524296768196279,0.3970519368442171,-0.638101577307054,0.5553225116202195,1.8056474681721297
-0.2888549722267022,1.0002928686546901,0.9962004831192838,-0.16515027167008323,0.35744209632274404,-1.554623157285055,-0.2560129873009761,0.028270540656961045,-0.592341998833196,-0.10457949171440699,-0.2398224804181494
-1.473767561000502,1.0002928686546901,-1.0038140082695195,1.0524253232002798,1.7510339019378718,-0.5056825456948688,1.4470057957735556,-0.4019744215615043,1.0321230369887608,1.5891689835111344,0.22505705335236859
-1.473767561000502,-0.999707217092246,0.9962004831192838,-0.021906084038275812,0.5233458827054973,-0.855329416224931,0.8696124412380123,0.12046588970377504,0.8033251446194711,-0.4235321266594764,-0.6117261074345638
-1.473767561000502,-0.999707217092246,-1.0038140082695195,0.26458229122533905,0.6560689118117,-0.855329416224931,-1.0783610983061438,0.059002323672565714,-0.592341998833196,0.09339110928598096,0.19406508443433404
1.4885139109339978,1.0002928686546901,-1.0038140082695195,-0.09352817785417952,0.036694775982754356,-0.15603567516480676,1.2428768320488686,0.30485658779740304,-0.7982601019655567,0.2913617102863689,-0.45676626284439115
0.30360132216019775,1.0002928686546901,0.9962004831192838,-0.6306938814734574,-0.8481254180585965,1.5921986774855037,-0.07521304800196763,-0.9090488413189813,0.13981125674853104,-0.5115190604374267,-0.6427180763525984
-1.473767561000502,-0.999707217092246,0.9962004831192838,1.1240474170161836,0.4459241157268792,0.8929049364253795,-0.6234451220054128,1.3804689933435663,0.9634836692779739,0.5333257781757319,0.6899365871228866
1.4885139109339978,-0.999707217092246,-1.0038140082695195,0.6226927603048575,0.5897073972585987,-0.15603567516480676,-0.12187109685332466,-1.078073647904807,1.558358189438127,1.3252081821772836,-0.48775823176242566
1.4885139109339978,-0.999707217092246,-1.0038140082695195,1.4105357922797983,1.1869610282365106,-1.2049762867549931,-0.35516134111010983,0.5507108519222403,1.3981996647796244,1.7761412177892786,0.9688643073851974
-0.8813112666136022,-0.999707217092246,-1.0038140082695195,0.8375590417525687,0.4459241157268792,1.5921986774855037,-1.072528842199724,-0.8168534922721673,-0.043227057146900734,1.5451755166221592,0.6279526492868175
0.8960576165470977,-0.999707217092246,0.9962004831192838,0.3720154319491946,-0.17345002010206648,-1.2049762867549931,-1.154180427689599,0.48924728589103106,-0.6838611557809119,0.5883176117869509,-0.332798387172253
-0.2888549722267022,-0.999707217092246,-1.0038140082695195,-1.5617811010802056,-1.4564393014620254,-0.5056825456948688,1.2078832954103507,-0.8629511667955743,-0.8897792589132726,-1.42438349838366,-1.4175172993034617
-1.473767561000502,-0.999707217092246,0.9962004831192838,-0.8097491160132166,-0.8149446607820459,-0.15603567516480676,-1.1308514032639205,0.04363643216476338,-0.569462209596267,-0.8854635289937149,-0.48775823176242566
-0.2888549722267022,1.0002928686546901,0.9962004831192838,-1.1678595850927351,-1.0472099617179005,-1.2049762867549931,1.2253800637296097,-0.9705124073501906,-0.7067409450178409,-0.9734504627716652,-0.797677920942771
-0.8813112666136022,-0.999707217092246,-1.0038140082695195,-0.6665049283814092,-0.8370651656330796,-1.2049762867549931,-0.04021951136344985,-0.6939263602097486,-0.8211398912024858,-0.7754798617712773,-0.08486263582797675
-0.2888549722267022,-0.999707217092246,-1.0038140082695195,-1.5975921479881574,-1.4453790490365084,0.8929049364253795,-1.014206281135528,-1.0166100818735977,-1.0270579943348466,-1.413385131661416,-1.4485092682214962
0.30360132216019775,-0.999707217092246,-1.0038140082695195,1.4463468391877503,0.5233458827054973,-1.554623157285055,0.653818965300486,-0.8168534922721673,2.954025332890794,1.0062555472322143,2.4874707843688895
1.4885139109339978,-0.999707217092246,-1.0038140082695195,-0.2009613185780351,-0.5494986025696407,0.19361119536525534,0.7413028068967804,-0.709292251717551,0.8262049338564001,0.2583666101196376,-0.2398224804181494
-0.2888549722267022,-0.999707217092246,0.9962004831192838,1.4463468391877503,0.6339484069606662,1.5921986774855037,0.19307073289333532,-0.5095356621161207,-1.0499377835717754,1.6331624504001094,2.549454722204959
0.8960576165470977,1.0002928686546901,0.9962004831192838,1.267291604647991,1.2865033000661625,0.19361119536525534,1.1845542709846721,-0.017827133866445955,-0.5008228418854801,1.8641281515672286,2.0845751884344406
-0.8813112666136022,-0.999707217092246,-1.0038140082695195,0.515259619581002,0.36850234874826093,0.8929049364253795,1.2603736003681274,-0.18685194045227163,1.1465219831734057,-0.1925664254923572,-0.3018064182542185
0.8960576165470977,1.0002928686546901,-1.0038140082695195,0.9091811355684725,1.6072506204061523,-0.855329416224931,0.023935305807166067,-0.663194577194144,-0.4779430526485512,1.3911983825107463,1.8676314060081989
-0.2888549722267022,1.0002928686546901,0.9962004831192838,0.013904962869676045,0.5012253778544636,-1.554623157285055,0.7821285996417179,-1.1549031054438186,-0.11186642485768765,-0.24755825910357607,0.38001689794254123
-1.473767561000502,1.0002928686546901,0.9962004831192838,1.1956695108320872,0.8662137078965209,0.5432580658953174,-0.839238597942939,-1.0934395394126093,1.9244348172289907,1.611165716955622,1.3717599033196464
1.4885139109339978,1.0002928686546901,-1.0038140082695195,1.6254020737275094,0.6118279021096324,0.5432580658953174,-0.9150579273263942,2.8094969035691837,1.100762404699548,1.8311330514004973,0.9998562763032319
-0.2888549722267022,1.0002928686546901,0.9962004831192838,-1.2036706320006871,-1.290535515079272,1.5921986774855037,0.5488383553849326,-0.8168534922721673,-0.8211398912024858,-1.1384259636053218,-1.0146217033690128
-0.2888549722267022,-0.999707217092246,-1.0038140082695195,-0.9171822567370722,-0.903426680186181,1.5921986774855037,-0.30267103615233315,-1.0319759733814,-0.8668994696763437,-1.0944324967163468,-0.8286698898608056
1.4885139109339978,1.0002928686546901,0.9962004831192838,0.8733700886605206,-0.018606486144830077,0.5432580658953174,0.36220615997950456,0.7043697670002638,0.18557083522238896,1.6221640836778657,-0.17783854258208034
